[2025-12-07 18:59:19] [INFO] ==================================================
[2025-12-07 18:59:19] [INFO] Momentum Tracker starting...
[2025-12-07 18:59:19] [INFO] Database initialized successfully
[2025-12-07 18:59:25] [INFO] Found 32 Excel files to migrate
[2025-12-07 18:59:26] [INFO] Added activity log: Chilling (15 min) at 2025-11-13 01:01:00
[2025-12-07 18:59:26] [INFO] Added activity log: Chilling (15 min) at 2025-11-13 01:15:00
[2025-12-07 18:59:26] [INFO] Added activity log: Chilling (15 min) at 2025-11-13 01:30:00
[2025-12-07 18:59:26] [INFO] Added activity log: Chilling (15 min) at 2025-11-13 01:52:00
[2025-12-07 18:59:26] [INFO] Added activity log: Chilling (15 min) at 2025-11-13 02:02:00
[2025-12-07 18:59:26] [INFO] Added activity log: Chilling (15 min) at 2025-11-13 02:16:00
[2025-12-07 18:59:26] [INFO] Added activity log: Chilling (15 min) at 2025-11-13 02:34:00
[2025-12-07 18:59:26] [INFO] Added activity log: Chilling (15 min) at 2025-11-13 09:30:00
[2025-12-07 18:59:26] [INFO] Added activity log: Gaming (15 min) at 2025-11-13 11:13:00
[2025-12-07 18:59:26] [INFO] Added activity log: Gaming (15 min) at 2025-11-13 11:13:00
[2025-12-07 18:59:26] [INFO] Added activity log: Gaming (15 min) at 2025-11-13 11:13:00
[2025-12-07 18:59:26] [INFO] Added activity log: Gaming (15 min) at 2025-11-13 11:13:00
[2025-12-07 18:59:26] [INFO] Added activity log: Gaming (15 min) at 2025-11-13 11:13:00
[2025-12-07 18:59:26] [INFO] Added activity log: Chilling (15 min) at 2025-11-13 11:33:00
[2025-12-07 18:59:26] [INFO] Added activity log: Chilling (15 min) at 2025-11-13 11:33:00
[2025-12-07 18:59:26] [INFO] Added activity log: Chilling (15 min) at 2025-11-13 11:54:00
[2025-12-07 18:59:26] [INFO] Added activity log: Chilling (15 min) at 2025-11-13 12:19:00
[2025-12-07 18:59:26] [INFO] Added activity log: Chilling (15 min) at 2025-11-13 12:19:00
[2025-12-07 18:59:26] [INFO] Added activity log: Chilling (15 min) at 2025-11-13 13:13:00
[2025-12-07 18:59:26] [INFO] Added activity log: Gaming (15 min) at 2025-11-13 13:13:00
[2025-12-07 18:59:26] [INFO] Added activity log: Chilling (15 min) at 2025-11-13 13:13:00
[2025-12-07 18:59:26] [INFO] Added activity log: Working (15 min) at 2025-11-13 15:00:00
[2025-12-07 18:59:26] [INFO] Added activity log: Chilling (15 min) at 2025-11-13 15:22:00
[2025-12-07 18:59:26] [INFO] Added activity log: Chilling (15 min) at 2025-11-13 15:30:00
[2025-12-07 18:59:26] [INFO] Added activity log: Chilling (15 min) at 2025-11-13 15:45:00
[2025-12-07 18:59:26] [INFO] Added activity log: Chilling (15 min) at 2025-11-13 16:00:00
[2025-12-07 18:59:26] [INFO] Added activity log: Chilling (15 min) at 2025-11-13 16:15:00
[2025-12-07 18:59:26] [INFO] Added activity log: Working (15 min) at 2025-11-13 16:30:00
[2025-12-07 18:59:26] [INFO] Added activity log: Working (15 min) at 2025-11-13 16:45:00
[2025-12-07 18:59:26] [INFO] Added activity log: Working (15 min) at 2025-11-13 17:00:00
[2025-12-07 18:59:26] [INFO] Added activity log: Working (15 min) at 2025-11-13 17:15:00
[2025-12-07 18:59:26] [INFO] Added activity log: Chilling (15 min) at 2025-11-13 17:30:00
[2025-12-07 18:59:26] [INFO] Added activity log: Chilling (15 min) at 2025-11-13 19:07:00
[2025-12-07 18:59:26] [INFO] Added activity log: Chilling (15 min) at 2025-11-13 19:07:00
[2025-12-07 18:59:26] [INFO] Added activity log: Chilling (15 min) at 2025-11-13 19:07:00
[2025-12-07 18:59:26] [INFO] Added activity log: Gaming (15 min) at 2025-11-13 19:31:00
[2025-12-07 18:59:26] [INFO] Added activity log: Gaming (15 min) at 2025-11-13 19:31:00
[2025-12-07 18:59:26] [INFO] Added activity log: Chilling (15 min) at 2025-11-13 19:56:00
[2025-12-07 18:59:26] [INFO] Added activity log: Chilling (15 min) at 2025-11-13 20:21:00
[2025-12-07 18:59:26] [INFO] Added activity log: Chilling (15 min) at 2025-11-13 20:21:00
[2025-12-07 18:59:26] [INFO] Added activity log: Chilling (15 min) at 2025-11-13 22:25:00
[2025-12-07 18:59:26] [INFO] Added activity log: Chilling (15 min) at 2025-11-13 22:25:00
[2025-12-07 18:59:26] [INFO] Added activity log: Chilling (15 min) at 2025-11-13 22:25:00
[2025-12-07 18:59:26] [INFO] Added activity log: Chilling (15 min) at 2025-11-13 22:25:00
[2025-12-07 18:59:26] [INFO] Added activity log: Chilling (15 min) at 2025-11-13 22:25:00
[2025-12-07 18:59:26] [INFO] Added activity log: Chilling (15 min) at 2025-11-13 22:25:00
[2025-12-07 18:59:26] [INFO] Added activity log: Chilling (15 min) at 2025-11-13 22:25:00
[2025-12-07 18:59:26] [INFO] Added activity log: Chilling (15 min) at 2025-11-13 22:25:00
[2025-12-07 18:59:26] [INFO] Added activity log: Chilling (15 min) at 2025-11-13 22:34:00
[2025-12-07 18:59:26] [INFO] Added activity log: Chilling (15 min) at 2025-11-13 23:30:00
[2025-12-07 18:59:26] [INFO] Added activity log: Chilling (15 min) at 2025-11-13 23:30:00
[2025-12-07 18:59:26] [INFO] Added activity log: Chilling (15 min) at 2025-11-13 23:30:00
[2025-12-07 18:59:26] [INFO] Added activity log: Chilling (15 min) at 2025-11-13 23:30:00
[2025-12-07 18:59:26] [INFO] Added activity log: Chilling (15 min) at 2025-11-13 23:47:00
[2025-12-07 18:59:26] [INFO] Added activity log: Chilling (15 min) at 2025-11-14 00:22:00
[2025-12-07 18:59:26] [INFO] Added activity log: Chilling (15 min) at 2025-11-14 00:22:00
[2025-12-07 18:59:26] [INFO] Added activity log: Chilling (15 min) at 2025-11-14 00:41:00
[2025-12-07 18:59:26] [INFO] Added activity log: Chilling (15 min) at 2025-11-14 00:48:00
[2025-12-07 18:59:26] [INFO] Added activity log: Gaming (15 min) at 2025-11-14 01:26:00
[2025-12-07 18:59:26] [INFO] Added activity log: Gaming (15 min) at 2025-11-14 01:26:00
[2025-12-07 18:59:26] [INFO] Added activity log: Chilling (15 min) at 2025-11-14 01:30:00
[2025-12-07 18:59:26] [INFO] Added activity log: Chilling (15 min) at 2025-11-14 01:45:00
[2025-12-07 18:59:26] [INFO] Added activity log: Chilling (15 min) at 2025-11-14 02:00:00
[2025-12-07 18:59:26] [INFO] Added activity log: Chilling (15 min) at 2025-11-14 09:55:00
[2025-12-07 18:59:26] [INFO] Added activity log: Chilling (15 min) at 2025-11-14 10:00:00
[2025-12-07 18:59:26] [INFO] Added activity log: Gaming (15 min) at 2025-11-14 10:30:00
[2025-12-07 18:59:26] [INFO] Added activity log: Gaming (15 min) at 2025-11-14 10:30:00
[2025-12-07 18:59:26] [INFO] Added activity log: Chilling (15 min) at 2025-11-14 11:05:00
[2025-12-07 18:59:26] [INFO] Added activity log: Chilling (15 min) at 2025-11-14 11:05:00
[2025-12-07 18:59:26] [INFO] Added activity log: Chilling (15 min) at 2025-11-14 11:55:00
[2025-12-07 18:59:26] [INFO] Added activity log: Chilling (15 min) at 2025-11-14 11:55:00
[2025-12-07 18:59:26] [INFO] Added activity log: Chilling (15 min) at 2025-11-14 11:55:00
[2025-12-07 18:59:26] [INFO] Added activity log: Chilling (15 min) at 2025-11-14 12:00:00
[2025-12-07 18:59:26] [INFO] Added activity log: Chilling (15 min) at 2025-11-14 12:26:00
[2025-12-07 18:59:26] [INFO] Added activity log: Chilling (15 min) at 2025-11-14 12:38:00
[2025-12-07 18:59:26] [INFO] Added activity log: Chilling (15 min) at 2025-11-14 13:21:00
[2025-12-07 18:59:26] [INFO] Added activity log: Chilling (15 min) at 2025-11-14 13:21:00
[2025-12-07 18:59:26] [INFO] Added activity log: Chilling (15 min) at 2025-11-14 13:21:00
[2025-12-07 18:59:26] [INFO] Added activity log: Chilling (15 min) at 2025-11-14 13:41:00
[2025-12-07 18:59:26] [INFO] Added activity log: Chilling (15 min) at 2025-11-14 14:09:00
[2025-12-07 18:59:26] [INFO] Added activity log: Chilling (15 min) at 2025-11-14 14:09:00
[2025-12-07 18:59:26] [INFO] Added activity log: Chilling (15 min) at 2025-11-14 14:22:00
[2025-12-07 18:59:26] [INFO] Added activity log: Chilling (15 min) at 2025-11-14 14:31:00
[2025-12-07 18:59:26] [INFO] Added activity log: Working (15 min) at 2025-11-14 14:45:00
[2025-12-07 18:59:26] [INFO] Added activity log: Chilling (15 min) at 2025-11-14 15:01:00
[2025-12-07 18:59:26] [INFO] Added activity log: Chilling (15 min) at 2025-11-14 15:15:00
[2025-12-07 18:59:26] [INFO] Added activity log: Chilling (15 min) at 2025-11-14 15:30:00
[2025-12-07 18:59:26] [INFO] Added activity log: Chilling (15 min) at 2025-11-14 15:45:00
[2025-12-07 18:59:26] [INFO] Added activity log: Chilling (15 min) at 2025-11-14 16:00:00
[2025-12-07 18:59:26] [INFO] Added activity log: Chilling (15 min) at 2025-11-14 16:20:00
[2025-12-07 18:59:26] [INFO] Added activity log: Chilling (15 min) at 2025-11-14 16:31:00
[2025-12-07 18:59:26] [INFO] Added activity log: Chilling (15 min) at 2025-11-14 16:45:00
[2025-12-07 18:59:26] [INFO] Added activity log: Working (15 min) at 2025-11-14 17:00:00
[2025-12-07 18:59:26] [INFO] Added activity log: Chilling (15 min) at 2025-11-14 17:21:00
[2025-12-07 18:59:26] [INFO] Added activity log: Gaming (15 min) at 2025-11-14 18:00:00
[2025-12-07 18:59:26] [INFO] Added activity log: Gaming (15 min) at 2025-11-14 18:00:00
[2025-12-07 18:59:26] [INFO] Added activity log: Gaming (15 min) at 2025-11-14 18:00:00
[2025-12-07 18:59:26] [INFO] Added activity log: Chilling (15 min) at 2025-11-14 18:15:00
[2025-12-07 18:59:26] [INFO] Added activity log: Chilling (15 min) at 2025-11-14 18:30:00
[2025-12-07 18:59:26] [INFO] Added activity log: Chilling (15 min) at 2025-11-14 18:50:00
[2025-12-07 18:59:26] [INFO] Added activity log: Chilling (15 min) at 2025-11-14 19:03:00
[2025-12-07 18:59:27] [INFO] Added activity log: Chilling (15 min) at 2025-11-14 19:20:00
[2025-12-07 18:59:27] [INFO] Added activity log: Chilling (15 min) at 2025-11-14 19:33:00
[2025-12-07 18:59:27] [INFO] Added activity log: Chilling (15 min) at 2025-11-14 20:07:00
[2025-12-07 18:59:27] [INFO] Added activity log: Chilling (15 min) at 2025-11-14 20:07:00
[2025-12-07 18:59:27] [INFO] Added activity log: Chilling (15 min) at 2025-11-14 20:15:00
[2025-12-07 18:59:27] [INFO] Added activity log: Chilling (15 min) at 2025-11-14 20:30:00
[2025-12-07 18:59:27] [INFO] Added activity log: Chilling (15 min) at 2025-11-14 20:45:00
[2025-12-07 18:59:27] [INFO] Added activity log: Chilling (15 min) at 2025-11-14 21:03:00
[2025-12-07 18:59:27] [INFO] Added activity log: Chilling (15 min) at 2025-11-14 21:15:00
[2025-12-07 18:59:27] [INFO] Added activity log: Chilling (15 min) at 2025-11-14 21:32:00
[2025-12-07 18:59:27] [INFO] Added activity log: Chilling (15 min) at 2025-11-14 21:46:00
[2025-12-07 18:59:27] [INFO] Added activity log: Working (15 min) at 2025-11-14 22:00:00
[2025-12-07 18:59:27] [INFO] Added activity log: Chilling (15 min) at 2025-11-14 22:15:00
[2025-12-07 18:59:27] [INFO] Added activity log: Business (15 min) at 2025-11-14 22:30:00
[2025-12-07 18:59:27] [INFO] Added activity log: Business (15 min) at 2025-11-14 22:45:00
[2025-12-07 18:59:27] [INFO] Added activity log: Chilling (15 min) at 2025-11-14 23:00:00
[2025-12-07 18:59:27] [INFO] Added activity log: Business (15 min) at 2025-11-14 23:15:00
[2025-12-07 18:59:27] [INFO] Added activity log: Business (15 min) at 2025-11-14 23:30:00
[2025-12-07 18:59:27] [INFO] Added activity log: Business (15 min) at 2025-11-14 23:45:00
[2025-12-07 18:59:27] [INFO] Added activity log: Business (15 min) at 2025-11-15 00:00:00
[2025-12-07 18:59:27] [INFO] Added activity log: Chilling (15 min) at 2025-11-15 00:32:00
[2025-12-07 18:59:27] [INFO] Added activity log: Chilling (15 min) at 2025-11-15 00:32:00
[2025-12-07 18:59:27] [INFO] Added activity log: Chilling (15 min) at 2025-11-15 00:45:00
[2025-12-07 18:59:27] [INFO] Added activity log: Chilling (15 min) at 2025-11-15 01:00:00
[2025-12-07 18:59:27] [INFO] Added activity log: Chilling (15 min) at 2025-11-15 10:00:00
[2025-12-07 18:59:27] [INFO] Added activity log: Chilling (15 min) at 2025-11-15 10:55:00
[2025-12-07 18:59:27] [INFO] Added activity log: Chilling (15 min) at 2025-11-15 10:55:00
[2025-12-07 18:59:27] [INFO] Added activity log: Chilling (15 min) at 2025-11-15 10:55:00
[2025-12-07 18:59:27] [INFO] Added activity log: Chilling (15 min) at 2025-11-15 11:05:00
[2025-12-07 18:59:27] [INFO] Added activity log: Chilling (15 min) at 2025-11-15 12:30:00
[2025-12-07 18:59:27] [INFO] Added activity log: Gaming (15 min) at 2025-11-15 13:23:00
[2025-12-07 18:59:27] [INFO] Added activity log: Gaming (15 min) at 2025-11-15 13:23:00
[2025-12-07 18:59:27] [INFO] Added activity log: Gaming (15 min) at 2025-11-15 13:23:00
[2025-12-07 18:59:27] [INFO] Added activity log: Gaming (15 min) at 2025-11-15 13:49:00
[2025-12-07 18:59:27] [INFO] Added activity log: Gaming (15 min) at 2025-11-15 13:49:00
[2025-12-07 18:59:27] [INFO] Added activity log: Chilling (15 min) at 2025-11-15 14:00:00
[2025-12-07 18:59:27] [INFO] Added activity log: Gaming (15 min) at 2025-11-15 18:26:00
[2025-12-07 18:59:27] [INFO] Added activity log: Gaming (15 min) at 2025-11-15 18:26:00
[2025-12-07 18:59:27] [INFO] Added activity log: Chilling (15 min) at 2025-11-15 23:30:00
[2025-12-07 18:59:27] [INFO] Added activity log: Chilling (15 min) at 2025-11-15 23:45:00
[2025-12-07 18:59:27] [INFO] Migrated 141 entries from 2025-11-15_report.xlsx
[2025-12-07 18:59:27] [INFO] Added activity log: Chilling (15 min) at 2025-11-21 11:15:00
[2025-12-07 18:59:27] [INFO] Added activity log: Chilling (15 min) at 2025-11-21 11:15:00
[2025-12-07 18:59:27] [INFO] Added activity log: Chilling (15 min) at 2025-11-21 11:30:00
[2025-12-07 18:59:27] [INFO] Added activity log: Chilling (15 min) at 2025-11-21 12:12:00
[2025-12-07 18:59:27] [INFO] Added activity log: Chilling (15 min) at 2025-11-21 12:12:00
[2025-12-07 18:59:27] [INFO] Added activity log: Chilling (15 min) at 2025-11-21 12:16:00
[2025-12-07 18:59:27] [INFO] Added activity log: Chilling (15 min) at 2025-11-21 12:42:00
[2025-12-07 18:59:27] [INFO] Added activity log: Chilling (15 min) at 2025-11-21 12:45:00
[2025-12-07 18:59:27] [INFO] Added activity log: Chilling (15 min) at 2025-11-21 13:43:00
[2025-12-07 18:59:27] [INFO] Added activity log: Chilling (15 min) at 2025-11-21 13:43:00
[2025-12-07 18:59:27] [INFO] Added activity log: Chilling (15 min) at 2025-11-21 13:43:00
[2025-12-07 18:59:27] [INFO] Added activity log: Chilling (15 min) at 2025-11-21 13:55:00
[2025-12-07 18:59:27] [INFO] Added activity log: Gaming (15 min) at 2025-11-21 15:52:00
[2025-12-07 18:59:27] [INFO] Added activity log: Gaming (15 min) at 2025-11-21 15:52:00
[2025-12-07 18:59:27] [INFO] Added activity log: Working (15 min) at 2025-11-21 15:52:00
[2025-12-07 18:59:27] [INFO] Added activity log: Gaming (15 min) at 2025-11-21 15:52:00
[2025-12-07 18:59:27] [INFO] Added activity log: Gaming (15 min) at 2025-11-21 15:52:00
[2025-12-07 18:59:27] [INFO] Added activity log: Gaming (15 min) at 2025-11-21 15:52:00
[2025-12-07 18:59:27] [INFO] Added activity log: Gaming (15 min) at 2025-11-21 15:52:00
[2025-12-07 18:59:27] [INFO] Added activity log: Gaming (15 min) at 2025-11-21 15:52:00
[2025-12-07 18:59:27] [INFO] Added activity log: Chilling (15 min) at 2025-11-21 16:00:00
[2025-12-07 18:59:27] [INFO] Added activity log: Chilling (15 min) at 2025-11-21 16:36:00
[2025-12-07 18:59:27] [INFO] Added activity log: Chilling (15 min) at 2025-11-21 16:37:00
[2025-12-07 18:59:27] [INFO] Migrated 23 entries from 2025-11-21_report.xlsx
[2025-12-07 18:59:27] [INFO] Added activity log: Chilling (15 min) at 2025-11-29 14:45:00
[2025-12-07 18:59:27] [INFO] Added activity log: Chilling (15 min) at 2025-11-29 14:45:00
[2025-12-07 18:59:27] [INFO] Added activity log: Working (15 min) at 2025-11-29 15:00:00
[2025-12-07 18:59:27] [INFO] Added activity log: Working (15 min) at 2025-11-29 15:15:00
[2025-12-07 18:59:27] [INFO] Added activity log: Chilling (15 min) at 2025-11-29 15:30:00
[2025-12-07 18:59:27] [INFO] Added activity log: Working (15 min) at 2025-11-29 15:45:00
[2025-12-07 18:59:27] [INFO] Added activity log: Working (15 min) at 2025-11-29 16:00:00
[2025-12-07 18:59:27] [INFO] Added activity log: Chilling (15 min) at 2025-11-29 16:32:00
[2025-12-07 18:59:27] [INFO] Added activity log: Working (15 min) at 2025-11-29 16:45:00
[2025-12-07 18:59:27] [INFO] Added activity log: Working (15 min) at 2025-11-29 17:06:00
[2025-12-07 18:59:27] [INFO] Added activity log: Working (15 min) at 2025-11-29 17:15:00
[2025-12-07 18:59:27] [INFO] Added activity log: Chilling (15 min) at 2025-11-29 17:33:00
[2025-12-07 18:59:27] [INFO] Added activity log: Chilling (15 min) at 2025-11-29 20:45:00
[2025-12-07 18:59:27] [INFO] Added activity log: Chilling (15 min) at 2025-11-29 21:00:00
[2025-12-07 18:59:27] [INFO] Migrated 14 entries from 2025-11-29_report.xlsx
[2025-12-07 18:59:27] [INFO] Added activity log: Chilling (15 min) at 2025-11-22 20:15:00
[2025-12-07 18:59:27] [INFO] Added activity log: Chilling (15 min) at 2025-11-22 20:31:00
[2025-12-07 18:59:27] [INFO] Added activity log: Chilling (15 min) at 2025-11-22 21:45:00
[2025-12-07 18:59:27] [INFO] Migrated 3 entries from 2025-11-22_report.xlsx
[2025-12-07 18:59:27] [INFO] Added activity log: Chilling (15 min) at 2025-11-13 01:01:00
[2025-12-07 18:59:27] [INFO] Added activity log: Chilling (15 min) at 2025-11-13 01:15:00
[2025-12-07 18:59:27] [INFO] Added activity log: Chilling (15 min) at 2025-11-13 01:30:00
[2025-12-07 18:59:27] [INFO] Added activity log: Chilling (15 min) at 2025-11-13 01:52:00
[2025-12-07 18:59:27] [INFO] Added activity log: Chilling (15 min) at 2025-11-13 02:02:00
[2025-12-07 18:59:27] [INFO] Added activity log: Chilling (15 min) at 2025-11-13 02:16:00
[2025-12-07 18:59:27] [INFO] Added activity log: Chilling (15 min) at 2025-11-13 02:34:00
[2025-12-07 18:59:27] [INFO] Added activity log: Chilling (15 min) at 2025-11-13 09:30:00
[2025-12-07 18:59:27] [INFO] Added activity log: Gaming (15 min) at 2025-11-13 11:13:00
[2025-12-07 18:59:27] [INFO] Added activity log: Gaming (15 min) at 2025-11-13 11:13:00
[2025-12-07 18:59:27] [INFO] Added activity log: Gaming (15 min) at 2025-11-13 11:13:00
[2025-12-07 18:59:27] [INFO] Added activity log: Gaming (15 min) at 2025-11-13 11:13:00
[2025-12-07 18:59:27] [INFO] Added activity log: Gaming (15 min) at 2025-11-13 11:13:00
[2025-12-07 18:59:27] [INFO] Added activity log: Chilling (15 min) at 2025-11-13 11:33:00
[2025-12-07 18:59:27] [INFO] Added activity log: Chilling (15 min) at 2025-11-13 11:33:00
[2025-12-07 18:59:27] [INFO] Added activity log: Chilling (15 min) at 2025-11-13 11:54:00
[2025-12-07 18:59:27] [INFO] Added activity log: Chilling (15 min) at 2025-11-13 12:19:00
[2025-12-07 18:59:27] [INFO] Added activity log: Chilling (15 min) at 2025-11-13 12:19:00
[2025-12-07 18:59:27] [INFO] Added activity log: Chilling (15 min) at 2025-11-13 13:13:00
[2025-12-07 18:59:27] [INFO] Added activity log: Gaming (15 min) at 2025-11-13 13:13:00
[2025-12-07 18:59:27] [INFO] Added activity log: Chilling (15 min) at 2025-11-13 13:13:00
[2025-12-07 18:59:27] [INFO] Added activity log: Working (15 min) at 2025-11-13 15:00:00
[2025-12-07 18:59:27] [INFO] Added activity log: Chilling (15 min) at 2025-11-13 15:22:00
[2025-12-07 18:59:27] [INFO] Added activity log: Chilling (15 min) at 2025-11-13 15:30:00
[2025-12-07 18:59:28] [INFO] Added activity log: Chilling (15 min) at 2025-11-13 15:45:00
[2025-12-07 18:59:28] [INFO] Added activity log: Chilling (15 min) at 2025-11-13 16:00:00
[2025-12-07 18:59:28] [INFO] Added activity log: Chilling (15 min) at 2025-11-13 16:15:00
[2025-12-07 18:59:28] [INFO] Added activity log: Working (15 min) at 2025-11-13 16:30:00
[2025-12-07 18:59:28] [INFO] Added activity log: Working (15 min) at 2025-11-13 16:45:00
[2025-12-07 18:59:28] [INFO] Added activity log: Working (15 min) at 2025-11-13 17:00:00
[2025-12-07 18:59:28] [INFO] Added activity log: Working (15 min) at 2025-11-13 17:15:00
[2025-12-07 18:59:28] [INFO] Added activity log: Chilling (15 min) at 2025-11-13 17:30:00
[2025-12-07 18:59:28] [INFO] Added activity log: Chilling (15 min) at 2025-11-13 19:07:00
[2025-12-07 18:59:28] [INFO] Added activity log: Chilling (15 min) at 2025-11-13 19:07:00
[2025-12-07 18:59:28] [INFO] Added activity log: Chilling (15 min) at 2025-11-13 19:07:00
[2025-12-07 18:59:28] [INFO] Added activity log: Gaming (15 min) at 2025-11-13 19:31:00
[2025-12-07 18:59:28] [INFO] Added activity log: Gaming (15 min) at 2025-11-13 19:31:00
[2025-12-07 18:59:28] [INFO] Added activity log: Chilling (15 min) at 2025-11-13 19:56:00
[2025-12-07 18:59:28] [INFO] Added activity log: Chilling (15 min) at 2025-11-13 20:21:00
[2025-12-07 18:59:28] [INFO] Added activity log: Chilling (15 min) at 2025-11-13 20:21:00
[2025-12-07 18:59:28] [INFO] Added activity log: Chilling (15 min) at 2025-11-13 22:25:00
[2025-12-07 18:59:28] [INFO] Added activity log: Chilling (15 min) at 2025-11-13 22:25:00
[2025-12-07 18:59:28] [INFO] Added activity log: Chilling (15 min) at 2025-11-13 22:25:00
[2025-12-07 18:59:28] [INFO] Added activity log: Chilling (15 min) at 2025-11-13 22:25:00
[2025-12-07 18:59:28] [INFO] Added activity log: Chilling (15 min) at 2025-11-13 22:25:00
[2025-12-07 18:59:28] [INFO] Added activity log: Chilling (15 min) at 2025-11-13 22:25:00
[2025-12-07 18:59:28] [INFO] Added activity log: Chilling (15 min) at 2025-11-13 22:25:00
[2025-12-07 18:59:28] [INFO] Added activity log: Chilling (15 min) at 2025-11-13 22:25:00
[2025-12-07 18:59:28] [INFO] Added activity log: Chilling (15 min) at 2025-11-13 22:34:00
[2025-12-07 18:59:28] [INFO] Added activity log: Chilling (15 min) at 2025-11-13 23:30:00
[2025-12-07 18:59:28] [INFO] Added activity log: Chilling (15 min) at 2025-11-13 23:30:00
[2025-12-07 18:59:28] [INFO] Added activity log: Chilling (15 min) at 2025-11-13 23:30:00
[2025-12-07 18:59:28] [INFO] Added activity log: Chilling (15 min) at 2025-11-13 23:30:00
[2025-12-07 18:59:28] [INFO] Added activity log: Chilling (15 min) at 2025-11-13 23:47:00
[2025-12-07 18:59:28] [INFO] Added activity log: Chilling (15 min) at 2025-11-14 00:22:00
[2025-12-07 18:59:28] [INFO] Added activity log: Chilling (15 min) at 2025-11-14 00:22:00
[2025-12-07 18:59:28] [INFO] Added activity log: Chilling (15 min) at 2025-11-14 00:41:00
[2025-12-07 18:59:28] [INFO] Added activity log: Chilling (15 min) at 2025-11-14 00:48:00
[2025-12-07 18:59:28] [INFO] Added activity log: Gaming (15 min) at 2025-11-14 01:26:00
[2025-12-07 18:59:28] [INFO] Added activity log: Gaming (15 min) at 2025-11-14 01:26:00
[2025-12-07 18:59:28] [INFO] Added activity log: Chilling (15 min) at 2025-11-14 01:30:00
[2025-12-07 18:59:28] [INFO] Added activity log: Chilling (15 min) at 2025-11-14 01:45:00
[2025-12-07 18:59:28] [INFO] Added activity log: Chilling (15 min) at 2025-11-14 02:00:00
[2025-12-07 18:59:28] [INFO] Added activity log: Chilling (15 min) at 2025-11-14 09:55:00
[2025-12-07 18:59:28] [INFO] Added activity log: Chilling (15 min) at 2025-11-14 10:00:00
[2025-12-07 18:59:28] [INFO] Added activity log: Gaming (15 min) at 2025-11-14 10:30:00
[2025-12-07 18:59:28] [INFO] Added activity log: Gaming (15 min) at 2025-11-14 10:30:00
[2025-12-07 18:59:28] [INFO] Added activity log: Chilling (15 min) at 2025-11-14 11:05:00
[2025-12-07 18:59:28] [INFO] Added activity log: Chilling (15 min) at 2025-11-14 11:05:00
[2025-12-07 18:59:28] [INFO] Added activity log: Chilling (15 min) at 2025-11-14 11:55:00
[2025-12-07 18:59:28] [INFO] Added activity log: Chilling (15 min) at 2025-11-14 11:55:00
[2025-12-07 18:59:28] [INFO] Added activity log: Chilling (15 min) at 2025-11-14 11:55:00
[2025-12-07 18:59:28] [INFO] Added activity log: Chilling (15 min) at 2025-11-14 12:00:00
[2025-12-07 18:59:28] [INFO] Added activity log: Chilling (15 min) at 2025-11-14 12:26:00
[2025-12-07 18:59:28] [INFO] Added activity log: Chilling (15 min) at 2025-11-14 12:38:00
[2025-12-07 18:59:28] [INFO] Added activity log: Chilling (15 min) at 2025-11-14 13:21:00
[2025-12-07 18:59:28] [INFO] Added activity log: Chilling (15 min) at 2025-11-14 13:21:00
[2025-12-07 18:59:28] [INFO] Added activity log: Chilling (15 min) at 2025-11-14 13:21:00
[2025-12-07 18:59:28] [INFO] Added activity log: Chilling (15 min) at 2025-11-14 13:41:00
[2025-12-07 18:59:28] [INFO] Added activity log: Chilling (15 min) at 2025-11-14 14:09:00
[2025-12-07 18:59:28] [INFO] Added activity log: Chilling (15 min) at 2025-11-14 14:09:00
[2025-12-07 18:59:28] [INFO] Added activity log: Chilling (15 min) at 2025-11-14 14:22:00
[2025-12-07 18:59:28] [INFO] Added activity log: Chilling (15 min) at 2025-11-14 14:31:00
[2025-12-07 18:59:28] [INFO] Added activity log: Working (15 min) at 2025-11-14 14:45:00
[2025-12-07 18:59:28] [INFO] Added activity log: Chilling (15 min) at 2025-11-14 15:01:00
[2025-12-07 18:59:28] [INFO] Added activity log: Chilling (15 min) at 2025-11-14 15:15:00
[2025-12-07 18:59:28] [INFO] Added activity log: Chilling (15 min) at 2025-11-14 15:30:00
[2025-12-07 18:59:28] [INFO] Added activity log: Chilling (15 min) at 2025-11-14 15:45:00
[2025-12-07 18:59:28] [INFO] Added activity log: Chilling (15 min) at 2025-11-14 16:00:00
[2025-12-07 18:59:28] [INFO] Added activity log: Chilling (15 min) at 2025-11-14 16:20:00
[2025-12-07 18:59:28] [INFO] Added activity log: Chilling (15 min) at 2025-11-14 16:31:00
[2025-12-07 18:59:28] [INFO] Added activity log: Chilling (15 min) at 2025-11-14 16:45:00
[2025-12-07 18:59:28] [INFO] Added activity log: Working (15 min) at 2025-11-14 17:00:00
[2025-12-07 18:59:28] [INFO] Added activity log: Chilling (15 min) at 2025-11-14 17:21:00
[2025-12-07 18:59:28] [INFO] Added activity log: Gaming (15 min) at 2025-11-14 18:00:00
[2025-12-07 18:59:28] [INFO] Added activity log: Gaming (15 min) at 2025-11-14 18:00:00
[2025-12-07 18:59:28] [INFO] Added activity log: Gaming (15 min) at 2025-11-14 18:00:00
[2025-12-07 18:59:28] [INFO] Added activity log: Chilling (15 min) at 2025-11-14 18:15:00
[2025-12-07 18:59:28] [INFO] Added activity log: Chilling (15 min) at 2025-11-14 18:30:00
[2025-12-07 18:59:28] [INFO] Added activity log: Chilling (15 min) at 2025-11-14 18:50:00
[2025-12-07 18:59:28] [INFO] Added activity log: Chilling (15 min) at 2025-11-14 19:03:00
[2025-12-07 18:59:28] [INFO] Added activity log: Chilling (15 min) at 2025-11-14 19:20:00
[2025-12-07 18:59:28] [INFO] Added activity log: Chilling (15 min) at 2025-11-14 19:33:00
[2025-12-07 18:59:28] [INFO] Added activity log: Chilling (15 min) at 2025-11-14 20:07:00
[2025-12-07 18:59:28] [INFO] Added activity log: Chilling (15 min) at 2025-11-14 20:07:00
[2025-12-07 18:59:28] [INFO] Added activity log: Chilling (15 min) at 2025-11-14 20:15:00
[2025-12-07 18:59:28] [INFO] Added activity log: Chilling (15 min) at 2025-11-14 20:30:00
[2025-12-07 18:59:28] [INFO] Added activity log: Chilling (15 min) at 2025-11-14 20:45:00
[2025-12-07 18:59:28] [INFO] Added activity log: Chilling (15 min) at 2025-11-14 21:03:00
[2025-12-07 18:59:28] [INFO] Added activity log: Chilling (15 min) at 2025-11-14 21:15:00
[2025-12-07 18:59:28] [INFO] Added activity log: Chilling (15 min) at 2025-11-14 21:32:00
[2025-12-07 18:59:28] [INFO] Added activity log: Chilling (15 min) at 2025-11-14 21:46:00
[2025-12-07 18:59:28] [INFO] Added activity log: Working (15 min) at 2025-11-14 22:00:00
[2025-12-07 18:59:28] [INFO] Added activity log: Chilling (15 min) at 2025-11-14 22:15:00
[2025-12-07 18:59:28] [INFO] Added activity log: Business (15 min) at 2025-11-14 22:30:00
[2025-12-07 18:59:28] [INFO] Added activity log: Business (15 min) at 2025-11-14 22:45:00
[2025-12-07 18:59:28] [INFO] Added activity log: Chilling (15 min) at 2025-11-14 23:00:00
[2025-12-07 18:59:28] [INFO] Added activity log: Business (15 min) at 2025-11-14 23:15:00
[2025-12-07 18:59:28] [INFO] Added activity log: Business (15 min) at 2025-11-14 23:30:00
[2025-12-07 18:59:28] [INFO] Added activity log: Business (15 min) at 2025-11-14 23:45:00
[2025-12-07 18:59:28] [INFO] Added activity log: Business (15 min) at 2025-11-15 00:00:00
[2025-12-07 18:59:28] [INFO] Added activity log: Chilling (15 min) at 2025-11-15 00:32:00
[2025-12-07 18:59:28] [INFO] Added activity log: Chilling (15 min) at 2025-11-15 00:32:00
[2025-12-07 18:59:28] [INFO] Added activity log: Chilling (15 min) at 2025-11-15 00:45:00
[2025-12-07 18:59:28] [INFO] Added activity log: Chilling (15 min) at 2025-11-15 01:00:00
[2025-12-07 18:59:28] [INFO] Added activity log: Chilling (15 min) at 2025-11-15 10:00:00
[2025-12-07 18:59:28] [INFO] Added activity log: Chilling (15 min) at 2025-11-15 10:55:00
[2025-12-07 18:59:28] [INFO] Added activity log: Chilling (15 min) at 2025-11-15 10:55:00
[2025-12-07 18:59:28] [INFO] Added activity log: Chilling (15 min) at 2025-11-15 10:55:00
[2025-12-07 18:59:28] [INFO] Added activity log: Chilling (15 min) at 2025-11-15 11:05:00
[2025-12-07 18:59:28] [INFO] Added activity log: Chilling (15 min) at 2025-11-15 12:30:00
[2025-12-07 18:59:28] [INFO] Added activity log: Gaming (15 min) at 2025-11-15 13:23:00
[2025-12-07 18:59:28] [INFO] Added activity log: Gaming (15 min) at 2025-11-15 13:23:00
[2025-12-07 18:59:28] [INFO] Added activity log: Gaming (15 min) at 2025-11-15 13:23:00
[2025-12-07 18:59:28] [INFO] Added activity log: Gaming (15 min) at 2025-11-15 13:49:00
[2025-12-07 18:59:29] [INFO] Added activity log: Gaming (15 min) at 2025-11-15 13:49:00
[2025-12-07 18:59:29] [INFO] Added activity log: Chilling (15 min) at 2025-11-15 14:00:00
[2025-12-07 18:59:29] [INFO] Added activity log: Gaming (15 min) at 2025-11-15 18:26:00
[2025-12-07 18:59:29] [INFO] Added activity log: Gaming (15 min) at 2025-11-15 18:26:00
[2025-12-07 18:59:29] [INFO] Added activity log: Chilling (15 min) at 2025-11-15 23:30:00
[2025-12-07 18:59:29] [INFO] Added activity log: Chilling (15 min) at 2025-11-15 23:45:00
[2025-12-07 18:59:29] [INFO] Added activity log: Gaming (15 min) at 2025-11-16 00:08:00
[2025-12-07 18:59:29] [INFO] Added activity log: Chilling (15 min) at 2025-11-16 00:15:00
[2025-12-07 18:59:29] [INFO] Added activity log: Chilling (15 min) at 2025-11-16 00:30:00
[2025-12-07 18:59:29] [INFO] Added activity log: Chilling (15 min) at 2025-11-16 00:47:00
[2025-12-07 18:59:29] [INFO] Added activity log: Chilling (15 min) at 2025-11-16 01:00:00
[2025-12-07 18:59:29] [INFO] Added activity log: Gaming (15 min) at 2025-11-16 01:21:00
[2025-12-07 18:59:29] [INFO] Added activity log: Working (15 min) at 2025-11-16 01:30:00
[2025-12-07 18:59:29] [INFO] Added activity log: Chilling (15 min) at 2025-11-16 10:53:00
[2025-12-07 18:59:29] [INFO] Added activity log: Gaming (15 min) at 2025-11-16 11:58:00
[2025-12-07 18:59:29] [INFO] Added activity log: Gaming (15 min) at 2025-11-16 11:58:00
[2025-12-07 18:59:29] [INFO] Added activity log: Chilling (15 min) at 2025-11-16 11:58:00
[2025-12-07 18:59:29] [INFO] Added activity log: Gaming (15 min) at 2025-11-16 11:58:00
[2025-12-07 18:59:29] [INFO] Added activity log: Gaming (15 min) at 2025-11-16 12:00:00
[2025-12-07 18:59:29] [INFO] Added activity log: Chilling (15 min) at 2025-11-16 12:38:00
[2025-12-07 18:59:29] [INFO] Added activity log: Chilling (15 min) at 2025-11-16 12:38:00
[2025-12-07 18:59:29] [INFO] Added activity log: Gaming (15 min) at 2025-11-16 13:23:00
[2025-12-07 18:59:29] [INFO] Added activity log: Gaming (15 min) at 2025-11-16 13:23:00
[2025-12-07 18:59:29] [INFO] Added activity log: Gaming (15 min) at 2025-11-16 13:23:00
[2025-12-07 18:59:29] [INFO] Added activity log: Gaming (15 min) at 2025-11-16 13:51:00
[2025-12-07 18:59:29] [INFO] Added activity log: Gaming (15 min) at 2025-11-16 13:52:00
[2025-12-07 18:59:29] [INFO] Added activity log: Gaming (15 min) at 2025-11-16 14:03:00
[2025-12-07 18:59:29] [INFO] Added activity log: Chilling (15 min) at 2025-11-16 14:15:00
[2025-12-07 18:59:29] [INFO] Added activity log: Chilling (15 min) at 2025-11-16 14:30:00
[2025-12-07 18:59:29] [INFO] Added activity log: Chilling (15 min) at 2025-11-16 14:45:00
[2025-12-07 18:59:29] [INFO] Added activity log: Chilling (15 min) at 2025-11-16 15:00:00
[2025-12-07 18:59:29] [INFO] Added activity log: Chilling (15 min) at 2025-11-16 15:15:00
[2025-12-07 18:59:29] [INFO] Added activity log: Chilling (15 min) at 2025-11-16 15:30:00
[2025-12-07 18:59:29] [INFO] Added activity log: Chilling (15 min) at 2025-11-16 15:46:00
[2025-12-07 18:59:29] [INFO] Added activity log: Gaming (15 min) at 2025-11-16 16:35:00
[2025-12-07 18:59:29] [INFO] Added activity log: Gaming (15 min) at 2025-11-16 16:35:00
[2025-12-07 18:59:29] [INFO] Added activity log: Gaming (15 min) at 2025-11-16 16:35:00
[2025-12-07 18:59:29] [INFO] Added activity log: Chilling (15 min) at 2025-11-16 16:58:00
[2025-12-07 18:59:29] [INFO] Added activity log: Chilling (15 min) at 2025-11-16 17:04:00
[2025-12-07 18:59:29] [INFO] Added activity log: Chilling (15 min) at 2025-11-16 17:16:00
[2025-12-07 18:59:29] [INFO] Added activity log: Chilling (15 min) at 2025-11-16 17:40:00
[2025-12-07 18:59:29] [INFO] Added activity log: Working (15 min) at 2025-11-16 17:45:00
[2025-12-07 18:59:29] [INFO] Added activity log: Chilling (15 min) at 2025-11-16 18:13:00
[2025-12-07 18:59:29] [INFO] Added activity log: Chilling (15 min) at 2025-11-16 18:15:00
[2025-12-07 18:59:29] [INFO] Added activity log: Chilling (15 min) at 2025-11-16 18:31:00
[2025-12-07 18:59:29] [INFO] Added activity log: Chilling (15 min) at 2025-11-16 18:48:00
[2025-12-07 18:59:29] [INFO] Added activity log: Chilling (15 min) at 2025-11-16 19:00:00
[2025-12-07 18:59:29] [INFO] Added activity log: Academics (15 min) at 2025-11-16 19:15:00
[2025-12-07 18:59:29] [INFO] Added activity log: Chilling (15 min) at 2025-11-16 19:33:00
[2025-12-07 18:59:29] [INFO] Added activity log: Chilling (15 min) at 2025-11-16 19:45:00
[2025-12-07 18:59:29] [INFO] Added activity log: Chilling (15 min) at 2025-11-16 20:00:00
[2025-12-07 18:59:29] [INFO] Added activity log: Chilling (15 min) at 2025-11-16 20:16:00
[2025-12-07 18:59:29] [INFO] Added activity log: Gaming (15 min) at 2025-11-16 20:52:00
[2025-12-07 18:59:29] [INFO] Added activity log: Gaming (15 min) at 2025-11-16 20:52:00
[2025-12-07 18:59:29] [INFO] Added activity log: Chilling (15 min) at 2025-11-16 21:00:00
[2025-12-07 18:59:29] [INFO] Added activity log: Chilling (15 min) at 2025-11-16 21:15:00
[2025-12-07 18:59:29] [INFO] Added activity log: Chilling (15 min) at 2025-11-16 21:30:00
[2025-12-07 18:59:29] [INFO] Added activity log: Working (15 min) at 2025-11-16 22:00:00
[2025-12-07 18:59:29] [INFO] Added activity log: Working (15 min) at 2025-11-16 22:15:00
[2025-12-07 18:59:29] [INFO] Added activity log: Working (15 min) at 2025-11-16 22:30:00
[2025-12-07 18:59:29] [INFO] Added activity log: Academics (15 min) at 2025-11-16 22:45:00
[2025-12-07 18:59:29] [INFO] Added activity log: Chilling (15 min) at 2025-11-16 23:21:00
[2025-12-07 18:59:29] [INFO] Added activity log: Chilling (15 min) at 2025-11-16 23:21:00
[2025-12-07 18:59:29] [INFO] Added activity log: Chilling (15 min) at 2025-11-17 00:11:00
[2025-12-07 18:59:29] [INFO] Added activity log: Chilling (15 min) at 2025-11-17 00:11:00
[2025-12-07 18:59:29] [INFO] Added activity log: Chilling (15 min) at 2025-11-17 00:11:00
[2025-12-07 18:59:29] [INFO] Added activity log: Chilling (15 min) at 2025-11-17 00:15:00
[2025-12-07 18:59:29] [INFO] Added activity log: Chilling (15 min) at 2025-11-17 00:37:00
[2025-12-07 18:59:29] [INFO] Added activity log: Chilling (15 min) at 2025-11-17 00:45:00
[2025-12-07 18:59:29] [INFO] Added activity log: Chilling (15 min) at 2025-11-17 01:03:00
[2025-12-07 18:59:29] [INFO] Added activity log: Chilling (15 min) at 2025-11-17 01:15:00
[2025-12-07 18:59:29] [INFO] Added activity log: Chilling (15 min) at 2025-11-17 01:30:00
[2025-12-07 18:59:29] [INFO] Added activity log: Chilling (15 min) at 2025-11-17 01:46:00
[2025-12-07 18:59:29] [INFO] Added activity log: Chilling (15 min) at 2025-11-17 02:00:00
[2025-12-07 18:59:29] [INFO] Added activity log: Chilling (15 min) at 2025-11-17 02:15:00
[2025-12-07 18:59:29] [INFO] Added activity log: Chilling (15 min) at 2025-11-17 11:00:00
[2025-12-07 18:59:29] [INFO] Added activity log: Chilling (15 min) at 2025-11-17 11:15:00
[2025-12-07 18:59:29] [INFO] Added activity log: Chilling (15 min) at 2025-11-17 11:30:00
[2025-12-07 18:59:29] [INFO] Added activity log: Chilling (15 min) at 2025-11-17 11:45:00
[2025-12-07 18:59:29] [INFO] Added activity log: Chilling (15 min) at 2025-11-17 12:00:00
[2025-12-07 18:59:29] [INFO] Added activity log: Chilling (15 min) at 2025-11-17 12:15:00
[2025-12-07 18:59:29] [INFO] Added activity log: Chilling (15 min) at 2025-11-17 15:30:00
[2025-12-07 18:59:29] [INFO] Added activity log: Chilling (15 min) at 2025-11-17 15:46:00
[2025-12-07 18:59:29] [INFO] Added activity log: Chilling (15 min) at 2025-11-17 16:00:00
[2025-12-07 18:59:29] [INFO] Added activity log: Working (15 min) at 2025-11-17 16:15:00
[2025-12-07 18:59:29] [INFO] Added activity log: Working (15 min) at 2025-11-17 16:30:00
[2025-12-07 18:59:29] [INFO] Added activity log: Working (15 min) at 2025-11-17 16:45:00
[2025-12-07 18:59:29] [INFO] Added activity log: Working (15 min) at 2025-11-17 17:00:00
[2025-12-07 18:59:29] [INFO] Added activity log: Working (15 min) at 2025-11-17 17:15:00
[2025-12-07 18:59:29] [INFO] Added activity log: Working (15 min) at 2025-11-17 17:30:00
[2025-12-07 18:59:29] [INFO] Added activity log: Working (15 min) at 2025-11-17 17:45:00
[2025-12-07 18:59:29] [INFO] Added activity log: Working (15 min) at 2025-11-17 18:00:00
[2025-12-07 18:59:29] [INFO] Added activity log: Chilling (15 min) at 2025-11-17 18:15:00
[2025-12-07 18:59:29] [INFO] Added activity log: Chilling (15 min) at 2025-11-17 18:38:00
[2025-12-07 18:59:29] [INFO] Added activity log: Chilling (15 min) at 2025-11-17 18:53:00
[2025-12-07 18:59:29] [INFO] Added activity log: Chilling (15 min) at 2025-11-17 19:03:00
[2025-12-07 18:59:29] [INFO] Added activity log: Working (15 min) at 2025-11-17 19:15:00
[2025-12-07 18:59:29] [INFO] Added activity log: Chilling (15 min) at 2025-11-17 19:36:00
[2025-12-07 18:59:29] [INFO] Added activity log: Working (15 min) at 2025-11-17 19:45:00
[2025-12-07 18:59:29] [INFO] Added activity log: Working (15 min) at 2025-11-17 20:00:00
[2025-12-07 18:59:29] [INFO] Added activity log: Chilling (15 min) at 2025-11-17 20:15:00
[2025-12-07 18:59:29] [INFO] Added activity log: Chilling (15 min) at 2025-11-17 20:31:00
[2025-12-07 18:59:29] [INFO] Added activity log: Chilling (15 min) at 2025-11-17 20:45:00
[2025-12-07 18:59:29] [INFO] Added activity log: Chilling (15 min) at 2025-11-17 21:00:00
[2025-12-07 18:59:29] [INFO] Added activity log: Chilling (15 min) at 2025-11-17 21:20:00
[2025-12-07 18:59:29] [INFO] Added activity log: Chilling (15 min) at 2025-11-17 21:30:00
[2025-12-07 18:59:30] [INFO] Added activity log: Chilling (15 min) at 2025-11-17 21:46:00
[2025-12-07 18:59:30] [INFO] Added activity log: Chilling (15 min) at 2025-11-17 22:00:00
[2025-12-07 18:59:30] [INFO] Added activity log: Chilling (15 min) at 2025-11-17 22:31:00
[2025-12-07 18:59:30] [INFO] Added activity log: Chilling (15 min) at 2025-11-17 22:31:00
[2025-12-07 18:59:30] [INFO] Added activity log: Chilling (15 min) at 2025-11-17 22:45:00
[2025-12-07 18:59:30] [INFO] Added activity log: Chilling (15 min) at 2025-11-17 23:00:00
[2025-12-07 18:59:30] [INFO] Added activity log: Business (15 min) at 2025-11-17 23:15:00
[2025-12-07 18:59:30] [INFO] Added activity log: Business (15 min) at 2025-11-17 23:30:00
[2025-12-07 18:59:30] [INFO] Added activity log: Chilling (15 min) at 2025-11-17 23:45:00
[2025-12-07 18:59:30] [INFO] Added activity log: Chilling (15 min) at 2025-11-18 00:00:00
[2025-12-07 18:59:30] [INFO] Added activity log: Chilling (15 min) at 2025-11-18 00:15:00
[2025-12-07 18:59:30] [INFO] Added activity log: Chilling (15 min) at 2025-11-18 00:42:00
[2025-12-07 18:59:30] [INFO] Added activity log: Chilling (15 min) at 2025-11-18 00:45:00
[2025-12-07 18:59:30] [INFO] Added activity log: Chilling (15 min) at 2025-11-18 01:00:00
[2025-12-07 18:59:30] [INFO] Added activity log: Chilling (15 min) at 2025-11-18 01:15:00
[2025-12-07 18:59:30] [INFO] Added activity log: Chilling (15 min) at 2025-11-18 01:30:00
[2025-12-07 18:59:30] [INFO] Added activity log: Chilling (15 min) at 2025-11-18 02:22:00
[2025-12-07 18:59:30] [INFO] Added activity log: Chilling (15 min) at 2025-11-18 02:22:00
[2025-12-07 18:59:30] [INFO] Added activity log: Chilling (15 min) at 2025-11-18 02:22:00
[2025-12-07 18:59:30] [INFO] Added activity log: Chilling (15 min) at 2025-11-18 02:30:00
[2025-12-07 18:59:30] [INFO] Added activity log: Working (15 min) at 2025-11-18 02:45:00
[2025-12-07 18:59:30] [INFO] Added activity log: Working (15 min) at 2025-11-18 03:00:00
[2025-12-07 18:59:30] [INFO] Added activity log: Working (15 min) at 2025-11-18 07:15:00
[2025-12-07 18:59:30] [INFO] Added activity log: Working (15 min) at 2025-11-18 07:30:00
[2025-12-07 18:59:30] [INFO] Added activity log: Chilling (15 min) at 2025-11-18 07:53:00
[2025-12-07 18:59:30] [INFO] Added activity log: Working (15 min) at 2025-11-18 08:00:00
[2025-12-07 18:59:30] [INFO] Added activity log: Chilling (15 min) at 2025-11-18 10:07:00
[2025-12-07 18:59:30] [INFO] Added activity log: Chilling (15 min) at 2025-11-18 10:15:00
[2025-12-07 18:59:30] [INFO] Added activity log: Chilling (15 min) at 2025-11-18 15:47:00
[2025-12-07 18:59:30] [INFO] Added activity log: Chilling (15 min) at 2025-11-18 15:47:00
[2025-12-07 18:59:30] [INFO] Added activity log: Chilling (15 min) at 2025-11-18 15:47:00
[2025-12-07 18:59:30] [INFO] Added activity log: Chilling (15 min) at 2025-11-18 16:00:00
[2025-12-07 18:59:30] [INFO] Added activity log: Chilling (15 min) at 2025-11-18 16:15:00
[2025-12-07 18:59:30] [INFO] Added activity log: Chilling (15 min) at 2025-11-18 18:00:00
[2025-12-07 18:59:30] [INFO] Added activity log: Chilling (15 min) at 2025-11-18 18:15:00
[2025-12-07 18:59:30] [INFO] Added activity log: Business (15 min) at 2025-11-18 18:30:00
[2025-12-07 18:59:30] [INFO] Added activity log: Business (15 min) at 2025-11-18 18:45:00
[2025-12-07 18:59:30] [INFO] Added activity log: Chilling (15 min) at 2025-11-18 19:06:00
[2025-12-07 18:59:30] [INFO] Added activity log: Chilling (15 min) at 2025-11-18 19:29:00
[2025-12-07 18:59:30] [INFO] Added activity log: Chilling (15 min) at 2025-11-18 19:30:00
[2025-12-07 18:59:30] [INFO] Added activity log: Chilling (15 min) at 2025-11-18 19:45:00
[2025-12-07 18:59:30] [INFO] Added activity log: Chilling (15 min) at 2025-11-18 20:00:00
[2025-12-07 18:59:30] [INFO] Added activity log: Chilling (15 min) at 2025-11-18 20:17:00
[2025-12-07 18:59:30] [INFO] Added activity log: Chilling (15 min) at 2025-11-18 20:54:00
[2025-12-07 18:59:30] [INFO] Added activity log: Chilling (15 min) at 2025-11-18 20:54:00
[2025-12-07 18:59:30] [INFO] Added activity log: Working (15 min) at 2025-11-18 21:00:00
[2025-12-07 18:59:30] [INFO] Added activity log: Working (15 min) at 2025-11-18 21:15:00
[2025-12-07 18:59:30] [INFO] Added activity log: Working (15 min) at 2025-11-18 21:34:00
[2025-12-07 18:59:30] [INFO] Added activity log: Working (15 min) at 2025-11-18 21:45:00
[2025-12-07 18:59:30] [INFO] Added activity log: Working (15 min) at 2025-11-18 22:00:00
[2025-12-07 18:59:30] [INFO] Added activity log: Working (15 min) at 2025-11-18 22:15:00
[2025-12-07 18:59:30] [INFO] Added activity log: Working (15 min) at 2025-11-18 22:30:00
[2025-12-07 18:59:30] [INFO] Added activity log: Working (15 min) at 2025-11-18 22:45:00
[2025-12-07 18:59:30] [INFO] Added activity log: Working (15 min) at 2025-11-18 23:00:00
[2025-12-07 18:59:30] [INFO] Added activity log: Working (15 min) at 2025-11-18 23:15:00
[2025-12-07 18:59:30] [INFO] Added activity log: Working (15 min) at 2025-11-18 23:30:00
[2025-12-07 18:59:30] [INFO] Added activity log: Working (15 min) at 2025-11-18 23:45:00
[2025-12-07 18:59:30] [INFO] Migrated 298 entries from 2025-11-18_report.xlsx
[2025-12-07 18:59:30] [INFO] Added activity log: Working (15 min) at 2025-11-03 03:51:00
[2025-12-07 18:59:30] [INFO] Added activity log: Working (15 min) at 2025-11-03 04:03:00
[2025-12-07 18:59:30] [INFO] Added activity log: Chilling (15 min) at 2025-11-03 23:15:00
[2025-12-07 18:59:30] [INFO] Added activity log: Chilling (15 min) at 2025-11-03 23:40:00
[2025-12-07 18:59:30] [INFO] Added activity log: Chilling (15 min) at 2025-11-03 23:45:00
[2025-12-07 18:59:30] [INFO] Migrated 5 entries from 2025-11-03_report.xlsx
[2025-12-07 18:59:30] [INFO] Added activity log: Chilling (15 min) at 2025-11-24 00:00:00
[2025-12-07 18:59:30] [INFO] Added activity log: Chilling (15 min) at 2025-11-24 00:15:00
[2025-12-07 18:59:30] [INFO] Added activity log: Chilling (15 min) at 2025-11-24 00:36:00
[2025-12-07 18:59:30] [INFO] Added activity log: Chilling (15 min) at 2025-11-24 10:46:00
[2025-12-07 18:59:30] [INFO] Added activity log: Chilling (15 min) at 2025-11-24 11:00:00
[2025-12-07 18:59:30] [INFO] Added activity log: Chilling (15 min) at 2025-11-24 11:33:00
[2025-12-07 18:59:30] [INFO] Added activity log: Chilling (15 min) at 2025-11-24 11:33:00
[2025-12-07 18:59:30] [INFO] Added activity log: Chilling (15 min) at 2025-11-24 11:45:00
[2025-12-07 18:59:30] [INFO] Added activity log: Working (15 min) at 2025-11-24 22:30:00
[2025-12-07 18:59:30] [INFO] Added activity log: Chilling (15 min) at 2025-11-24 22:54:00
[2025-12-07 18:59:30] [INFO] Added activity log: Working (15 min) at 2025-11-24 23:00:00
[2025-12-07 18:59:30] [INFO] Added activity log: Business (15 min) at 2025-11-24 23:15:00
[2025-12-07 18:59:30] [INFO] Added activity log: Business (15 min) at 2025-11-24 23:30:00
[2025-12-07 18:59:30] [INFO] Migrated 13 entries from 2025-11-24_report.xlsx
[2025-12-07 18:59:30] [INFO] Added activity log: Chilling (15 min) at 2025-11-13 01:01:00
[2025-12-07 18:59:30] [INFO] Added activity log: Chilling (15 min) at 2025-11-13 01:15:00
[2025-12-07 18:59:30] [INFO] Added activity log: Chilling (15 min) at 2025-11-13 01:30:00
[2025-12-07 18:59:30] [INFO] Added activity log: Chilling (15 min) at 2025-11-13 01:52:00
[2025-12-07 18:59:30] [INFO] Added activity log: Chilling (15 min) at 2025-11-13 02:02:00
[2025-12-07 18:59:30] [INFO] Added activity log: Chilling (15 min) at 2025-11-13 02:16:00
[2025-12-07 18:59:30] [INFO] Added activity log: Chilling (15 min) at 2025-11-13 02:34:00
[2025-12-07 18:59:30] [INFO] Added activity log: Chilling (15 min) at 2025-11-13 09:30:00
[2025-12-07 18:59:30] [INFO] Added activity log: Gaming (15 min) at 2025-11-13 11:13:00
[2025-12-07 18:59:30] [INFO] Added activity log: Gaming (15 min) at 2025-11-13 11:13:00
[2025-12-07 18:59:30] [INFO] Added activity log: Gaming (15 min) at 2025-11-13 11:13:00
[2025-12-07 18:59:30] [INFO] Added activity log: Gaming (15 min) at 2025-11-13 11:13:00
[2025-12-07 18:59:30] [INFO] Added activity log: Gaming (15 min) at 2025-11-13 11:13:00
[2025-12-07 18:59:30] [INFO] Added activity log: Chilling (15 min) at 2025-11-13 11:33:00
[2025-12-07 18:59:30] [INFO] Added activity log: Chilling (15 min) at 2025-11-13 11:33:00
[2025-12-07 18:59:30] [INFO] Added activity log: Chilling (15 min) at 2025-11-13 11:54:00
[2025-12-07 18:59:30] [INFO] Added activity log: Chilling (15 min) at 2025-11-13 12:19:00
[2025-12-07 18:59:30] [INFO] Added activity log: Chilling (15 min) at 2025-11-13 12:19:00
[2025-12-07 18:59:30] [INFO] Added activity log: Chilling (15 min) at 2025-11-13 13:13:00
[2025-12-07 18:59:30] [INFO] Added activity log: Gaming (15 min) at 2025-11-13 13:13:00
[2025-12-07 18:59:30] [INFO] Added activity log: Chilling (15 min) at 2025-11-13 13:13:00
[2025-12-07 18:59:30] [INFO] Added activity log: Working (15 min) at 2025-11-13 15:00:00
[2025-12-07 18:59:30] [INFO] Added activity log: Chilling (15 min) at 2025-11-13 15:22:00
[2025-12-07 18:59:30] [INFO] Added activity log: Chilling (15 min) at 2025-11-13 15:30:00
[2025-12-07 18:59:30] [INFO] Added activity log: Chilling (15 min) at 2025-11-13 15:45:00
[2025-12-07 18:59:30] [INFO] Added activity log: Chilling (15 min) at 2025-11-13 16:00:00
[2025-12-07 18:59:30] [INFO] Added activity log: Chilling (15 min) at 2025-11-13 16:15:00
[2025-12-07 18:59:30] [INFO] Added activity log: Working (15 min) at 2025-11-13 16:30:00
[2025-12-07 18:59:30] [INFO] Added activity log: Working (15 min) at 2025-11-13 16:45:00
[2025-12-07 18:59:31] [INFO] Added activity log: Working (15 min) at 2025-11-13 17:00:00
[2025-12-07 18:59:31] [INFO] Added activity log: Working (15 min) at 2025-11-13 17:15:00
[2025-12-07 18:59:31] [INFO] Added activity log: Chilling (15 min) at 2025-11-13 17:30:00
[2025-12-07 18:59:31] [INFO] Added activity log: Chilling (15 min) at 2025-11-13 19:07:00
[2025-12-07 18:59:31] [INFO] Added activity log: Chilling (15 min) at 2025-11-13 19:07:00
[2025-12-07 18:59:31] [INFO] Added activity log: Chilling (15 min) at 2025-11-13 19:07:00
[2025-12-07 18:59:31] [INFO] Added activity log: Gaming (15 min) at 2025-11-13 19:31:00
[2025-12-07 18:59:31] [INFO] Added activity log: Gaming (15 min) at 2025-11-13 19:31:00
[2025-12-07 18:59:31] [INFO] Added activity log: Chilling (15 min) at 2025-11-13 19:56:00
[2025-12-07 18:59:31] [INFO] Added activity log: Chilling (15 min) at 2025-11-13 20:21:00
[2025-12-07 18:59:31] [INFO] Added activity log: Chilling (15 min) at 2025-11-13 20:21:00
[2025-12-07 18:59:31] [INFO] Added activity log: Chilling (15 min) at 2025-11-13 22:25:00
[2025-12-07 18:59:31] [INFO] Added activity log: Chilling (15 min) at 2025-11-13 22:25:00
[2025-12-07 18:59:31] [INFO] Added activity log: Chilling (15 min) at 2025-11-13 22:25:00
[2025-12-07 18:59:31] [INFO] Added activity log: Chilling (15 min) at 2025-11-13 22:25:00
[2025-12-07 18:59:31] [INFO] Added activity log: Chilling (15 min) at 2025-11-13 22:25:00
[2025-12-07 18:59:31] [INFO] Added activity log: Chilling (15 min) at 2025-11-13 22:25:00
[2025-12-07 18:59:31] [INFO] Added activity log: Chilling (15 min) at 2025-11-13 22:25:00
[2025-12-07 18:59:31] [INFO] Added activity log: Chilling (15 min) at 2025-11-13 22:25:00
[2025-12-07 18:59:31] [INFO] Added activity log: Chilling (15 min) at 2025-11-13 22:34:00
[2025-12-07 18:59:31] [INFO] Added activity log: Chilling (15 min) at 2025-11-13 23:30:00
[2025-12-07 18:59:31] [INFO] Added activity log: Chilling (15 min) at 2025-11-13 23:30:00
[2025-12-07 18:59:31] [INFO] Added activity log: Chilling (15 min) at 2025-11-13 23:30:00
[2025-12-07 18:59:31] [INFO] Added activity log: Chilling (15 min) at 2025-11-13 23:30:00
[2025-12-07 18:59:31] [INFO] Added activity log: Chilling (15 min) at 2025-11-13 23:47:00
[2025-12-07 18:59:31] [INFO] Migrated 54 entries from 2025-11-13_report.xlsx
[2025-12-07 18:59:31] [INFO] Added activity log: Chilling (15 min) at 2025-11-09 10:29:00
[2025-12-07 18:59:31] [INFO] Added activity log: Chilling (15 min) at 2025-11-09 10:48:00
[2025-12-07 18:59:31] [INFO] Added activity log: Chilling (15 min) at 2025-11-09 10:48:00
[2025-12-07 18:59:31] [INFO] Added activity log: Chilling (15 min) at 2025-11-09 11:00:00
[2025-12-07 18:59:31] [INFO] Added activity log: Working (15 min) at 2025-11-09 11:15:00
[2025-12-07 18:59:31] [INFO] Added activity log: Chilling (15 min) at 2025-11-09 11:39:00
[2025-12-07 18:59:31] [INFO] Added activity log: Chilling (15 min) at 2025-11-09 11:45:00
[2025-12-07 18:59:31] [INFO] Added activity log: Chilling (15 min) at 2025-11-09 12:00:00
[2025-12-07 18:59:31] [INFO] Added activity log: Chilling (15 min) at 2025-11-09 12:25:00
[2025-12-07 18:59:31] [INFO] Added activity log: Chilling (15 min) at 2025-11-09 12:30:00
[2025-12-07 18:59:31] [INFO] Added activity log: Chilling (15 min) at 2025-11-09 12:45:00
[2025-12-07 18:59:31] [INFO] Added activity log: Gaming (15 min) at 2025-11-09 13:29:00
[2025-12-07 18:59:31] [INFO] Added activity log: Gaming (15 min) at 2025-11-09 13:29:00
[2025-12-07 18:59:31] [INFO] Added activity log: Chilling (15 min) at 2025-11-09 13:40:00
[2025-12-07 18:59:31] [INFO] Added activity log: Working (15 min) at 2025-11-09 13:45:00
[2025-12-07 18:59:31] [INFO] Added activity log: Chilling (15 min) at 2025-11-09 14:00:00
[2025-12-07 18:59:31] [INFO] Added activity log: Working (15 min) at 2025-11-09 14:15:00
[2025-12-07 18:59:31] [INFO] Added activity log: Working (15 min) at 2025-11-09 14:30:00
[2025-12-07 18:59:31] [INFO] Added activity log: Chilling (15 min) at 2025-11-09 14:51:00
[2025-12-07 18:59:31] [INFO] Added activity log: Working (15 min) at 2025-11-09 15:00:00
[2025-12-07 18:59:31] [INFO] Added activity log: Working (15 min) at 2025-11-09 15:15:00
[2025-12-07 18:59:31] [INFO] Added activity log: Working (15 min) at 2025-11-09 15:30:00
[2025-12-07 18:59:31] [INFO] Added activity log: Working (15 min) at 2025-11-09 15:45:00
[2025-12-07 18:59:31] [INFO] Added activity log: Working (15 min) at 2025-11-09 16:00:00
[2025-12-07 18:59:31] [INFO] Added activity log: Working (15 min) at 2025-11-09 16:15:00
[2025-12-07 18:59:31] [INFO] Added activity log: Chilling (15 min) at 2025-11-09 16:35:00
[2025-12-07 18:59:31] [INFO] Added activity log: Working (15 min) at 2025-11-09 16:45:00
[2025-12-07 18:59:31] [INFO] Added activity log: Working (15 min) at 2025-11-09 17:00:00
[2025-12-07 18:59:31] [INFO] Added activity log: Working (15 min) at 2025-11-09 17:15:00
[2025-12-07 18:59:31] [INFO] Added activity log: Chilling (15 min) at 2025-11-09 17:40:00
[2025-12-07 18:59:31] [INFO] Added activity log: Chilling (15 min) at 2025-11-09 17:50:00
[2025-12-07 18:59:31] [INFO] Added activity log: Working (15 min) at 2025-11-09 18:00:00
[2025-12-07 18:59:31] [INFO] Added activity log: Working (15 min) at 2025-11-09 18:15:00
[2025-12-07 18:59:31] [INFO] Added activity log: Working (15 min) at 2025-11-09 18:36:00
[2025-12-07 18:59:31] [INFO] Added activity log: Chilling (15 min) at 2025-11-09 18:45:00
[2025-12-07 18:59:31] [INFO] Added activity log: Working (15 min) at 2025-11-09 19:00:00
[2025-12-07 18:59:31] [INFO] Added activity log: Working (15 min) at 2025-11-09 19:15:00
[2025-12-07 18:59:31] [INFO] Added activity log: Working (15 min) at 2025-11-09 19:30:00
[2025-12-07 18:59:31] [INFO] Added activity log: Chilling (15 min) at 2025-11-09 19:45:00
[2025-12-07 18:59:31] [INFO] Added activity log: Working (15 min) at 2025-11-09 20:00:00
[2025-12-07 18:59:31] [INFO] Added activity log: Business (15 min) at 2025-11-09 20:15:00
[2025-12-07 18:59:31] [INFO] Added activity log: Business (15 min) at 2025-11-09 20:30:00
[2025-12-07 18:59:31] [INFO] Added activity log: Business (15 min) at 2025-11-09 20:45:00
[2025-12-07 18:59:31] [INFO] Added activity log: Business (15 min) at 2025-11-09 21:00:00
[2025-12-07 18:59:31] [INFO] Added activity log: Business (15 min) at 2025-11-09 21:15:00
[2025-12-07 18:59:31] [INFO] Added activity log: Gaming (15 min) at 2025-11-09 21:46:00
[2025-12-07 18:59:31] [INFO] Added activity log: Gaming (15 min) at 2025-11-09 21:46:00
[2025-12-07 18:59:31] [INFO] Migrated 47 entries from 2025-11-09_report.xlsx
[2025-12-07 18:59:31] [INFO] Added activity log: Chilling (15 min) at 2025-11-23 01:15:00
[2025-12-07 18:59:31] [INFO] Added activity log: Chilling (15 min) at 2025-11-23 01:15:00
[2025-12-07 18:59:31] [INFO] Added activity log: Chilling (15 min) at 2025-11-23 01:30:00
[2025-12-07 18:59:31] [INFO] Added activity log: Chilling (15 min) at 2025-11-23 01:45:00
[2025-12-07 18:59:31] [INFO] Added activity log: Chilling (15 min) at 2025-11-23 02:00:00
[2025-12-07 18:59:31] [INFO] Added activity log: Chilling (15 min) at 2025-11-23 02:22:00
[2025-12-07 18:59:31] [INFO] Added activity log: Chilling (15 min) at 2025-11-23 03:15:00
[2025-12-07 18:59:31] [INFO] Added activity log: Chilling (15 min) at 2025-11-23 12:16:00
[2025-12-07 18:59:31] [INFO] Added activity log: Chilling (15 min) at 2025-11-23 12:31:00
[2025-12-07 18:59:31] [INFO] Added activity log: Chilling (15 min) at 2025-11-23 12:45:00
[2025-12-07 18:59:31] [INFO] Added activity log: Chilling (15 min) at 2025-11-23 13:00:00
[2025-12-07 18:59:31] [INFO] Added activity log: Chilling (15 min) at 2025-11-23 13:15:00
[2025-12-07 18:59:31] [INFO] Added activity log: Chilling (15 min) at 2025-11-23 13:30:00
[2025-12-07 18:59:31] [INFO] Added activity log: Chilling (15 min) at 2025-11-23 13:45:00
[2025-12-07 18:59:31] [INFO] Added activity log: Chilling (15 min) at 2025-11-23 14:06:00
[2025-12-07 18:59:31] [INFO] Added activity log: Chilling (15 min) at 2025-11-23 14:20:00
[2025-12-07 18:59:31] [INFO] Added activity log: Chilling (15 min) at 2025-11-23 14:52:00
[2025-12-07 18:59:31] [INFO] Added activity log: Chilling (15 min) at 2025-11-23 14:52:00
[2025-12-07 18:59:31] [INFO] Added activity log: Chilling (15 min) at 2025-11-23 15:04:00
[2025-12-07 18:59:31] [INFO] Added activity log: Chilling (15 min) at 2025-11-23 15:15:00
[2025-12-07 18:59:31] [INFO] Added activity log: Chilling (15 min) at 2025-11-23 15:35:00
[2025-12-07 18:59:31] [INFO] Added activity log: Chilling (15 min) at 2025-11-23 15:46:00
[2025-12-07 18:59:31] [INFO] Added activity log: Chilling (15 min) at 2025-11-23 17:45:00
[2025-12-07 18:59:31] [INFO] Added activity log: Chilling (15 min) at 2025-11-23 18:00:00
[2025-12-07 18:59:31] [INFO] Added activity log: Working (15 min) at 2025-11-23 18:15:00
[2025-12-07 18:59:31] [INFO] Added activity log: Working (15 min) at 2025-11-23 18:30:00
[2025-12-07 18:59:31] [INFO] Added activity log: Chilling (15 min) at 2025-11-23 18:48:00
[2025-12-07 18:59:31] [INFO] Added activity log: Chilling (15 min) at 2025-11-23 19:11:00
[2025-12-07 18:59:31] [INFO] Added activity log: Chilling (15 min) at 2025-11-23 19:15:00
[2025-12-07 18:59:31] [INFO] Added activity log: Chilling (15 min) at 2025-11-23 19:30:00
[2025-12-07 18:59:31] [INFO] Added activity log: Chilling (15 min) at 2025-11-23 19:45:00
[2025-12-07 18:59:31] [INFO] Added activity log: Chilling (15 min) at 2025-11-23 20:00:00
[2025-12-07 18:59:31] [INFO] Added activity log: Chilling (15 min) at 2025-11-23 20:15:00
[2025-12-07 18:59:32] [INFO] Added activity log: Chilling (15 min) at 2025-11-23 20:44:00
[2025-12-07 18:59:32] [INFO] Added activity log: Chilling (15 min) at 2025-11-23 20:45:00
[2025-12-07 18:59:32] [INFO] Added activity log: Chilling (15 min) at 2025-11-23 21:00:00
[2025-12-07 18:59:32] [INFO] Added activity log: Chilling (15 min) at 2025-11-23 21:37:00
[2025-12-07 18:59:32] [INFO] Added activity log: Chilling (15 min) at 2025-11-23 21:37:00
[2025-12-07 18:59:32] [INFO] Added activity log: Working (15 min) at 2025-11-23 21:45:00
[2025-12-07 18:59:32] [INFO] Added activity log: Chilling (15 min) at 2025-11-23 22:00:00
[2025-12-07 18:59:32] [INFO] Added activity log: Chilling (15 min) at 2025-11-23 22:15:00
[2025-12-07 18:59:32] [INFO] Added activity log: Chilling (15 min) at 2025-11-23 22:30:00
[2025-12-07 18:59:32] [INFO] Added activity log: Chilling (15 min) at 2025-11-23 23:07:00
[2025-12-07 18:59:32] [INFO] Added activity log: Chilling (15 min) at 2025-11-23 23:07:00
[2025-12-07 18:59:32] [INFO] Added activity log: Chilling (15 min) at 2025-11-23 23:16:00
[2025-12-07 18:59:32] [INFO] Added activity log: Chilling (15 min) at 2025-11-23 23:30:00
[2025-12-07 18:59:32] [INFO] Added activity log: Chilling (15 min) at 2025-11-23 23:45:00
[2025-12-07 18:59:32] [INFO] Migrated 47 entries from 2025-11-23_report.xlsx
[2025-12-07 18:59:32] [INFO] Added activity log: Working (15 min) at 2025-12-06 08:15:00
[2025-12-07 18:59:32] [INFO] Added activity log: Working (15 min) at 2025-12-06 08:30:00
[2025-12-07 18:59:32] [INFO] Added activity log: Chilling (15 min) at 2025-12-06 08:52:00
[2025-12-07 18:59:32] [INFO] Added activity log: Business (15 min) at 2025-12-06 10:00:00
[2025-12-07 18:59:32] [INFO] Added activity log: Business (15 min) at 2025-12-06 10:15:00
[2025-12-07 18:59:32] [INFO] Added activity log: Chilling (15 min) at 2025-12-06 11:15:00
[2025-12-07 18:59:32] [INFO] Added activity log: Working (15 min) at 2025-12-06 11:30:00
[2025-12-07 18:59:32] [INFO] Added activity log: Chilling (15 min) at 2025-12-06 14:35:00
[2025-12-07 18:59:32] [INFO] Added activity log: Chilling (15 min) at 2025-12-06 14:45:00
[2025-12-07 18:59:32] [INFO] Added activity log: Chilling (15 min) at 2025-12-06 15:15:00
[2025-12-07 18:59:32] [INFO] Added activity log: Chilling (15 min) at 2025-12-06 15:15:00
[2025-12-07 18:59:32] [INFO] Added activity log: Chilling (15 min) at 2025-12-06 18:00:00
[2025-12-07 18:59:32] [INFO] Added activity log: Chilling (15 min) at 2025-12-06 18:15:00
[2025-12-07 18:59:32] [INFO] Added activity log: Working (15 min) at 2025-12-06 18:30:00
[2025-12-07 18:59:32] [INFO] Added activity log: Chilling (15 min) at 2025-12-06 19:10:00
[2025-12-07 18:59:32] [INFO] Added activity log: Chilling (15 min) at 2025-12-06 19:27:00
[2025-12-07 18:59:32] [INFO] Added activity log: Chilling (15 min) at 2025-12-06 19:30:00
[2025-12-07 18:59:32] [INFO] Added activity log: Working (15 min) at 2025-12-06 19:45:00
[2025-12-07 18:59:32] [INFO] Added activity log: Working (15 min) at 2025-12-06 20:00:00
[2025-12-07 18:59:32] [INFO] Added activity log: Chilling (15 min) at 2025-12-06 20:15:00
[2025-12-07 18:59:32] [INFO] Added activity log: Working (15 min) at 2025-12-06 22:00:00
[2025-12-07 18:59:32] [INFO] Added activity log: Working (15 min) at 2025-12-06 22:15:00
[2025-12-07 18:59:32] [INFO] Added activity log: Working (15 min) at 2025-12-06 22:30:00
[2025-12-07 18:59:32] [INFO] Added activity log: Working (15 min) at 2025-12-06 22:45:00
[2025-12-07 18:59:32] [INFO] Added activity log: Working (15 min) at 2025-12-06 23:15:00
[2025-12-07 18:59:32] [INFO] Added activity log: Working (15 min) at 2025-12-06 23:30:00
[2025-12-07 18:59:32] [INFO] Added activity log: Working (15 min) at 2025-12-06 23:46:00
[2025-12-07 18:59:32] [INFO] Migrated 27 entries from 2025-12-06_report.xlsx
[2025-12-07 18:59:32] [INFO] Added activity log: Working (15 min) at 2025-11-05 09:30:00
[2025-12-07 18:59:32] [INFO] Added activity log: Chilling (15 min) at 2025-11-05 09:45:00
[2025-12-07 18:59:32] [INFO] Added activity log: Chilling (15 min) at 2025-11-05 10:00:00
[2025-12-07 18:59:32] [INFO] Added activity log: Chilling (15 min) at 2025-11-05 10:15:00
[2025-12-07 18:59:32] [INFO] Added activity log: Chilling (15 min) at 2025-11-05 10:31:00
[2025-12-07 18:59:32] [INFO] Added activity log: Chilling (15 min) at 2025-11-05 10:45:00
[2025-12-07 18:59:32] [INFO] Added activity log: Working (15 min) at 2025-11-05 11:00:00
[2025-12-07 18:59:32] [INFO] Added activity log: Working (15 min) at 2025-11-05 11:15:00
[2025-12-07 18:59:32] [INFO] Added activity log: Working (15 min) at 2025-11-05 11:32:00
[2025-12-07 18:59:32] [INFO] Added activity log: Working (15 min) at 2025-11-05 11:46:00
[2025-12-07 18:59:32] [INFO] Added activity log: Chilling (15 min) at 2025-11-05 12:00:00
[2025-12-07 18:59:32] [INFO] Added activity log: Chilling (15 min) at 2025-11-05 12:15:00
[2025-12-07 18:59:32] [INFO] Added activity log: Working (15 min) at 2025-11-05 12:30:00
[2025-12-07 18:59:32] [INFO] Added activity log: Working (15 min) at 2025-11-05 12:45:00
[2025-12-07 18:59:32] [INFO] Added activity log: Chilling (15 min) at 2025-11-05 13:00:00
[2025-12-07 18:59:32] [INFO] Added activity log: Chilling (15 min) at 2025-11-05 13:15:00
[2025-12-07 18:59:32] [INFO] Added activity log: Working (15 min) at 2025-11-05 13:30:00
[2025-12-07 18:59:32] [INFO] Added activity log: Chilling (15 min) at 2025-11-05 19:00:00
[2025-12-07 18:59:32] [INFO] Added activity log: Chilling (15 min) at 2025-11-05 19:15:00
[2025-12-07 18:59:32] [INFO] Added activity log: Chilling (15 min) at 2025-11-05 19:30:00
[2025-12-07 18:59:32] [INFO] Added activity log: Chilling (15 min) at 2025-11-05 19:45:00
[2025-12-07 18:59:32] [INFO] Added activity log: Chilling (15 min) at 2025-11-05 20:00:00
[2025-12-07 18:59:32] [INFO] Added activity log: Chilling (15 min) at 2025-11-05 20:15:00
[2025-12-07 18:59:32] [INFO] Added activity log: Chilling (15 min) at 2025-11-05 20:30:00
[2025-12-07 18:59:32] [INFO] Added activity log: Chilling (15 min) at 2025-11-05 20:45:00
[2025-12-07 18:59:32] [INFO] Added activity log: Chilling (15 min) at 2025-11-05 21:00:00
[2025-12-07 18:59:32] [INFO] Added activity log: Chilling (15 min) at 2025-11-05 21:17:00
[2025-12-07 18:59:32] [INFO] Added activity log: Chilling (15 min) at 2025-11-05 21:43:00
[2025-12-07 18:59:32] [INFO] Added activity log: Chilling (15 min) at 2025-11-05 21:45:00
[2025-12-07 18:59:32] [INFO] Added activity log: Chilling (15 min) at 2025-11-05 22:00:00
[2025-12-07 18:59:32] [INFO] Added activity log: Chilling (15 min) at 2025-11-05 22:27:00
[2025-12-07 18:59:32] [INFO] Added activity log: Chilling (15 min) at 2025-11-05 22:30:00
[2025-12-07 18:59:32] [INFO] Added activity log: Business (15 min) at 2025-11-05 22:45:00
[2025-12-07 18:59:32] [INFO] Added activity log: Business (15 min) at 2025-11-05 23:00:00
[2025-12-07 18:59:32] [INFO] Added activity log: Business (15 min) at 2025-11-05 23:15:00
[2025-12-07 18:59:32] [INFO] Added activity log: Business (15 min) at 2025-11-05 23:30:00
[2025-12-07 18:59:32] [INFO] Added activity log: Chilling (15 min) at 2025-11-05 23:45:00
[2025-12-07 18:59:32] [INFO] Added activity log: Working (15 min) at 2025-11-06 00:00:00
[2025-12-07 18:59:32] [INFO] Added activity log: Chilling (15 min) at 2025-11-06 00:15:00
[2025-12-07 18:59:32] [INFO] Added activity log: Working (15 min) at 2025-11-06 00:30:00
[2025-12-07 18:59:32] [INFO] Added activity log: Chilling (15 min) at 2025-11-06 00:45:00
[2025-12-07 18:59:32] [INFO] Added activity log: Chilling (15 min) at 2025-11-06 11:00:00
[2025-12-07 18:59:32] [INFO] Added activity log: Chilling (15 min) at 2025-11-06 11:26:00
[2025-12-07 18:59:32] [INFO] Added activity log: Chilling (15 min) at 2025-11-06 11:31:00
[2025-12-07 18:59:32] [INFO] Added activity log: Chilling (15 min) at 2025-11-06 11:48:00
[2025-12-07 18:59:32] [INFO] Added activity log: Chilling (15 min) at 2025-11-06 12:02:00
[2025-12-07 18:59:32] [INFO] Added activity log: Chilling (15 min) at 2025-11-06 12:17:00
[2025-12-07 18:59:32] [INFO] Added activity log: Chilling (15 min) at 2025-11-06 12:30:00
[2025-12-07 18:59:32] [INFO] Added activity log: Chilling (15 min) at 2025-11-06 12:45:00
[2025-12-07 18:59:32] [INFO] Added activity log: Chilling (15 min) at 2025-11-06 13:00:00
[2025-12-07 18:59:32] [INFO] Added activity log: Working (15 min) at 2025-11-06 13:15:00
[2025-12-07 18:59:32] [INFO] Added activity log: Chilling (15 min) at 2025-11-06 13:30:00
[2025-12-07 18:59:32] [INFO] Added activity log: Working (15 min) at 2025-11-06 13:45:00
[2025-12-07 18:59:32] [INFO] Added activity log: Working (15 min) at 2025-11-06 14:00:00
[2025-12-07 18:59:32] [INFO] Added activity log: Working (15 min) at 2025-11-06 14:15:00
[2025-12-07 18:59:32] [INFO] Added activity log: Working (15 min) at 2025-11-06 14:30:00
[2025-12-07 18:59:32] [INFO] Added activity log: Chilling (15 min) at 2025-11-06 14:46:00
[2025-12-07 18:59:32] [INFO] Added activity log: Chilling (15 min) at 2025-11-06 15:09:00
[2025-12-07 18:59:32] [INFO] Added activity log: Chilling (15 min) at 2025-11-06 15:20:00
[2025-12-07 18:59:32] [INFO] Added activity log: Chilling (15 min) at 2025-11-06 15:32:00
[2025-12-07 18:59:32] [INFO] Added activity log: Chilling (15 min) at 2025-11-06 16:16:00
[2025-12-07 18:59:33] [INFO] Added activity log: Chilling (15 min) at 2025-11-06 16:16:00
[2025-12-07 18:59:33] [INFO] Added activity log: Chilling (15 min) at 2025-11-06 16:16:00
[2025-12-07 18:59:33] [INFO] Added activity log: Chilling (15 min) at 2025-11-06 19:15:00
[2025-12-07 18:59:33] [INFO] Added activity log: Academics (15 min) at 2025-11-06 19:30:00
[2025-12-07 18:59:33] [INFO] Added activity log: Chilling (15 min) at 2025-11-06 19:45:00
[2025-12-07 18:59:33] [INFO] Added activity log: Chilling (15 min) at 2025-11-06 20:00:00
[2025-12-07 18:59:33] [INFO] Added activity log: Chilling (15 min) at 2025-11-06 20:15:00
[2025-12-07 18:59:33] [INFO] Added activity log: Chilling (15 min) at 2025-11-06 20:30:00
[2025-12-07 18:59:33] [INFO] Added activity log: Chilling (15 min) at 2025-11-06 20:45:00
[2025-12-07 18:59:33] [INFO] Added activity log: Chilling (15 min) at 2025-11-06 21:00:00
[2025-12-07 18:59:33] [INFO] Added activity log: Chilling (15 min) at 2025-11-06 21:16:00
[2025-12-07 18:59:33] [INFO] Added activity log: Chilling (15 min) at 2025-11-06 21:30:00
[2025-12-07 18:59:33] [INFO] Added activity log: Chilling (15 min) at 2025-11-06 21:45:00
[2025-12-07 18:59:33] [INFO] Added activity log: Chilling (15 min) at 2025-11-06 22:00:00
[2025-12-07 18:59:33] [INFO] Added activity log: Chilling (15 min) at 2025-11-06 22:15:00
[2025-12-07 18:59:33] [INFO] Added activity log: Chilling (15 min) at 2025-11-06 22:30:00
[2025-12-07 18:59:33] [INFO] Added activity log: Chilling (15 min) at 2025-11-06 22:51:00
[2025-12-07 18:59:33] [INFO] Added activity log: Chilling (15 min) at 2025-11-06 23:00:00
[2025-12-07 18:59:33] [INFO] Added activity log: Chilling (15 min) at 2025-11-06 23:15:00
[2025-12-07 18:59:33] [INFO] Added activity log: Chilling (15 min) at 2025-11-06 23:30:00
[2025-12-07 18:59:33] [INFO] Added activity log: Chilling (15 min) at 2025-11-06 23:45:00
[2025-12-07 18:59:33] [INFO] Added activity log: Chilling (15 min) at 2025-11-07 00:00:00
[2025-12-07 18:59:33] [INFO] Added activity log: Chilling (15 min) at 2025-11-07 22:15:00
[2025-12-07 18:59:33] [INFO] Added activity log: Chilling (15 min) at 2025-11-07 22:34:00
[2025-12-07 18:59:33] [INFO] Added activity log: Chilling (15 min) at 2025-11-07 23:11:00
[2025-12-07 18:59:33] [INFO] Added activity log: Chilling (15 min) at 2025-11-07 23:11:00
[2025-12-07 18:59:33] [INFO] Added activity log: Chilling (15 min) at 2025-11-07 23:43:00
[2025-12-07 18:59:33] [INFO] Added activity log: Chilling (15 min) at 2025-11-07 23:43:00
[2025-12-07 18:59:33] [INFO] Migrated 89 entries from 2025-11-07_report.xlsx
[2025-12-07 18:59:33] [INFO] Added activity log: Chilling (15 min) at 2025-11-28 15:00:00
[2025-12-07 18:59:33] [INFO] Added activity log: Chilling (15 min) at 2025-11-28 15:00:00
[2025-12-07 18:59:33] [INFO] Added activity log: Working (15 min) at 2025-11-28 15:15:00
[2025-12-07 18:59:33] [INFO] Added activity log: Working (15 min) at 2025-11-28 16:15:00
[2025-12-07 18:59:33] [INFO] Added activity log: Chilling (15 min) at 2025-11-28 16:31:00
[2025-12-07 18:59:33] [INFO] Added activity log: Chilling (15 min) at 2025-11-28 16:45:00
[2025-12-07 18:59:33] [INFO] Added activity log: Working (15 min) at 2025-11-28 17:00:00
[2025-12-07 18:59:33] [INFO] Migrated 7 entries from 2025-11-28_report.xlsx
[2025-12-07 18:59:33] [INFO] Added activity log: Chilling (15 min) at 2025-11-13 01:01:00
[2025-12-07 18:59:33] [INFO] Added activity log: Chilling (15 min) at 2025-11-13 01:15:00
[2025-12-07 18:59:33] [INFO] Added activity log: Chilling (15 min) at 2025-11-13 01:30:00
[2025-12-07 18:59:33] [INFO] Added activity log: Chilling (15 min) at 2025-11-13 01:52:00
[2025-12-07 18:59:33] [INFO] Added activity log: Chilling (15 min) at 2025-11-13 02:02:00
[2025-12-07 18:59:33] [INFO] Added activity log: Chilling (15 min) at 2025-11-13 02:16:00
[2025-12-07 18:59:33] [INFO] Added activity log: Chilling (15 min) at 2025-11-13 02:34:00
[2025-12-07 18:59:33] [INFO] Added activity log: Chilling (15 min) at 2025-11-13 09:30:00
[2025-12-07 18:59:33] [INFO] Added activity log: Gaming (15 min) at 2025-11-13 11:13:00
[2025-12-07 18:59:33] [INFO] Added activity log: Gaming (15 min) at 2025-11-13 11:13:00
[2025-12-07 18:59:33] [INFO] Added activity log: Gaming (15 min) at 2025-11-13 11:13:00
[2025-12-07 18:59:33] [INFO] Added activity log: Gaming (15 min) at 2025-11-13 11:13:00
[2025-12-07 18:59:33] [INFO] Added activity log: Gaming (15 min) at 2025-11-13 11:13:00
[2025-12-07 18:59:33] [INFO] Added activity log: Chilling (15 min) at 2025-11-13 11:33:00
[2025-12-07 18:59:33] [INFO] Added activity log: Chilling (15 min) at 2025-11-13 11:33:00
[2025-12-07 18:59:33] [INFO] Added activity log: Chilling (15 min) at 2025-11-13 11:54:00
[2025-12-07 18:59:33] [INFO] Added activity log: Chilling (15 min) at 2025-11-13 12:19:00
[2025-12-07 18:59:33] [INFO] Added activity log: Chilling (15 min) at 2025-11-13 12:19:00
[2025-12-07 18:59:33] [INFO] Added activity log: Chilling (15 min) at 2025-11-13 13:13:00
[2025-12-07 18:59:33] [INFO] Added activity log: Gaming (15 min) at 2025-11-13 13:13:00
[2025-12-07 18:59:33] [INFO] Added activity log: Chilling (15 min) at 2025-11-13 13:13:00
[2025-12-07 18:59:33] [INFO] Added activity log: Working (15 min) at 2025-11-13 15:00:00
[2025-12-07 18:59:33] [INFO] Added activity log: Chilling (15 min) at 2025-11-13 15:22:00
[2025-12-07 18:59:33] [INFO] Added activity log: Chilling (15 min) at 2025-11-13 15:30:00
[2025-12-07 18:59:33] [INFO] Added activity log: Chilling (15 min) at 2025-11-13 15:45:00
[2025-12-07 18:59:33] [INFO] Added activity log: Chilling (15 min) at 2025-11-13 16:00:00
[2025-12-07 18:59:33] [INFO] Added activity log: Chilling (15 min) at 2025-11-13 16:15:00
[2025-12-07 18:59:33] [INFO] Added activity log: Working (15 min) at 2025-11-13 16:30:00
[2025-12-07 18:59:33] [INFO] Added activity log: Working (15 min) at 2025-11-13 16:45:00
[2025-12-07 18:59:33] [INFO] Added activity log: Working (15 min) at 2025-11-13 17:00:00
[2025-12-07 18:59:33] [INFO] Added activity log: Working (15 min) at 2025-11-13 17:15:00
[2025-12-07 18:59:33] [INFO] Added activity log: Chilling (15 min) at 2025-11-13 17:30:00
[2025-12-07 18:59:33] [INFO] Added activity log: Chilling (15 min) at 2025-11-13 19:07:00
[2025-12-07 18:59:33] [INFO] Added activity log: Chilling (15 min) at 2025-11-13 19:07:00
[2025-12-07 18:59:33] [INFO] Added activity log: Chilling (15 min) at 2025-11-13 19:07:00
[2025-12-07 18:59:33] [INFO] Added activity log: Gaming (15 min) at 2025-11-13 19:31:00
[2025-12-07 18:59:33] [INFO] Added activity log: Gaming (15 min) at 2025-11-13 19:31:00
[2025-12-07 18:59:33] [INFO] Added activity log: Chilling (15 min) at 2025-11-13 19:56:00
[2025-12-07 18:59:33] [INFO] Added activity log: Chilling (15 min) at 2025-11-13 20:21:00
[2025-12-07 18:59:33] [INFO] Added activity log: Chilling (15 min) at 2025-11-13 20:21:00
[2025-12-07 18:59:33] [INFO] Added activity log: Chilling (15 min) at 2025-11-13 22:25:00
[2025-12-07 18:59:33] [INFO] Added activity log: Chilling (15 min) at 2025-11-13 22:25:00
[2025-12-07 18:59:33] [INFO] Added activity log: Chilling (15 min) at 2025-11-13 22:25:00
[2025-12-07 18:59:33] [INFO] Added activity log: Chilling (15 min) at 2025-11-13 22:25:00
[2025-12-07 18:59:33] [INFO] Added activity log: Chilling (15 min) at 2025-11-13 22:25:00
[2025-12-07 18:59:33] [INFO] Added activity log: Chilling (15 min) at 2025-11-13 22:25:00
[2025-12-07 18:59:33] [INFO] Added activity log: Chilling (15 min) at 2025-11-13 22:25:00
[2025-12-07 18:59:33] [INFO] Added activity log: Chilling (15 min) at 2025-11-13 22:25:00
[2025-12-07 18:59:33] [INFO] Added activity log: Chilling (15 min) at 2025-11-13 22:34:00
[2025-12-07 18:59:33] [INFO] Added activity log: Chilling (15 min) at 2025-11-13 23:30:00
[2025-12-07 18:59:33] [INFO] Added activity log: Chilling (15 min) at 2025-11-13 23:30:00
[2025-12-07 18:59:33] [INFO] Added activity log: Chilling (15 min) at 2025-11-13 23:30:00
[2025-12-07 18:59:33] [INFO] Added activity log: Chilling (15 min) at 2025-11-13 23:30:00
[2025-12-07 18:59:33] [INFO] Added activity log: Chilling (15 min) at 2025-11-13 23:47:00
[2025-12-07 18:59:33] [INFO] Added activity log: Chilling (15 min) at 2025-11-14 00:22:00
[2025-12-07 18:59:33] [INFO] Added activity log: Chilling (15 min) at 2025-11-14 00:22:00
[2025-12-07 18:59:33] [INFO] Added activity log: Chilling (15 min) at 2025-11-14 00:41:00
[2025-12-07 18:59:33] [INFO] Added activity log: Chilling (15 min) at 2025-11-14 00:48:00
[2025-12-07 18:59:33] [INFO] Added activity log: Gaming (15 min) at 2025-11-14 01:26:00
[2025-12-07 18:59:33] [INFO] Added activity log: Gaming (15 min) at 2025-11-14 01:26:00
[2025-12-07 18:59:33] [INFO] Added activity log: Chilling (15 min) at 2025-11-14 01:30:00
[2025-12-07 18:59:33] [INFO] Added activity log: Chilling (15 min) at 2025-11-14 01:45:00
[2025-12-07 18:59:33] [INFO] Added activity log: Chilling (15 min) at 2025-11-14 02:00:00
[2025-12-07 18:59:33] [INFO] Added activity log: Chilling (15 min) at 2025-11-14 09:55:00
[2025-12-07 18:59:33] [INFO] Added activity log: Chilling (15 min) at 2025-11-14 10:00:00
[2025-12-07 18:59:33] [INFO] Added activity log: Gaming (15 min) at 2025-11-14 10:30:00
[2025-12-07 18:59:34] [INFO] Added activity log: Gaming (15 min) at 2025-11-14 10:30:00
[2025-12-07 18:59:34] [INFO] Added activity log: Chilling (15 min) at 2025-11-14 11:05:00
[2025-12-07 18:59:34] [INFO] Added activity log: Chilling (15 min) at 2025-11-14 11:05:00
[2025-12-07 18:59:34] [INFO] Added activity log: Chilling (15 min) at 2025-11-14 11:55:00
[2025-12-07 18:59:34] [INFO] Added activity log: Chilling (15 min) at 2025-11-14 11:55:00
[2025-12-07 18:59:34] [INFO] Added activity log: Chilling (15 min) at 2025-11-14 11:55:00
[2025-12-07 18:59:34] [INFO] Added activity log: Chilling (15 min) at 2025-11-14 12:00:00
[2025-12-07 18:59:34] [INFO] Added activity log: Chilling (15 min) at 2025-11-14 12:26:00
[2025-12-07 18:59:34] [INFO] Added activity log: Chilling (15 min) at 2025-11-14 12:38:00
[2025-12-07 18:59:34] [INFO] Added activity log: Chilling (15 min) at 2025-11-14 13:21:00
[2025-12-07 18:59:34] [INFO] Added activity log: Chilling (15 min) at 2025-11-14 13:21:00
[2025-12-07 18:59:34] [INFO] Added activity log: Chilling (15 min) at 2025-11-14 13:21:00
[2025-12-07 18:59:34] [INFO] Added activity log: Chilling (15 min) at 2025-11-14 13:41:00
[2025-12-07 18:59:34] [INFO] Added activity log: Chilling (15 min) at 2025-11-14 14:09:00
[2025-12-07 18:59:34] [INFO] Added activity log: Chilling (15 min) at 2025-11-14 14:09:00
[2025-12-07 18:59:34] [INFO] Added activity log: Chilling (15 min) at 2025-11-14 14:22:00
[2025-12-07 18:59:34] [INFO] Added activity log: Chilling (15 min) at 2025-11-14 14:31:00
[2025-12-07 18:59:34] [INFO] Added activity log: Working (15 min) at 2025-11-14 14:45:00
[2025-12-07 18:59:34] [INFO] Added activity log: Chilling (15 min) at 2025-11-14 15:01:00
[2025-12-07 18:59:34] [INFO] Added activity log: Chilling (15 min) at 2025-11-14 15:15:00
[2025-12-07 18:59:34] [INFO] Added activity log: Chilling (15 min) at 2025-11-14 15:30:00
[2025-12-07 18:59:34] [INFO] Added activity log: Chilling (15 min) at 2025-11-14 15:45:00
[2025-12-07 18:59:34] [INFO] Added activity log: Chilling (15 min) at 2025-11-14 16:00:00
[2025-12-07 18:59:34] [INFO] Added activity log: Chilling (15 min) at 2025-11-14 16:20:00
[2025-12-07 18:59:34] [INFO] Added activity log: Chilling (15 min) at 2025-11-14 16:31:00
[2025-12-07 18:59:34] [INFO] Added activity log: Chilling (15 min) at 2025-11-14 16:45:00
[2025-12-07 18:59:34] [INFO] Added activity log: Working (15 min) at 2025-11-14 17:00:00
[2025-12-07 18:59:34] [INFO] Added activity log: Chilling (15 min) at 2025-11-14 17:21:00
[2025-12-07 18:59:34] [INFO] Added activity log: Gaming (15 min) at 2025-11-14 18:00:00
[2025-12-07 18:59:34] [INFO] Added activity log: Gaming (15 min) at 2025-11-14 18:00:00
[2025-12-07 18:59:34] [INFO] Added activity log: Gaming (15 min) at 2025-11-14 18:00:00
[2025-12-07 18:59:34] [INFO] Added activity log: Chilling (15 min) at 2025-11-14 18:15:00
[2025-12-07 18:59:34] [INFO] Added activity log: Chilling (15 min) at 2025-11-14 18:30:00
[2025-12-07 18:59:34] [INFO] Added activity log: Chilling (15 min) at 2025-11-14 18:50:00
[2025-12-07 18:59:34] [INFO] Added activity log: Chilling (15 min) at 2025-11-14 19:03:00
[2025-12-07 18:59:34] [INFO] Added activity log: Chilling (15 min) at 2025-11-14 19:20:00
[2025-12-07 18:59:34] [INFO] Added activity log: Chilling (15 min) at 2025-11-14 19:33:00
[2025-12-07 18:59:34] [INFO] Added activity log: Chilling (15 min) at 2025-11-14 20:07:00
[2025-12-07 18:59:34] [INFO] Added activity log: Chilling (15 min) at 2025-11-14 20:07:00
[2025-12-07 18:59:34] [INFO] Added activity log: Chilling (15 min) at 2025-11-14 20:15:00
[2025-12-07 18:59:34] [INFO] Added activity log: Chilling (15 min) at 2025-11-14 20:30:00
[2025-12-07 18:59:34] [INFO] Added activity log: Chilling (15 min) at 2025-11-14 20:45:00
[2025-12-07 18:59:34] [INFO] Added activity log: Chilling (15 min) at 2025-11-14 21:03:00
[2025-12-07 18:59:34] [INFO] Added activity log: Chilling (15 min) at 2025-11-14 21:15:00
[2025-12-07 18:59:34] [INFO] Added activity log: Chilling (15 min) at 2025-11-14 21:32:00
[2025-12-07 18:59:34] [INFO] Added activity log: Chilling (15 min) at 2025-11-14 21:46:00
[2025-12-07 18:59:34] [INFO] Added activity log: Working (15 min) at 2025-11-14 22:00:00
[2025-12-07 18:59:34] [INFO] Added activity log: Chilling (15 min) at 2025-11-14 22:15:00
[2025-12-07 18:59:34] [INFO] Added activity log: Business (15 min) at 2025-11-14 22:30:00
[2025-12-07 18:59:34] [INFO] Added activity log: Business (15 min) at 2025-11-14 22:45:00
[2025-12-07 18:59:34] [INFO] Added activity log: Chilling (15 min) at 2025-11-14 23:00:00
[2025-12-07 18:59:34] [INFO] Added activity log: Business (15 min) at 2025-11-14 23:15:00
[2025-12-07 18:59:34] [INFO] Added activity log: Business (15 min) at 2025-11-14 23:30:00
[2025-12-07 18:59:34] [INFO] Added activity log: Business (15 min) at 2025-11-14 23:45:00
[2025-12-07 18:59:34] [INFO] Added activity log: Business (15 min) at 2025-11-15 00:00:00
[2025-12-07 18:59:34] [INFO] Added activity log: Chilling (15 min) at 2025-11-15 00:32:00
[2025-12-07 18:59:34] [INFO] Added activity log: Chilling (15 min) at 2025-11-15 00:32:00
[2025-12-07 18:59:34] [INFO] Added activity log: Chilling (15 min) at 2025-11-15 00:45:00
[2025-12-07 18:59:34] [INFO] Added activity log: Chilling (15 min) at 2025-11-15 01:00:00
[2025-12-07 18:59:34] [INFO] Added activity log: Chilling (15 min) at 2025-11-15 10:00:00
[2025-12-07 18:59:34] [INFO] Added activity log: Chilling (15 min) at 2025-11-15 10:55:00
[2025-12-07 18:59:34] [INFO] Added activity log: Chilling (15 min) at 2025-11-15 10:55:00
[2025-12-07 18:59:34] [INFO] Added activity log: Chilling (15 min) at 2025-11-15 10:55:00
[2025-12-07 18:59:34] [INFO] Added activity log: Chilling (15 min) at 2025-11-15 11:05:00
[2025-12-07 18:59:34] [INFO] Added activity log: Chilling (15 min) at 2025-11-15 12:30:00
[2025-12-07 18:59:34] [INFO] Added activity log: Gaming (15 min) at 2025-11-15 13:23:00
[2025-12-07 18:59:34] [INFO] Added activity log: Gaming (15 min) at 2025-11-15 13:23:00
[2025-12-07 18:59:34] [INFO] Added activity log: Gaming (15 min) at 2025-11-15 13:23:00
[2025-12-07 18:59:34] [INFO] Added activity log: Gaming (15 min) at 2025-11-15 13:49:00
[2025-12-07 18:59:34] [INFO] Added activity log: Gaming (15 min) at 2025-11-15 13:49:00
[2025-12-07 18:59:34] [INFO] Added activity log: Chilling (15 min) at 2025-11-15 14:00:00
[2025-12-07 18:59:34] [INFO] Added activity log: Gaming (15 min) at 2025-11-15 18:26:00
[2025-12-07 18:59:34] [INFO] Added activity log: Gaming (15 min) at 2025-11-15 18:26:00
[2025-12-07 18:59:34] [INFO] Added activity log: Chilling (15 min) at 2025-11-15 23:30:00
[2025-12-07 18:59:34] [INFO] Added activity log: Chilling (15 min) at 2025-11-15 23:45:00
[2025-12-07 18:59:34] [INFO] Added activity log: Gaming (15 min) at 2025-11-16 00:08:00
[2025-12-07 18:59:34] [INFO] Added activity log: Chilling (15 min) at 2025-11-16 00:15:00
[2025-12-07 18:59:34] [INFO] Added activity log: Chilling (15 min) at 2025-11-16 00:30:00
[2025-12-07 18:59:34] [INFO] Added activity log: Chilling (15 min) at 2025-11-16 00:47:00
[2025-12-07 18:59:34] [INFO] Added activity log: Chilling (15 min) at 2025-11-16 01:00:00
[2025-12-07 18:59:34] [INFO] Added activity log: Gaming (15 min) at 2025-11-16 01:21:00
[2025-12-07 18:59:34] [INFO] Added activity log: Working (15 min) at 2025-11-16 01:30:00
[2025-12-07 18:59:34] [INFO] Added activity log: Chilling (15 min) at 2025-11-16 10:53:00
[2025-12-07 18:59:34] [INFO] Added activity log: Gaming (15 min) at 2025-11-16 11:58:00
[2025-12-07 18:59:34] [INFO] Added activity log: Gaming (15 min) at 2025-11-16 11:58:00
[2025-12-07 18:59:34] [INFO] Added activity log: Chilling (15 min) at 2025-11-16 11:58:00
[2025-12-07 18:59:34] [INFO] Added activity log: Gaming (15 min) at 2025-11-16 11:58:00
[2025-12-07 18:59:34] [INFO] Added activity log: Gaming (15 min) at 2025-11-16 12:00:00
[2025-12-07 18:59:34] [INFO] Added activity log: Chilling (15 min) at 2025-11-16 12:38:00
[2025-12-07 18:59:34] [INFO] Added activity log: Chilling (15 min) at 2025-11-16 12:38:00
[2025-12-07 18:59:34] [INFO] Added activity log: Gaming (15 min) at 2025-11-16 13:23:00
[2025-12-07 18:59:34] [INFO] Added activity log: Gaming (15 min) at 2025-11-16 13:23:00
[2025-12-07 18:59:34] [INFO] Added activity log: Gaming (15 min) at 2025-11-16 13:23:00
[2025-12-07 18:59:34] [INFO] Added activity log: Gaming (15 min) at 2025-11-16 13:51:00
[2025-12-07 18:59:34] [INFO] Added activity log: Gaming (15 min) at 2025-11-16 13:52:00
[2025-12-07 18:59:34] [INFO] Added activity log: Gaming (15 min) at 2025-11-16 14:03:00
[2025-12-07 18:59:34] [INFO] Added activity log: Chilling (15 min) at 2025-11-16 14:15:00
[2025-12-07 18:59:34] [INFO] Added activity log: Chilling (15 min) at 2025-11-16 14:30:00
[2025-12-07 18:59:34] [INFO] Added activity log: Chilling (15 min) at 2025-11-16 14:45:00
[2025-12-07 18:59:34] [INFO] Added activity log: Chilling (15 min) at 2025-11-16 15:00:00
[2025-12-07 18:59:34] [INFO] Added activity log: Chilling (15 min) at 2025-11-16 15:15:00
[2025-12-07 18:59:34] [INFO] Added activity log: Chilling (15 min) at 2025-11-16 15:30:00
[2025-12-07 18:59:34] [INFO] Added activity log: Chilling (15 min) at 2025-11-16 15:46:00
[2025-12-07 18:59:34] [INFO] Added activity log: Gaming (15 min) at 2025-11-16 16:35:00
[2025-12-07 18:59:34] [INFO] Added activity log: Gaming (15 min) at 2025-11-16 16:35:00
[2025-12-07 18:59:34] [INFO] Added activity log: Gaming (15 min) at 2025-11-16 16:35:00
[2025-12-07 18:59:34] [INFO] Added activity log: Chilling (15 min) at 2025-11-16 16:58:00
[2025-12-07 18:59:34] [INFO] Added activity log: Chilling (15 min) at 2025-11-16 17:04:00
[2025-12-07 18:59:35] [INFO] Added activity log: Chilling (15 min) at 2025-11-16 17:16:00
[2025-12-07 18:59:35] [INFO] Added activity log: Chilling (15 min) at 2025-11-16 17:40:00
[2025-12-07 18:59:35] [INFO] Added activity log: Working (15 min) at 2025-11-16 17:45:00
[2025-12-07 18:59:35] [INFO] Added activity log: Chilling (15 min) at 2025-11-16 18:13:00
[2025-12-07 18:59:35] [INFO] Added activity log: Chilling (15 min) at 2025-11-16 18:15:00
[2025-12-07 18:59:35] [INFO] Added activity log: Chilling (15 min) at 2025-11-16 18:31:00
[2025-12-07 18:59:35] [INFO] Added activity log: Chilling (15 min) at 2025-11-16 18:48:00
[2025-12-07 18:59:35] [INFO] Added activity log: Chilling (15 min) at 2025-11-16 19:00:00
[2025-12-07 18:59:35] [INFO] Added activity log: Academics (15 min) at 2025-11-16 19:15:00
[2025-12-07 18:59:35] [INFO] Added activity log: Chilling (15 min) at 2025-11-16 19:33:00
[2025-12-07 18:59:35] [INFO] Added activity log: Chilling (15 min) at 2025-11-16 19:45:00
[2025-12-07 18:59:35] [INFO] Added activity log: Chilling (15 min) at 2025-11-16 20:00:00
[2025-12-07 18:59:35] [INFO] Added activity log: Chilling (15 min) at 2025-11-16 20:16:00
[2025-12-07 18:59:35] [INFO] Added activity log: Gaming (15 min) at 2025-11-16 20:52:00
[2025-12-07 18:59:35] [INFO] Added activity log: Gaming (15 min) at 2025-11-16 20:52:00
[2025-12-07 18:59:35] [INFO] Added activity log: Chilling (15 min) at 2025-11-16 21:00:00
[2025-12-07 18:59:35] [INFO] Added activity log: Chilling (15 min) at 2025-11-16 21:15:00
[2025-12-07 18:59:35] [INFO] Added activity log: Chilling (15 min) at 2025-11-16 21:30:00
[2025-12-07 18:59:35] [INFO] Added activity log: Working (15 min) at 2025-11-16 22:00:00
[2025-12-07 18:59:35] [INFO] Added activity log: Working (15 min) at 2025-11-16 22:15:00
[2025-12-07 18:59:35] [INFO] Added activity log: Working (15 min) at 2025-11-16 22:30:00
[2025-12-07 18:59:35] [INFO] Added activity log: Academics (15 min) at 2025-11-16 22:45:00
[2025-12-07 18:59:35] [INFO] Added activity log: Chilling (15 min) at 2025-11-16 23:21:00
[2025-12-07 18:59:35] [INFO] Added activity log: Chilling (15 min) at 2025-11-16 23:21:00
[2025-12-07 18:59:35] [INFO] Added activity log: Chilling (15 min) at 2025-11-17 00:11:00
[2025-12-07 18:59:35] [INFO] Added activity log: Chilling (15 min) at 2025-11-17 00:11:00
[2025-12-07 18:59:35] [INFO] Added activity log: Chilling (15 min) at 2025-11-17 00:11:00
[2025-12-07 18:59:35] [INFO] Added activity log: Chilling (15 min) at 2025-11-17 00:15:00
[2025-12-07 18:59:35] [INFO] Added activity log: Chilling (15 min) at 2025-11-17 00:37:00
[2025-12-07 18:59:35] [INFO] Added activity log: Chilling (15 min) at 2025-11-17 00:45:00
[2025-12-07 18:59:35] [INFO] Added activity log: Chilling (15 min) at 2025-11-17 01:03:00
[2025-12-07 18:59:35] [INFO] Added activity log: Chilling (15 min) at 2025-11-17 01:15:00
[2025-12-07 18:59:35] [INFO] Added activity log: Chilling (15 min) at 2025-11-17 01:30:00
[2025-12-07 18:59:35] [INFO] Added activity log: Chilling (15 min) at 2025-11-17 01:46:00
[2025-12-07 18:59:35] [INFO] Added activity log: Chilling (15 min) at 2025-11-17 02:00:00
[2025-12-07 18:59:35] [INFO] Added activity log: Chilling (15 min) at 2025-11-17 02:15:00
[2025-12-07 18:59:35] [INFO] Added activity log: Chilling (15 min) at 2025-11-17 11:00:00
[2025-12-07 18:59:35] [INFO] Added activity log: Chilling (15 min) at 2025-11-17 11:15:00
[2025-12-07 18:59:35] [INFO] Added activity log: Chilling (15 min) at 2025-11-17 11:30:00
[2025-12-07 18:59:35] [INFO] Added activity log: Chilling (15 min) at 2025-11-17 11:45:00
[2025-12-07 18:59:35] [INFO] Added activity log: Chilling (15 min) at 2025-11-17 12:00:00
[2025-12-07 18:59:35] [INFO] Added activity log: Chilling (15 min) at 2025-11-17 12:15:00
[2025-12-07 18:59:35] [INFO] Added activity log: Chilling (15 min) at 2025-11-17 15:30:00
[2025-12-07 18:59:35] [INFO] Added activity log: Chilling (15 min) at 2025-11-17 15:46:00
[2025-12-07 18:59:35] [INFO] Added activity log: Chilling (15 min) at 2025-11-17 16:00:00
[2025-12-07 18:59:35] [INFO] Added activity log: Working (15 min) at 2025-11-17 16:15:00
[2025-12-07 18:59:35] [INFO] Added activity log: Working (15 min) at 2025-11-17 16:30:00
[2025-12-07 18:59:35] [INFO] Added activity log: Working (15 min) at 2025-11-17 16:45:00
[2025-12-07 18:59:35] [INFO] Added activity log: Working (15 min) at 2025-11-17 17:00:00
[2025-12-07 18:59:35] [INFO] Added activity log: Working (15 min) at 2025-11-17 17:15:00
[2025-12-07 18:59:35] [INFO] Added activity log: Working (15 min) at 2025-11-17 17:30:00
[2025-12-07 18:59:35] [INFO] Added activity log: Working (15 min) at 2025-11-17 17:45:00
[2025-12-07 18:59:35] [INFO] Added activity log: Working (15 min) at 2025-11-17 18:00:00
[2025-12-07 18:59:35] [INFO] Added activity log: Chilling (15 min) at 2025-11-17 18:15:00
[2025-12-07 18:59:35] [INFO] Added activity log: Chilling (15 min) at 2025-11-17 18:38:00
[2025-12-07 18:59:35] [INFO] Added activity log: Chilling (15 min) at 2025-11-17 18:53:00
[2025-12-07 18:59:35] [INFO] Added activity log: Chilling (15 min) at 2025-11-17 19:03:00
[2025-12-07 18:59:35] [INFO] Added activity log: Working (15 min) at 2025-11-17 19:15:00
[2025-12-07 18:59:35] [INFO] Added activity log: Chilling (15 min) at 2025-11-17 19:36:00
[2025-12-07 18:59:35] [INFO] Added activity log: Working (15 min) at 2025-11-17 19:45:00
[2025-12-07 18:59:35] [INFO] Added activity log: Working (15 min) at 2025-11-17 20:00:00
[2025-12-07 18:59:35] [INFO] Added activity log: Chilling (15 min) at 2025-11-17 20:15:00
[2025-12-07 18:59:35] [INFO] Added activity log: Chilling (15 min) at 2025-11-17 20:31:00
[2025-12-07 18:59:35] [INFO] Added activity log: Chilling (15 min) at 2025-11-17 20:45:00
[2025-12-07 18:59:35] [INFO] Added activity log: Chilling (15 min) at 2025-11-17 21:00:00
[2025-12-07 18:59:35] [INFO] Added activity log: Chilling (15 min) at 2025-11-17 21:20:00
[2025-12-07 18:59:35] [INFO] Added activity log: Chilling (15 min) at 2025-11-17 21:30:00
[2025-12-07 18:59:35] [INFO] Added activity log: Chilling (15 min) at 2025-11-17 21:46:00
[2025-12-07 18:59:35] [INFO] Added activity log: Chilling (15 min) at 2025-11-17 22:00:00
[2025-12-07 18:59:35] [INFO] Added activity log: Chilling (15 min) at 2025-11-17 22:31:00
[2025-12-07 18:59:35] [INFO] Added activity log: Chilling (15 min) at 2025-11-17 22:31:00
[2025-12-07 18:59:35] [INFO] Added activity log: Chilling (15 min) at 2025-11-17 22:45:00
[2025-12-07 18:59:35] [INFO] Added activity log: Chilling (15 min) at 2025-11-17 23:00:00
[2025-12-07 18:59:35] [INFO] Added activity log: Business (15 min) at 2025-11-17 23:15:00
[2025-12-07 18:59:35] [INFO] Added activity log: Business (15 min) at 2025-11-17 23:30:00
[2025-12-07 18:59:35] [INFO] Added activity log: Chilling (15 min) at 2025-11-17 23:45:00
[2025-12-07 18:59:35] [INFO] Added activity log: Chilling (15 min) at 2025-11-18 00:00:00
[2025-12-07 18:59:35] [INFO] Added activity log: Chilling (15 min) at 2025-11-18 00:15:00
[2025-12-07 18:59:35] [INFO] Added activity log: Chilling (15 min) at 2025-11-18 00:42:00
[2025-12-07 18:59:35] [INFO] Added activity log: Chilling (15 min) at 2025-11-18 00:45:00
[2025-12-07 18:59:35] [INFO] Added activity log: Chilling (15 min) at 2025-11-18 01:00:00
[2025-12-07 18:59:35] [INFO] Added activity log: Chilling (15 min) at 2025-11-18 01:15:00
[2025-12-07 18:59:35] [INFO] Added activity log: Chilling (15 min) at 2025-11-18 01:30:00
[2025-12-07 18:59:35] [INFO] Added activity log: Chilling (15 min) at 2025-11-18 02:22:00
[2025-12-07 18:59:35] [INFO] Added activity log: Chilling (15 min) at 2025-11-18 02:22:00
[2025-12-07 18:59:35] [INFO] Added activity log: Chilling (15 min) at 2025-11-18 02:22:00
[2025-12-07 18:59:35] [INFO] Added activity log: Chilling (15 min) at 2025-11-18 02:30:00
[2025-12-07 18:59:35] [INFO] Added activity log: Working (15 min) at 2025-11-18 02:45:00
[2025-12-07 18:59:35] [INFO] Added activity log: Working (15 min) at 2025-11-18 03:00:00
[2025-12-07 18:59:35] [INFO] Added activity log: Working (15 min) at 2025-11-18 07:15:00
[2025-12-07 18:59:35] [INFO] Added activity log: Working (15 min) at 2025-11-18 07:30:00
[2025-12-07 18:59:35] [INFO] Added activity log: Chilling (15 min) at 2025-11-18 07:53:00
[2025-12-07 18:59:35] [INFO] Added activity log: Working (15 min) at 2025-11-18 08:00:00
[2025-12-07 18:59:35] [INFO] Added activity log: Chilling (15 min) at 2025-11-18 10:07:00
[2025-12-07 18:59:35] [INFO] Added activity log: Chilling (15 min) at 2025-11-18 10:15:00
[2025-12-07 18:59:35] [INFO] Added activity log: Chilling (15 min) at 2025-11-18 15:47:00
[2025-12-07 18:59:35] [INFO] Added activity log: Chilling (15 min) at 2025-11-18 15:47:00
[2025-12-07 18:59:35] [INFO] Added activity log: Chilling (15 min) at 2025-11-18 15:47:00
[2025-12-07 18:59:35] [INFO] Added activity log: Chilling (15 min) at 2025-11-18 16:00:00
[2025-12-07 18:59:35] [INFO] Added activity log: Chilling (15 min) at 2025-11-18 16:15:00
[2025-12-07 18:59:35] [INFO] Added activity log: Chilling (15 min) at 2025-11-18 18:00:00
[2025-12-07 18:59:35] [INFO] Added activity log: Chilling (15 min) at 2025-11-18 18:15:00
[2025-12-07 18:59:35] [INFO] Added activity log: Business (15 min) at 2025-11-18 18:30:00
[2025-12-07 18:59:35] [INFO] Added activity log: Business (15 min) at 2025-11-18 18:45:00
[2025-12-07 18:59:35] [INFO] Added activity log: Chilling (15 min) at 2025-11-18 19:06:00
[2025-12-07 18:59:35] [INFO] Added activity log: Chilling (15 min) at 2025-11-18 19:29:00
[2025-12-07 18:59:36] [INFO] Added activity log: Chilling (15 min) at 2025-11-18 19:30:00
[2025-12-07 18:59:36] [INFO] Added activity log: Chilling (15 min) at 2025-11-18 19:45:00
[2025-12-07 18:59:36] [INFO] Added activity log: Chilling (15 min) at 2025-11-18 20:00:00
[2025-12-07 18:59:36] [INFO] Added activity log: Chilling (15 min) at 2025-11-18 20:17:00
[2025-12-07 18:59:36] [INFO] Added activity log: Chilling (15 min) at 2025-11-18 20:54:00
[2025-12-07 18:59:36] [INFO] Added activity log: Chilling (15 min) at 2025-11-18 20:54:00
[2025-12-07 18:59:36] [INFO] Added activity log: Working (15 min) at 2025-11-18 21:00:00
[2025-12-07 18:59:36] [INFO] Added activity log: Working (15 min) at 2025-11-18 21:15:00
[2025-12-07 18:59:36] [INFO] Added activity log: Working (15 min) at 2025-11-18 21:34:00
[2025-12-07 18:59:36] [INFO] Added activity log: Working (15 min) at 2025-11-18 21:45:00
[2025-12-07 18:59:36] [INFO] Added activity log: Working (15 min) at 2025-11-18 22:00:00
[2025-12-07 18:59:36] [INFO] Added activity log: Working (15 min) at 2025-11-18 22:15:00
[2025-12-07 18:59:36] [INFO] Added activity log: Working (15 min) at 2025-11-18 22:30:00
[2025-12-07 18:59:36] [INFO] Added activity log: Working (15 min) at 2025-11-18 22:45:00
[2025-12-07 18:59:36] [INFO] Added activity log: Working (15 min) at 2025-11-18 23:00:00
[2025-12-07 18:59:36] [INFO] Added activity log: Working (15 min) at 2025-11-18 23:15:00
[2025-12-07 18:59:36] [INFO] Added activity log: Working (15 min) at 2025-11-18 23:30:00
[2025-12-07 18:59:36] [INFO] Added activity log: Working (15 min) at 2025-11-18 23:45:00
[2025-12-07 18:59:36] [INFO] Added activity log: Working (15 min) at 2025-11-19 00:00:00
[2025-12-07 18:59:36] [INFO] Added activity log: Working (15 min) at 2025-11-19 00:15:00
[2025-12-07 18:59:36] [INFO] Added activity log: Working (15 min) at 2025-11-19 00:30:00
[2025-12-07 18:59:36] [INFO] Added activity log: Working (15 min) at 2025-11-19 00:45:00
[2025-12-07 18:59:36] [INFO] Added activity log: Working (15 min) at 2025-11-19 01:00:00
[2025-12-07 18:59:36] [INFO] Added activity log: Working (15 min) at 2025-11-19 01:15:00
[2025-12-07 18:59:36] [INFO] Added activity log: Working (15 min) at 2025-11-19 01:30:00
[2025-12-07 18:59:36] [INFO] Added activity log: Working (15 min) at 2025-11-19 01:45:00
[2025-12-07 18:59:36] [INFO] Added activity log: Business (15 min) at 2025-11-19 02:00:00
[2025-12-07 18:59:36] [INFO] Added activity log: Business (15 min) at 2025-11-19 02:15:00
[2025-12-07 18:59:36] [INFO] Added activity log: Business (15 min) at 2025-11-19 02:30:00
[2025-12-07 18:59:36] [INFO] Added activity log: Chilling (15 min) at 2025-11-19 10:43:00
[2025-12-07 18:59:36] [INFO] Added activity log: Chilling (15 min) at 2025-11-19 10:43:00
[2025-12-07 18:59:36] [INFO] Added activity log: Chilling (15 min) at 2025-11-19 10:45:00
[2025-12-07 18:59:36] [INFO] Added activity log: Chilling (15 min) at 2025-11-19 11:02:00
[2025-12-07 18:59:36] [INFO] Added activity log: Chilling (15 min) at 2025-11-19 11:17:00
[2025-12-07 18:59:36] [INFO] Added activity log: Chilling (15 min) at 2025-11-19 11:30:00
[2025-12-07 18:59:36] [INFO] Added activity log: Chilling (15 min) at 2025-11-19 11:45:00
[2025-12-07 18:59:36] [INFO] Added activity log: Chilling (15 min) at 2025-11-19 12:00:00
[2025-12-07 18:59:36] [INFO] Added activity log: Working (15 min) at 2025-11-19 12:15:00
[2025-12-07 18:59:36] [INFO] Added activity log: Working (15 min) at 2025-11-19 12:30:00
[2025-12-07 18:59:36] [INFO] Added activity log: Working (15 min) at 2025-11-19 12:45:00
[2025-12-07 18:59:36] [INFO] Added activity log: Working (15 min) at 2025-11-19 13:00:00
[2025-12-07 18:59:36] [INFO] Added activity log: Working (15 min) at 2025-11-19 13:15:00
[2025-12-07 18:59:36] [INFO] Added activity log: Business (15 min) at 2025-11-19 13:30:00
[2025-12-07 18:59:36] [INFO] Added activity log: Business (15 min) at 2025-11-19 13:45:00
[2025-12-07 18:59:36] [INFO] Added activity log: Business (15 min) at 2025-11-19 14:00:00
[2025-12-07 18:59:36] [INFO] Added activity log: Chilling (15 min) at 2025-11-19 14:28:00
[2025-12-07 18:59:36] [INFO] Added activity log: Chilling (15 min) at 2025-11-19 14:30:00
[2025-12-07 18:59:36] [INFO] Added activity log: Chilling (15 min) at 2025-11-19 14:49:00
[2025-12-07 18:59:36] [INFO] Added activity log: Working (15 min) at 2025-11-19 15:00:00
[2025-12-07 18:59:36] [INFO] Added activity log: Working (15 min) at 2025-11-19 15:15:00
[2025-12-07 18:59:36] [INFO] Added activity log: Working (15 min) at 2025-11-19 15:30:00
[2025-12-07 18:59:36] [INFO] Added activity log: Working (15 min) at 2025-11-19 15:45:00
[2025-12-07 18:59:36] [INFO] Added activity log: Working (15 min) at 2025-11-19 16:00:00
[2025-12-07 18:59:36] [INFO] Added activity log: Working (15 min) at 2025-11-19 16:15:00
[2025-12-07 18:59:36] [INFO] Added activity log: Working (15 min) at 2025-11-19 16:30:00
[2025-12-07 18:59:36] [INFO] Added activity log: Working (15 min) at 2025-11-19 16:45:00
[2025-12-07 18:59:36] [INFO] Added activity log: Chilling (15 min) at 2025-11-19 17:06:00
[2025-12-07 18:59:36] [INFO] Added activity log: Chilling (15 min) at 2025-11-19 17:15:00
[2025-12-07 18:59:36] [INFO] Added activity log: Gaming (15 min) at 2025-11-19 17:47:00
[2025-12-07 18:59:36] [INFO] Added activity log: Business (15 min) at 2025-11-19 20:15:00
[2025-12-07 18:59:36] [INFO] Added activity log: Chilling (15 min) at 2025-11-19 21:15:00
[2025-12-07 18:59:36] [INFO] Added activity log: Chilling (15 min) at 2025-11-19 21:28:00
[2025-12-07 18:59:36] [INFO] Added activity log: Chilling (15 min) at 2025-11-19 21:28:00
[2025-12-07 18:59:36] [INFO] Added activity log: Chilling (15 min) at 2025-11-19 21:28:00
[2025-12-07 18:59:36] [INFO] Added activity log: Chilling (15 min) at 2025-11-19 21:30:00
[2025-12-07 18:59:36] [INFO] Added activity log: Chilling (15 min) at 2025-11-19 21:45:00
[2025-12-07 18:59:36] [INFO] Added activity log: Chilling (15 min) at 2025-11-19 22:00:00
[2025-12-07 18:59:36] [INFO] Added activity log: Chilling (15 min) at 2025-11-19 22:15:00
[2025-12-07 18:59:36] [INFO] Added activity log: Chilling (15 min) at 2025-11-19 22:30:00
[2025-12-07 18:59:36] [INFO] Added activity log: Chilling (15 min) at 2025-11-19 22:45:00
[2025-12-07 18:59:36] [INFO] Added activity log: Chilling (15 min) at 2025-11-19 23:00:00
[2025-12-07 18:59:36] [INFO] Added activity log: Chilling (15 min) at 2025-11-19 23:15:00
[2025-12-07 18:59:36] [INFO] Added activity log: Chilling (15 min) at 2025-11-19 23:30:00
[2025-12-07 18:59:36] [INFO] Added activity log: Chilling (15 min) at 2025-11-19 23:45:00
[2025-12-07 18:59:36] [INFO] Added activity log: Business (15 min) at 2025-11-20 00:00:00
[2025-12-07 18:59:36] [INFO] Added activity log: Business (15 min) at 2025-11-20 00:15:00
[2025-12-07 18:59:36] [INFO] Added activity log: Business (15 min) at 2025-11-20 00:30:00
[2025-12-07 18:59:36] [INFO] Added activity log: Business (15 min) at 2025-11-20 00:45:00
[2025-12-07 18:59:36] [INFO] Added activity log: Business (15 min) at 2025-11-20 01:00:00
[2025-12-07 18:59:36] [INFO] Added activity log: Chilling (15 min) at 2025-11-20 01:15:00
[2025-12-07 18:59:36] [INFO] Added activity log: Chilling (15 min) at 2025-11-20 01:30:00
[2025-12-07 18:59:36] [INFO] Added activity log: Chilling (15 min) at 2025-11-20 09:45:00
[2025-12-07 18:59:36] [INFO] Added activity log: Chilling (15 min) at 2025-11-20 11:23:00
[2025-12-07 18:59:36] [INFO] Added activity log: Chilling (15 min) at 2025-11-20 11:30:00
[2025-12-07 18:59:36] [INFO] Added activity log: Business (15 min) at 2025-11-20 11:45:00
[2025-12-07 18:59:36] [INFO] Added activity log: Business (15 min) at 2025-11-20 12:00:00
[2025-12-07 18:59:36] [INFO] Added activity log: Chilling (15 min) at 2025-11-20 13:16:00
[2025-12-07 18:59:36] [INFO] Added activity log: Chilling (15 min) at 2025-11-20 13:30:00
[2025-12-07 18:59:36] [INFO] Added activity log: Chilling (15 min) at 2025-11-20 13:57:00
[2025-12-07 18:59:36] [INFO] Added activity log: Chilling (15 min) at 2025-11-20 14:00:00
[2025-12-07 18:59:36] [INFO] Added activity log: Chilling (15 min) at 2025-11-20 14:15:00
[2025-12-07 18:59:36] [INFO] Added activity log: Working (15 min) at 2025-11-20 14:30:00
[2025-12-07 18:59:36] [INFO] Added activity log: Working (15 min) at 2025-11-20 14:45:00
[2025-12-07 18:59:36] [INFO] Added activity log: Chilling (15 min) at 2025-11-20 15:00:00
[2025-12-07 18:59:36] [INFO] Added activity log: Working (15 min) at 2025-11-20 15:15:00
[2025-12-07 18:59:36] [INFO] Added activity log: Working (15 min) at 2025-11-20 15:30:00
[2025-12-07 18:59:36] [INFO] Added activity log: Working (15 min) at 2025-11-20 15:45:00
[2025-12-07 18:59:36] [INFO] Migrated 377 entries from 2025-11-20_report.xlsx
[2025-12-07 18:59:36] [INFO] Added activity log: Chilling (15 min) at 2025-12-03 21:45:00
[2025-12-07 18:59:36] [INFO] Added activity log: Chilling (15 min) at 2025-12-03 22:00:00
[2025-12-07 18:59:36] [INFO] Added activity log: Chilling (15 min) at 2025-12-03 22:23:00
[2025-12-07 18:59:36] [INFO] Added activity log: Chilling (15 min) at 2025-12-03 22:30:00
[2025-12-07 18:59:36] [INFO] Added activity log: Chilling (15 min) at 2025-12-03 22:45:00
[2025-12-07 18:59:36] [INFO] Added activity log: Chilling (15 min) at 2025-12-03 23:00:00
[2025-12-07 18:59:36] [INFO] Added activity log: Chilling (15 min) at 2025-12-03 23:22:00
[2025-12-07 18:59:36] [INFO] Added activity log: Chilling (15 min) at 2025-12-03 23:35:00
[2025-12-07 18:59:36] [INFO] Added activity log: Business (15 min) at 2025-12-03 23:46:00
[2025-12-07 18:59:37] [INFO] Added activity log: Chilling (15 min) at 2025-12-04 00:00:00
[2025-12-07 18:59:37] [INFO] Added activity log: Chilling (15 min) at 2025-12-04 00:16:00
[2025-12-07 18:59:37] [INFO] Added activity log: Chilling (15 min) at 2025-12-04 00:30:00
[2025-12-07 18:59:37] [INFO] Added activity log: Chilling (15 min) at 2025-12-04 01:00:00
[2025-12-07 18:59:37] [INFO] Added activity log: Chilling (15 min) at 2025-12-04 14:00:00
[2025-12-07 18:59:37] [INFO] Added activity log: Chilling (15 min) at 2025-12-04 15:42:00
[2025-12-07 18:59:37] [INFO] Added activity log: Chilling (15 min) at 2025-12-04 15:42:00
[2025-12-07 18:59:37] [INFO] Added activity log: Chilling (15 min) at 2025-12-04 15:45:00
[2025-12-07 18:59:37] [INFO] Added activity log: Chilling (15 min) at 2025-12-04 16:02:00
[2025-12-07 18:59:37] [INFO] Added activity log: Chilling (15 min) at 2025-12-04 16:02:00
[2025-12-07 18:59:37] [INFO] Added activity log: Chilling (15 min) at 2025-12-04 16:17:00
[2025-12-07 18:59:37] [INFO] Added activity log: Chilling (15 min) at 2025-12-04 16:30:00
[2025-12-07 18:59:37] [INFO] Added activity log: Chilling (15 min) at 2025-12-04 16:53:00
[2025-12-07 18:59:37] [INFO] Added activity log: Chilling (15 min) at 2025-12-04 17:03:00
[2025-12-07 18:59:37] [INFO] Added activity log: Chilling (15 min) at 2025-12-04 17:33:00
[2025-12-07 18:59:37] [INFO] Added activity log: Chilling (15 min) at 2025-12-04 17:33:00
[2025-12-07 18:59:37] [INFO] Added activity log: Business (15 min) at 2025-12-04 17:45:00
[2025-12-07 18:59:37] [INFO] Added activity log: Chilling (15 min) at 2025-12-04 18:00:00
[2025-12-07 18:59:37] [INFO] Added activity log: Working (15 min) at 2025-12-04 18:15:00
[2025-12-07 18:59:37] [INFO] Added activity log: Chilling (15 min) at 2025-12-04 18:30:00
[2025-12-07 18:59:37] [INFO] Added activity log: Chilling (15 min) at 2025-12-04 18:58:00
[2025-12-07 18:59:37] [INFO] Added activity log: Chilling (15 min) at 2025-12-04 19:00:00
[2025-12-07 18:59:37] [INFO] Added activity log: Chilling (15 min) at 2025-12-04 19:33:00
[2025-12-07 18:59:37] [INFO] Added activity log: Working (15 min) at 2025-12-04 19:33:00
[2025-12-07 18:59:37] [INFO] Added activity log: Chilling (15 min) at 2025-12-04 19:48:00
[2025-12-07 18:59:37] [INFO] Added activity log: Chilling (15 min) at 2025-12-04 20:15:00
[2025-12-07 18:59:37] [INFO] Added activity log: Chilling (15 min) at 2025-12-04 20:15:00
[2025-12-07 18:59:37] [INFO] Added activity log: Chilling (15 min) at 2025-12-04 20:37:00
[2025-12-07 18:59:37] [INFO] Added activity log: Chilling (15 min) at 2025-12-04 20:45:00
[2025-12-07 18:59:37] [INFO] Added activity log: Chilling (15 min) at 2025-12-04 21:00:00
[2025-12-07 18:59:37] [INFO] Added activity log: Working (15 min) at 2025-12-04 21:15:00
[2025-12-07 18:59:37] [INFO] Added activity log: Chilling (15 min) at 2025-12-04 21:30:00
[2025-12-07 18:59:37] [INFO] Added activity log: Chilling (15 min) at 2025-12-04 21:45:00
[2025-12-07 18:59:37] [INFO] Added activity log: Chilling (15 min) at 2025-12-04 22:00:00
[2025-12-07 18:59:37] [INFO] Added activity log: Chilling (15 min) at 2025-12-04 22:15:00
[2025-12-07 18:59:37] [INFO] Added activity log: Working (15 min) at 2025-12-04 22:30:00
[2025-12-07 18:59:37] [INFO] Added activity log: Chilling (15 min) at 2025-12-04 22:45:00
[2025-12-07 18:59:37] [INFO] Added activity log: Chilling (15 min) at 2025-12-04 23:00:00
[2025-12-07 18:59:37] [INFO] Added activity log: Chilling (15 min) at 2025-12-04 23:17:00
[2025-12-07 18:59:37] [INFO] Added activity log: Chilling (15 min) at 2025-12-04 23:36:00
[2025-12-07 18:59:37] [INFO] Added activity log: Chilling (15 min) at 2025-12-04 23:53:00
[2025-12-07 18:59:37] [INFO] Added activity log: Chilling (15 min) at 2025-12-05 00:00:00
[2025-12-07 18:59:37] [INFO] Added activity log: Chilling (15 min) at 2025-12-05 00:15:00
[2025-12-07 18:59:37] [INFO] Added activity log: Chilling (15 min) at 2025-12-05 00:30:00
[2025-12-07 18:59:37] [INFO] Added activity log: Chilling (15 min) at 2025-12-05 00:45:00
[2025-12-07 18:59:37] [INFO] Added activity log: Chilling (15 min) at 2025-12-05 10:11:00
[2025-12-07 18:59:37] [INFO] Added activity log: Chilling (15 min) at 2025-12-05 10:15:00
[2025-12-07 18:59:37] [INFO] Added activity log: Chilling (15 min) at 2025-12-05 10:30:00
[2025-12-07 18:59:37] [INFO] Added activity log: Chilling (15 min) at 2025-12-05 10:45:00
[2025-12-07 18:59:37] [INFO] Added activity log: Gaming (15 min) at 2025-12-05 11:33:00
[2025-12-07 18:59:37] [INFO] Added activity log: Chilling (15 min) at 2025-12-05 11:33:00
[2025-12-07 18:59:37] [INFO] Added activity log: Chilling (15 min) at 2025-12-05 11:33:00
[2025-12-07 18:59:37] [INFO] Added activity log: Chilling (15 min) at 2025-12-05 11:45:00
[2025-12-07 18:59:37] [INFO] Added activity log: Chilling (15 min) at 2025-12-05 12:01:00
[2025-12-07 18:59:37] [INFO] Added activity log: Chilling (15 min) at 2025-12-05 12:35:00
[2025-12-07 18:59:37] [INFO] Added activity log: Chilling (15 min) at 2025-12-05 12:35:00
[2025-12-07 18:59:37] [INFO] Added activity log: Chilling (15 min) at 2025-12-05 12:45:00
[2025-12-07 18:59:37] [INFO] Added activity log: Chilling (15 min) at 2025-12-05 13:00:00
[2025-12-07 18:59:37] [INFO] Added activity log: Chilling (15 min) at 2025-12-05 13:15:00
[2025-12-07 18:59:37] [INFO] Added activity log: Chilling (15 min) at 2025-12-05 13:30:00
[2025-12-07 18:59:37] [INFO] Added activity log: Chilling (15 min) at 2025-12-05 13:47:00
[2025-12-07 18:59:37] [INFO] Added activity log: Chilling (15 min) at 2025-12-05 14:00:00
[2025-12-07 18:59:37] [INFO] Added activity log: Chilling (15 min) at 2025-12-05 14:30:00
[2025-12-07 18:59:37] [INFO] Added activity log: Chilling (15 min) at 2025-12-05 14:30:00
[2025-12-07 18:59:37] [INFO] Added activity log: Chilling (15 min) at 2025-12-05 14:56:00
[2025-12-07 18:59:37] [INFO] Added activity log: Chilling (15 min) at 2025-12-05 15:16:00
[2025-12-07 18:59:37] [INFO] Added activity log: Chilling (15 min) at 2025-12-05 15:26:00
[2025-12-07 18:59:37] [INFO] Added activity log: Working (15 min) at 2025-12-05 15:30:00
[2025-12-07 18:59:37] [INFO] Added activity log: Chilling (15 min) at 2025-12-05 16:29:00
[2025-12-07 18:59:37] [INFO] Added activity log: Chilling (15 min) at 2025-12-05 16:29:00
[2025-12-07 18:59:37] [INFO] Added activity log: Chilling (15 min) at 2025-12-05 16:29:00
[2025-12-07 18:59:37] [INFO] Added activity log: Chilling (15 min) at 2025-12-05 16:37:00
[2025-12-07 18:59:37] [INFO] Added activity log: Chilling (15 min) at 2025-12-05 16:45:00
[2025-12-07 18:59:37] [INFO] Added activity log: Chilling (15 min) at 2025-12-05 17:00:00
[2025-12-07 18:59:37] [INFO] Added activity log: Chilling (15 min) at 2025-12-05 17:15:00
[2025-12-07 18:59:37] [INFO] Added activity log: Chilling (15 min) at 2025-12-05 17:30:00
[2025-12-07 18:59:37] [INFO] Added activity log: Chilling (15 min) at 2025-12-05 17:45:00
[2025-12-07 18:59:37] [INFO] Added activity log: Working (15 min) at 2025-12-05 18:00:00
[2025-12-07 18:59:37] [INFO] Added activity log: Chilling (15 min) at 2025-12-05 18:27:00
[2025-12-07 18:59:37] [INFO] Added activity log: Chilling (15 min) at 2025-12-05 18:31:00
[2025-12-07 18:59:37] [INFO] Added activity log: Chilling (15 min) at 2025-12-05 18:45:00
[2025-12-07 18:59:37] [INFO] Added activity log: Chilling (15 min) at 2025-12-05 19:02:00
[2025-12-07 18:59:37] [INFO] Added activity log: Working (15 min) at 2025-12-05 19:15:00
[2025-12-07 18:59:37] [INFO] Added activity log: Chilling (15 min) at 2025-12-05 19:30:00
[2025-12-07 18:59:37] [INFO] Added activity log: Chilling (15 min) at 2025-12-05 19:55:00
[2025-12-07 18:59:37] [INFO] Added activity log: Chilling (15 min) at 2025-12-05 20:02:00
[2025-12-07 18:59:37] [INFO] Added activity log: Chilling (15 min) at 2025-12-05 20:18:00
[2025-12-07 18:59:37] [INFO] Migrated 96 entries from 2025-12-05_report.xlsx
[2025-12-07 18:59:37] [INFO] Added activity log: Chilling (15 min) at 2025-11-08 18:05:00
[2025-12-07 18:59:37] [INFO] Added activity log: Business (15 min) at 2025-11-08 18:15:00
[2025-12-07 18:59:37] [INFO] Added activity log: Business (15 min) at 2025-11-08 18:30:00
[2025-12-07 18:59:37] [INFO] Added activity log: Business (15 min) at 2025-11-08 18:45:00
[2025-12-07 18:59:37] [INFO] Added activity log: Business (15 min) at 2025-11-08 19:01:00
[2025-12-07 18:59:37] [INFO] Added activity log: Chilling (15 min) at 2025-11-08 19:17:00
[2025-12-07 18:59:37] [INFO] Added activity log: Chilling (15 min) at 2025-11-08 19:30:00
[2025-12-07 18:59:37] [INFO] Added activity log: Chilling (15 min) at 2025-11-08 19:45:00
[2025-12-07 18:59:37] [INFO] Added activity log: Gaming (15 min) at 2025-11-08 20:18:00
[2025-12-07 18:59:37] [INFO] Added activity log: Gaming (15 min) at 2025-11-08 20:18:00
[2025-12-07 18:59:37] [INFO] Added activity log: Chilling (15 min) at 2025-11-08 20:57:00
[2025-12-07 18:59:37] [INFO] Added activity log: Chilling (15 min) at 2025-11-08 20:57:00
[2025-12-07 18:59:37] [INFO] Migrated 12 entries from 2025-11-08_report.xlsx
[2025-12-07 18:59:37] [INFO] Added activity log: Chilling (15 min) at 2025-11-13 01:01:00
[2025-12-07 18:59:37] [INFO] Added activity log: Chilling (15 min) at 2025-11-13 01:15:00
[2025-12-07 18:59:37] [INFO] Added activity log: Chilling (15 min) at 2025-11-13 01:30:00
[2025-12-07 18:59:37] [INFO] Added activity log: Chilling (15 min) at 2025-11-13 01:52:00
[2025-12-07 18:59:37] [INFO] Added activity log: Chilling (15 min) at 2025-11-13 02:02:00
[2025-12-07 18:59:37] [INFO] Added activity log: Chilling (15 min) at 2025-11-13 02:16:00
[2025-12-07 18:59:38] [INFO] Added activity log: Chilling (15 min) at 2025-11-13 02:34:00
[2025-12-07 18:59:38] [INFO] Added activity log: Chilling (15 min) at 2025-11-13 09:30:00
[2025-12-07 18:59:38] [INFO] Added activity log: Gaming (15 min) at 2025-11-13 11:13:00
[2025-12-07 18:59:38] [INFO] Added activity log: Gaming (15 min) at 2025-11-13 11:13:00
[2025-12-07 18:59:38] [INFO] Added activity log: Gaming (15 min) at 2025-11-13 11:13:00
[2025-12-07 18:59:38] [INFO] Added activity log: Gaming (15 min) at 2025-11-13 11:13:00
[2025-12-07 18:59:38] [INFO] Added activity log: Gaming (15 min) at 2025-11-13 11:13:00
[2025-12-07 18:59:38] [INFO] Added activity log: Chilling (15 min) at 2025-11-13 11:33:00
[2025-12-07 18:59:38] [INFO] Added activity log: Chilling (15 min) at 2025-11-13 11:33:00
[2025-12-07 18:59:38] [INFO] Added activity log: Chilling (15 min) at 2025-11-13 11:54:00
[2025-12-07 18:59:38] [INFO] Added activity log: Chilling (15 min) at 2025-11-13 12:19:00
[2025-12-07 18:59:38] [INFO] Added activity log: Chilling (15 min) at 2025-11-13 12:19:00
[2025-12-07 18:59:38] [INFO] Added activity log: Chilling (15 min) at 2025-11-13 13:13:00
[2025-12-07 18:59:38] [INFO] Added activity log: Gaming (15 min) at 2025-11-13 13:13:00
[2025-12-07 18:59:38] [INFO] Added activity log: Chilling (15 min) at 2025-11-13 13:13:00
[2025-12-07 18:59:38] [INFO] Added activity log: Working (15 min) at 2025-11-13 15:00:00
[2025-12-07 18:59:38] [INFO] Added activity log: Chilling (15 min) at 2025-11-13 15:22:00
[2025-12-07 18:59:38] [INFO] Added activity log: Chilling (15 min) at 2025-11-13 15:30:00
[2025-12-07 18:59:38] [INFO] Added activity log: Chilling (15 min) at 2025-11-13 15:45:00
[2025-12-07 18:59:38] [INFO] Added activity log: Chilling (15 min) at 2025-11-13 16:00:00
[2025-12-07 18:59:38] [INFO] Added activity log: Chilling (15 min) at 2025-11-13 16:15:00
[2025-12-07 18:59:38] [INFO] Added activity log: Working (15 min) at 2025-11-13 16:30:00
[2025-12-07 18:59:38] [INFO] Added activity log: Working (15 min) at 2025-11-13 16:45:00
[2025-12-07 18:59:38] [INFO] Added activity log: Working (15 min) at 2025-11-13 17:00:00
[2025-12-07 18:59:38] [INFO] Added activity log: Working (15 min) at 2025-11-13 17:15:00
[2025-12-07 18:59:38] [INFO] Added activity log: Chilling (15 min) at 2025-11-13 17:30:00
[2025-12-07 18:59:38] [INFO] Added activity log: Chilling (15 min) at 2025-11-13 19:07:00
[2025-12-07 18:59:38] [INFO] Added activity log: Chilling (15 min) at 2025-11-13 19:07:00
[2025-12-07 18:59:38] [INFO] Added activity log: Chilling (15 min) at 2025-11-13 19:07:00
[2025-12-07 18:59:38] [INFO] Added activity log: Gaming (15 min) at 2025-11-13 19:31:00
[2025-12-07 18:59:38] [INFO] Added activity log: Gaming (15 min) at 2025-11-13 19:31:00
[2025-12-07 18:59:38] [INFO] Added activity log: Chilling (15 min) at 2025-11-13 19:56:00
[2025-12-07 18:59:38] [INFO] Added activity log: Chilling (15 min) at 2025-11-13 20:21:00
[2025-12-07 18:59:38] [INFO] Added activity log: Chilling (15 min) at 2025-11-13 20:21:00
[2025-12-07 18:59:38] [INFO] Added activity log: Chilling (15 min) at 2025-11-13 22:25:00
[2025-12-07 18:59:38] [INFO] Added activity log: Chilling (15 min) at 2025-11-13 22:25:00
[2025-12-07 18:59:38] [INFO] Added activity log: Chilling (15 min) at 2025-11-13 22:25:00
[2025-12-07 18:59:38] [INFO] Added activity log: Chilling (15 min) at 2025-11-13 22:25:00
[2025-12-07 18:59:38] [INFO] Added activity log: Chilling (15 min) at 2025-11-13 22:25:00
[2025-12-07 18:59:38] [INFO] Added activity log: Chilling (15 min) at 2025-11-13 22:25:00
[2025-12-07 18:59:38] [INFO] Added activity log: Chilling (15 min) at 2025-11-13 22:25:00
[2025-12-07 18:59:38] [INFO] Added activity log: Chilling (15 min) at 2025-11-13 22:25:00
[2025-12-07 18:59:38] [INFO] Added activity log: Chilling (15 min) at 2025-11-13 22:34:00
[2025-12-07 18:59:38] [INFO] Added activity log: Chilling (15 min) at 2025-11-13 23:30:00
[2025-12-07 18:59:38] [INFO] Added activity log: Chilling (15 min) at 2025-11-13 23:30:00
[2025-12-07 18:59:38] [INFO] Added activity log: Chilling (15 min) at 2025-11-13 23:30:00
[2025-12-07 18:59:38] [INFO] Added activity log: Chilling (15 min) at 2025-11-13 23:30:00
[2025-12-07 18:59:38] [INFO] Added activity log: Chilling (15 min) at 2025-11-13 23:47:00
[2025-12-07 18:59:38] [INFO] Added activity log: Chilling (15 min) at 2025-11-14 00:22:00
[2025-12-07 18:59:38] [INFO] Added activity log: Chilling (15 min) at 2025-11-14 00:22:00
[2025-12-07 18:59:38] [INFO] Added activity log: Chilling (15 min) at 2025-11-14 00:41:00
[2025-12-07 18:59:38] [INFO] Added activity log: Chilling (15 min) at 2025-11-14 00:48:00
[2025-12-07 18:59:38] [INFO] Added activity log: Gaming (15 min) at 2025-11-14 01:26:00
[2025-12-07 18:59:38] [INFO] Added activity log: Gaming (15 min) at 2025-11-14 01:26:00
[2025-12-07 18:59:38] [INFO] Added activity log: Chilling (15 min) at 2025-11-14 01:30:00
[2025-12-07 18:59:38] [INFO] Added activity log: Chilling (15 min) at 2025-11-14 01:45:00
[2025-12-07 18:59:38] [INFO] Added activity log: Chilling (15 min) at 2025-11-14 02:00:00
[2025-12-07 18:59:38] [INFO] Added activity log: Chilling (15 min) at 2025-11-14 09:55:00
[2025-12-07 18:59:38] [INFO] Added activity log: Chilling (15 min) at 2025-11-14 10:00:00
[2025-12-07 18:59:38] [INFO] Added activity log: Gaming (15 min) at 2025-11-14 10:30:00
[2025-12-07 18:59:38] [INFO] Added activity log: Gaming (15 min) at 2025-11-14 10:30:00
[2025-12-07 18:59:38] [INFO] Added activity log: Chilling (15 min) at 2025-11-14 11:05:00
[2025-12-07 18:59:38] [INFO] Added activity log: Chilling (15 min) at 2025-11-14 11:05:00
[2025-12-07 18:59:38] [INFO] Added activity log: Chilling (15 min) at 2025-11-14 11:55:00
[2025-12-07 18:59:38] [INFO] Added activity log: Chilling (15 min) at 2025-11-14 11:55:00
[2025-12-07 18:59:38] [INFO] Added activity log: Chilling (15 min) at 2025-11-14 11:55:00
[2025-12-07 18:59:38] [INFO] Added activity log: Chilling (15 min) at 2025-11-14 12:00:00
[2025-12-07 18:59:38] [INFO] Added activity log: Chilling (15 min) at 2025-11-14 12:26:00
[2025-12-07 18:59:38] [INFO] Added activity log: Chilling (15 min) at 2025-11-14 12:38:00
[2025-12-07 18:59:38] [INFO] Added activity log: Chilling (15 min) at 2025-11-14 13:21:00
[2025-12-07 18:59:38] [INFO] Added activity log: Chilling (15 min) at 2025-11-14 13:21:00
[2025-12-07 18:59:38] [INFO] Added activity log: Chilling (15 min) at 2025-11-14 13:21:00
[2025-12-07 18:59:38] [INFO] Added activity log: Chilling (15 min) at 2025-11-14 13:41:00
[2025-12-07 18:59:38] [INFO] Added activity log: Chilling (15 min) at 2025-11-14 14:09:00
[2025-12-07 18:59:38] [INFO] Added activity log: Chilling (15 min) at 2025-11-14 14:09:00
[2025-12-07 18:59:38] [INFO] Added activity log: Chilling (15 min) at 2025-11-14 14:22:00
[2025-12-07 18:59:38] [INFO] Added activity log: Chilling (15 min) at 2025-11-14 14:31:00
[2025-12-07 18:59:38] [INFO] Added activity log: Working (15 min) at 2025-11-14 14:45:00
[2025-12-07 18:59:38] [INFO] Added activity log: Chilling (15 min) at 2025-11-14 15:01:00
[2025-12-07 18:59:38] [INFO] Added activity log: Chilling (15 min) at 2025-11-14 15:15:00
[2025-12-07 18:59:38] [INFO] Added activity log: Chilling (15 min) at 2025-11-14 15:30:00
[2025-12-07 18:59:38] [INFO] Added activity log: Chilling (15 min) at 2025-11-14 15:45:00
[2025-12-07 18:59:38] [INFO] Added activity log: Chilling (15 min) at 2025-11-14 16:00:00
[2025-12-07 18:59:38] [INFO] Added activity log: Chilling (15 min) at 2025-11-14 16:20:00
[2025-12-07 18:59:38] [INFO] Added activity log: Chilling (15 min) at 2025-11-14 16:31:00
[2025-12-07 18:59:38] [INFO] Added activity log: Chilling (15 min) at 2025-11-14 16:45:00
[2025-12-07 18:59:38] [INFO] Added activity log: Working (15 min) at 2025-11-14 17:00:00
[2025-12-07 18:59:38] [INFO] Added activity log: Chilling (15 min) at 2025-11-14 17:21:00
[2025-12-07 18:59:38] [INFO] Added activity log: Gaming (15 min) at 2025-11-14 18:00:00
[2025-12-07 18:59:38] [INFO] Added activity log: Gaming (15 min) at 2025-11-14 18:00:00
[2025-12-07 18:59:38] [INFO] Added activity log: Gaming (15 min) at 2025-11-14 18:00:00
[2025-12-07 18:59:38] [INFO] Added activity log: Chilling (15 min) at 2025-11-14 18:15:00
[2025-12-07 18:59:38] [INFO] Added activity log: Chilling (15 min) at 2025-11-14 18:30:00
[2025-12-07 18:59:38] [INFO] Added activity log: Chilling (15 min) at 2025-11-14 18:50:00
[2025-12-07 18:59:38] [INFO] Added activity log: Chilling (15 min) at 2025-11-14 19:03:00
[2025-12-07 18:59:38] [INFO] Added activity log: Chilling (15 min) at 2025-11-14 19:20:00
[2025-12-07 18:59:38] [INFO] Added activity log: Chilling (15 min) at 2025-11-14 19:33:00
[2025-12-07 18:59:38] [INFO] Added activity log: Chilling (15 min) at 2025-11-14 20:07:00
[2025-12-07 18:59:38] [INFO] Added activity log: Chilling (15 min) at 2025-11-14 20:07:00
[2025-12-07 18:59:38] [INFO] Added activity log: Chilling (15 min) at 2025-11-14 20:15:00
[2025-12-07 18:59:38] [INFO] Added activity log: Chilling (15 min) at 2025-11-14 20:30:00
[2025-12-07 18:59:38] [INFO] Added activity log: Chilling (15 min) at 2025-11-14 20:45:00
[2025-12-07 18:59:38] [INFO] Added activity log: Chilling (15 min) at 2025-11-14 21:03:00
[2025-12-07 18:59:38] [INFO] Added activity log: Chilling (15 min) at 2025-11-14 21:15:00
[2025-12-07 18:59:38] [INFO] Added activity log: Chilling (15 min) at 2025-11-14 21:32:00
[2025-12-07 18:59:38] [INFO] Added activity log: Chilling (15 min) at 2025-11-14 21:46:00
[2025-12-07 18:59:38] [INFO] Added activity log: Working (15 min) at 2025-11-14 22:00:00
[2025-12-07 18:59:38] [INFO] Added activity log: Chilling (15 min) at 2025-11-14 22:15:00
[2025-12-07 18:59:38] [INFO] Added activity log: Business (15 min) at 2025-11-14 22:30:00
[2025-12-07 18:59:38] [INFO] Added activity log: Business (15 min) at 2025-11-14 22:45:00
[2025-12-07 18:59:38] [INFO] Added activity log: Chilling (15 min) at 2025-11-14 23:00:00
[2025-12-07 18:59:39] [INFO] Added activity log: Business (15 min) at 2025-11-14 23:15:00
[2025-12-07 18:59:39] [INFO] Added activity log: Business (15 min) at 2025-11-14 23:30:00
[2025-12-07 18:59:39] [INFO] Added activity log: Business (15 min) at 2025-11-14 23:45:00
[2025-12-07 18:59:39] [INFO] Added activity log: Business (15 min) at 2025-11-15 00:00:00
[2025-12-07 18:59:39] [INFO] Added activity log: Chilling (15 min) at 2025-11-15 00:32:00
[2025-12-07 18:59:39] [INFO] Added activity log: Chilling (15 min) at 2025-11-15 00:32:00
[2025-12-07 18:59:39] [INFO] Added activity log: Chilling (15 min) at 2025-11-15 00:45:00
[2025-12-07 18:59:39] [INFO] Added activity log: Chilling (15 min) at 2025-11-15 01:00:00
[2025-12-07 18:59:39] [INFO] Added activity log: Chilling (15 min) at 2025-11-15 10:00:00
[2025-12-07 18:59:39] [INFO] Added activity log: Chilling (15 min) at 2025-11-15 10:55:00
[2025-12-07 18:59:39] [INFO] Added activity log: Chilling (15 min) at 2025-11-15 10:55:00
[2025-12-07 18:59:39] [INFO] Added activity log: Chilling (15 min) at 2025-11-15 10:55:00
[2025-12-07 18:59:39] [INFO] Added activity log: Chilling (15 min) at 2025-11-15 11:05:00
[2025-12-07 18:59:39] [INFO] Added activity log: Chilling (15 min) at 2025-11-15 12:30:00
[2025-12-07 18:59:39] [INFO] Added activity log: Gaming (15 min) at 2025-11-15 13:23:00
[2025-12-07 18:59:39] [INFO] Added activity log: Gaming (15 min) at 2025-11-15 13:23:00
[2025-12-07 18:59:39] [INFO] Added activity log: Gaming (15 min) at 2025-11-15 13:23:00
[2025-12-07 18:59:39] [INFO] Added activity log: Gaming (15 min) at 2025-11-15 13:49:00
[2025-12-07 18:59:39] [INFO] Added activity log: Gaming (15 min) at 2025-11-15 13:49:00
[2025-12-07 18:59:39] [INFO] Added activity log: Chilling (15 min) at 2025-11-15 14:00:00
[2025-12-07 18:59:39] [INFO] Added activity log: Gaming (15 min) at 2025-11-15 18:26:00
[2025-12-07 18:59:39] [INFO] Added activity log: Gaming (15 min) at 2025-11-15 18:26:00
[2025-12-07 18:59:39] [INFO] Added activity log: Chilling (15 min) at 2025-11-15 23:30:00
[2025-12-07 18:59:39] [INFO] Added activity log: Chilling (15 min) at 2025-11-15 23:45:00
[2025-12-07 18:59:39] [INFO] Added activity log: Gaming (15 min) at 2025-11-16 00:08:00
[2025-12-07 18:59:39] [INFO] Added activity log: Chilling (15 min) at 2025-11-16 00:15:00
[2025-12-07 18:59:39] [INFO] Added activity log: Chilling (15 min) at 2025-11-16 00:30:00
[2025-12-07 18:59:39] [INFO] Added activity log: Chilling (15 min) at 2025-11-16 00:47:00
[2025-12-07 18:59:39] [INFO] Added activity log: Chilling (15 min) at 2025-11-16 01:00:00
[2025-12-07 18:59:39] [INFO] Added activity log: Gaming (15 min) at 2025-11-16 01:21:00
[2025-12-07 18:59:39] [INFO] Added activity log: Working (15 min) at 2025-11-16 01:30:00
[2025-12-07 18:59:39] [INFO] Added activity log: Chilling (15 min) at 2025-11-16 10:53:00
[2025-12-07 18:59:39] [INFO] Added activity log: Gaming (15 min) at 2025-11-16 11:58:00
[2025-12-07 18:59:39] [INFO] Added activity log: Gaming (15 min) at 2025-11-16 11:58:00
[2025-12-07 18:59:39] [INFO] Added activity log: Chilling (15 min) at 2025-11-16 11:58:00
[2025-12-07 18:59:39] [INFO] Added activity log: Gaming (15 min) at 2025-11-16 11:58:00
[2025-12-07 18:59:39] [INFO] Added activity log: Gaming (15 min) at 2025-11-16 12:00:00
[2025-12-07 18:59:39] [INFO] Added activity log: Chilling (15 min) at 2025-11-16 12:38:00
[2025-12-07 18:59:39] [INFO] Added activity log: Chilling (15 min) at 2025-11-16 12:38:00
[2025-12-07 18:59:39] [INFO] Added activity log: Gaming (15 min) at 2025-11-16 13:23:00
[2025-12-07 18:59:39] [INFO] Added activity log: Gaming (15 min) at 2025-11-16 13:23:00
[2025-12-07 18:59:39] [INFO] Added activity log: Gaming (15 min) at 2025-11-16 13:23:00
[2025-12-07 18:59:39] [INFO] Added activity log: Gaming (15 min) at 2025-11-16 13:51:00
[2025-12-07 18:59:39] [INFO] Added activity log: Gaming (15 min) at 2025-11-16 13:52:00
[2025-12-07 18:59:39] [INFO] Added activity log: Gaming (15 min) at 2025-11-16 14:03:00
[2025-12-07 18:59:39] [INFO] Added activity log: Chilling (15 min) at 2025-11-16 14:15:00
[2025-12-07 18:59:39] [INFO] Added activity log: Chilling (15 min) at 2025-11-16 14:30:00
[2025-12-07 18:59:39] [INFO] Added activity log: Chilling (15 min) at 2025-11-16 14:45:00
[2025-12-07 18:59:39] [INFO] Added activity log: Chilling (15 min) at 2025-11-16 15:00:00
[2025-12-07 18:59:39] [INFO] Added activity log: Chilling (15 min) at 2025-11-16 15:15:00
[2025-12-07 18:59:39] [INFO] Added activity log: Chilling (15 min) at 2025-11-16 15:30:00
[2025-12-07 18:59:39] [INFO] Added activity log: Chilling (15 min) at 2025-11-16 15:46:00
[2025-12-07 18:59:39] [INFO] Added activity log: Gaming (15 min) at 2025-11-16 16:35:00
[2025-12-07 18:59:39] [INFO] Added activity log: Gaming (15 min) at 2025-11-16 16:35:00
[2025-12-07 18:59:39] [INFO] Added activity log: Gaming (15 min) at 2025-11-16 16:35:00
[2025-12-07 18:59:39] [INFO] Added activity log: Chilling (15 min) at 2025-11-16 16:58:00
[2025-12-07 18:59:39] [INFO] Added activity log: Chilling (15 min) at 2025-11-16 17:04:00
[2025-12-07 18:59:39] [INFO] Added activity log: Chilling (15 min) at 2025-11-16 17:16:00
[2025-12-07 18:59:39] [INFO] Added activity log: Chilling (15 min) at 2025-11-16 17:40:00
[2025-12-07 18:59:39] [INFO] Added activity log: Working (15 min) at 2025-11-16 17:45:00
[2025-12-07 18:59:39] [INFO] Added activity log: Chilling (15 min) at 2025-11-16 18:13:00
[2025-12-07 18:59:39] [INFO] Added activity log: Chilling (15 min) at 2025-11-16 18:15:00
[2025-12-07 18:59:39] [INFO] Added activity log: Chilling (15 min) at 2025-11-16 18:31:00
[2025-12-07 18:59:39] [INFO] Added activity log: Chilling (15 min) at 2025-11-16 18:48:00
[2025-12-07 18:59:39] [INFO] Added activity log: Chilling (15 min) at 2025-11-16 19:00:00
[2025-12-07 18:59:39] [INFO] Added activity log: Academics (15 min) at 2025-11-16 19:15:00
[2025-12-07 18:59:39] [INFO] Added activity log: Chilling (15 min) at 2025-11-16 19:33:00
[2025-12-07 18:59:39] [INFO] Added activity log: Chilling (15 min) at 2025-11-16 19:45:00
[2025-12-07 18:59:39] [INFO] Added activity log: Chilling (15 min) at 2025-11-16 20:00:00
[2025-12-07 18:59:39] [INFO] Added activity log: Chilling (15 min) at 2025-11-16 20:16:00
[2025-12-07 18:59:39] [INFO] Added activity log: Gaming (15 min) at 2025-11-16 20:52:00
[2025-12-07 18:59:39] [INFO] Added activity log: Gaming (15 min) at 2025-11-16 20:52:00
[2025-12-07 18:59:39] [INFO] Added activity log: Chilling (15 min) at 2025-11-16 21:00:00
[2025-12-07 18:59:39] [INFO] Added activity log: Chilling (15 min) at 2025-11-16 21:15:00
[2025-12-07 18:59:39] [INFO] Added activity log: Chilling (15 min) at 2025-11-16 21:30:00
[2025-12-07 18:59:39] [INFO] Added activity log: Working (15 min) at 2025-11-16 22:00:00
[2025-12-07 18:59:39] [INFO] Added activity log: Working (15 min) at 2025-11-16 22:15:00
[2025-12-07 18:59:39] [INFO] Added activity log: Working (15 min) at 2025-11-16 22:30:00
[2025-12-07 18:59:39] [INFO] Added activity log: Academics (15 min) at 2025-11-16 22:45:00
[2025-12-07 18:59:39] [INFO] Added activity log: Chilling (15 min) at 2025-11-16 23:21:00
[2025-12-07 18:59:39] [INFO] Added activity log: Chilling (15 min) at 2025-11-16 23:21:00
[2025-12-07 18:59:39] [INFO] Migrated 198 entries from 2025-11-16_report.xlsx
[2025-12-07 18:59:39] [INFO] Added activity log: Working (15 min) at 2025-11-03 03:51:00
[2025-12-07 18:59:39] [INFO] Added activity log: Working (15 min) at 2025-11-03 04:03:00
[2025-12-07 18:59:39] [INFO] Added activity log: Chilling (15 min) at 2025-11-03 23:15:00
[2025-12-07 18:59:39] [INFO] Added activity log: Chilling (15 min) at 2025-11-03 23:40:00
[2025-12-07 18:59:39] [INFO] Added activity log: Chilling (15 min) at 2025-11-03 23:45:00
[2025-12-07 18:59:39] [INFO] Added activity log: Chilling (15 min) at 2025-11-04 00:01:00
[2025-12-07 18:59:39] [INFO] Added activity log: Chilling (15 min) at 2025-11-04 00:15:00
[2025-12-07 18:59:39] [INFO] Added activity log: Working (15 min) at 2025-11-04 00:30:00
[2025-12-07 18:59:39] [INFO] Added activity log: Working (15 min) at 2025-11-04 00:45:00
[2025-12-07 18:59:39] [INFO] Added activity log: Working (15 min) at 2025-11-04 01:00:00
[2025-12-07 18:59:39] [INFO] Added activity log: Working (15 min) at 2025-11-04 01:17:00
[2025-12-07 18:59:39] [INFO] Added activity log: Working (15 min) at 2025-11-04 01:30:00
[2025-12-07 18:59:39] [INFO] Added activity log: Chilling (15 min) at 2025-11-04 01:45:00
[2025-12-07 18:59:39] [INFO] Added activity log: Chilling (15 min) at 2025-11-04 02:12:00
[2025-12-07 18:59:39] [INFO] Added activity log: Working (15 min) at 2025-11-04 02:15:00
[2025-12-07 18:59:39] [INFO] Added activity log: Working (15 min) at 2025-11-04 02:30:00
[2025-12-07 18:59:39] [INFO] Added activity log: Working (15 min) at 2025-11-04 02:45:00
[2025-12-07 18:59:39] [INFO] Added activity log: Working (15 min) at 2025-11-04 12:30:00
[2025-12-07 18:59:39] [INFO] Added activity log: Working (15 min) at 2025-11-04 12:45:00
[2025-12-07 18:59:39] [INFO] Added activity log: Working (15 min) at 2025-11-04 13:00:00
[2025-12-07 18:59:39] [INFO] Added activity log: Working (15 min) at 2025-11-04 13:16:00
[2025-12-07 18:59:39] [INFO] Added activity log: Working (15 min) at 2025-11-04 13:30:00
[2025-12-07 18:59:39] [INFO] Added activity log: Working (15 min) at 2025-11-04 13:45:00
[2025-12-07 18:59:39] [INFO] Added activity log: Working (15 min) at 2025-11-04 14:00:00
[2025-12-07 18:59:40] [INFO] Added activity log: Working (15 min) at 2025-11-04 14:15:00
[2025-12-07 18:59:40] [INFO] Added activity log: Working (15 min) at 2025-11-04 14:30:00
[2025-12-07 18:59:40] [INFO] Added activity log: Chilling (15 min) at 2025-11-04 14:45:00
[2025-12-07 18:59:40] [INFO] Added activity log: Chilling (15 min) at 2025-11-04 15:00:00
[2025-12-07 18:59:40] [INFO] Added activity log: Chilling (15 min) at 2025-11-04 15:15:00
[2025-12-07 18:59:40] [INFO] Added activity log: Working (15 min) at 2025-11-04 15:30:00
[2025-12-07 18:59:40] [INFO] Added activity log: Working (15 min) at 2025-11-04 15:45:00
[2025-12-07 18:59:40] [INFO] Added activity log: Working (15 min) at 2025-11-04 16:00:00
[2025-12-07 18:59:40] [INFO] Migrated 32 entries from 2025-11-04_report.xlsx
[2025-12-07 18:59:40] [INFO] Added activity log: Working (15 min) at 2025-11-25 02:19:00
[2025-12-07 18:59:40] [INFO] Migrated 1 entries from 2025-11-25_report.xlsx
[2025-12-07 18:59:40] [INFO] Added activity log: Chilling (15 min) at 2025-11-10 09:00:00
[2025-12-07 18:59:40] [INFO] Added activity log: Chilling (15 min) at 2025-11-10 09:23:00
[2025-12-07 18:59:40] [INFO] Added activity log: Chilling (15 min) at 2025-11-10 09:41:00
[2025-12-07 18:59:40] [INFO] Added activity log: Chilling (15 min) at 2025-11-10 09:45:00
[2025-12-07 18:59:40] [INFO] Added activity log: Gaming (15 min) at 2025-11-10 11:02:00
[2025-12-07 18:59:40] [INFO] Added activity log: Gaming (15 min) at 2025-11-10 11:02:00
[2025-12-07 18:59:40] [INFO] Added activity log: Gaming (15 min) at 2025-11-10 11:02:00
[2025-12-07 18:59:40] [INFO] Added activity log: Gaming (15 min) at 2025-11-10 11:02:00
[2025-12-07 18:59:40] [INFO] Added activity log: Gaming (15 min) at 2025-11-10 11:02:00
[2025-12-07 18:59:40] [INFO] Added activity log: Chilling (15 min) at 2025-11-10 12:09:00
[2025-12-07 18:59:40] [INFO] Added activity log: Chilling (15 min) at 2025-11-10 12:09:00
[2025-12-07 18:59:40] [INFO] Added activity log: Chilling (15 min) at 2025-11-10 12:09:00
[2025-12-07 18:59:40] [INFO] Added activity log: Chilling (15 min) at 2025-11-10 12:09:00
[2025-12-07 18:59:40] [INFO] Added activity log: Chilling (15 min) at 2025-11-10 12:34:00
[2025-12-07 18:59:40] [INFO] Added activity log: Chilling (15 min) at 2025-11-10 12:34:00
[2025-12-07 18:59:40] [INFO] Added activity log: Chilling (15 min) at 2025-11-10 17:46:00
[2025-12-07 18:59:40] [INFO] Added activity log: Chilling (15 min) at 2025-11-10 18:00:00
[2025-12-07 18:59:40] [INFO] Added activity log: Chilling (15 min) at 2025-11-10 18:15:00
[2025-12-07 18:59:40] [INFO] Added activity log: Working (15 min) at 2025-11-10 18:30:00
[2025-12-07 18:59:40] [INFO] Added activity log: Chilling (15 min) at 2025-11-10 18:53:00
[2025-12-07 18:59:40] [INFO] Added activity log: Working (15 min) at 2025-11-10 19:00:00
[2025-12-07 18:59:40] [INFO] Added activity log: Working (15 min) at 2025-11-10 19:15:00
[2025-12-07 18:59:40] [INFO] Added activity log: Working (15 min) at 2025-11-10 19:30:00
[2025-12-07 18:59:40] [INFO] Added activity log: Working (15 min) at 2025-11-10 19:45:00
[2025-12-07 18:59:40] [INFO] Added activity log: Chilling (15 min) at 2025-11-10 23:30:00
[2025-12-07 18:59:40] [INFO] Added activity log: Chilling (15 min) at 2025-11-10 23:45:00
[2025-12-07 18:59:40] [INFO] Added activity log: Chilling (15 min) at 2025-11-11 00:00:00
[2025-12-07 18:59:40] [INFO] Added activity log: Chilling (15 min) at 2025-11-11 00:18:00
[2025-12-07 18:59:40] [INFO] Added activity log: Chilling (15 min) at 2025-11-11 13:15:00
[2025-12-07 18:59:40] [INFO] Added activity log: Chilling (15 min) at 2025-11-11 13:30:00
[2025-12-07 18:59:40] [INFO] Added activity log: Chilling (15 min) at 2025-11-11 13:45:00
[2025-12-07 18:59:40] [INFO] Added activity log: Chilling (15 min) at 2025-11-11 14:00:00
[2025-12-07 18:59:40] [INFO] Added activity log: Chilling (15 min) at 2025-11-11 14:15:00
[2025-12-07 18:59:40] [INFO] Added activity log: Chilling (15 min) at 2025-11-11 15:30:00
[2025-12-07 18:59:40] [INFO] Added activity log: Chilling (15 min) at 2025-11-11 15:45:00
[2025-12-07 18:59:40] [INFO] Added activity log: Business (15 min) at 2025-11-11 16:00:00
[2025-12-07 18:59:40] [INFO] Added activity log: Chilling (15 min) at 2025-11-11 16:30:00
[2025-12-07 18:59:40] [INFO] Added activity log: Business (15 min) at 2025-11-11 16:40:00
[2025-12-07 18:59:40] [INFO] Added activity log: Chilling (15 min) at 2025-11-11 17:21:00
[2025-12-07 18:59:40] [INFO] Added activity log: Chilling (15 min) at 2025-11-11 17:21:00
[2025-12-07 18:59:40] [INFO] Added activity log: Chilling (15 min) at 2025-11-11 17:30:00
[2025-12-07 18:59:40] [INFO] Added activity log: Chilling (15 min) at 2025-11-11 17:45:00
[2025-12-07 18:59:40] [INFO] Added activity log: Chilling (15 min) at 2025-11-11 18:00:00
[2025-12-07 18:59:40] [INFO] Added activity log: Chilling (15 min) at 2025-11-11 18:15:00
[2025-12-07 18:59:40] [INFO] Added activity log: Chilling (15 min) at 2025-11-11 18:30:00
[2025-12-07 18:59:40] [INFO] Added activity log: Chilling (15 min) at 2025-11-11 18:45:00
[2025-12-07 18:59:40] [INFO] Added activity log: Chilling (15 min) at 2025-11-11 19:00:00
[2025-12-07 18:59:40] [INFO] Added activity log: Chilling (15 min) at 2025-11-11 19:23:00
[2025-12-07 18:59:40] [INFO] Added activity log: Chilling (15 min) at 2025-11-11 21:45:00
[2025-12-07 18:59:40] [INFO] Added activity log: Chilling (15 min) at 2025-11-11 22:01:00
[2025-12-07 18:59:40] [INFO] Added activity log: Chilling (15 min) at 2025-11-11 22:41:00
[2025-12-07 18:59:40] [INFO] Added activity log: Chilling (15 min) at 2025-11-11 22:41:00
[2025-12-07 18:59:40] [INFO] Added activity log: Chilling (15 min) at 2025-11-11 23:10:00
[2025-12-07 18:59:40] [INFO] Added activity log: Chilling (15 min) at 2025-11-11 23:10:00
[2025-12-07 18:59:40] [INFO] Added activity log: Chilling (15 min) at 2025-11-11 23:15:00
[2025-12-07 18:59:40] [INFO] Added activity log: Chilling (15 min) at 2025-11-11 23:30:00
[2025-12-07 18:59:40] [INFO] Added activity log: Chilling (15 min) at 2025-11-12 00:12:00
[2025-12-07 18:59:40] [INFO] Added activity log: Chilling (15 min) at 2025-11-12 00:12:00
[2025-12-07 18:59:40] [INFO] Added activity log: Chilling (15 min) at 2025-11-12 00:16:00
[2025-12-07 18:59:40] [INFO] Added activity log: Chilling (15 min) at 2025-11-12 00:38:00
[2025-12-07 18:59:40] [INFO] Added activity log: Chilling (15 min) at 2025-11-12 00:47:00
[2025-12-07 18:59:40] [INFO] Added activity log: Working (15 min) at 2025-11-12 01:05:00
[2025-12-07 18:59:40] [INFO] Added activity log: Working (15 min) at 2025-11-12 01:15:00
[2025-12-07 18:59:40] [INFO] Added activity log: Chilling (15 min) at 2025-11-12 01:30:00
[2025-12-07 18:59:40] [INFO] Added activity log: Working (15 min) at 2025-11-12 01:45:00
[2025-12-07 18:59:40] [INFO] Added activity log: Business (15 min) at 2025-11-12 02:00:00
[2025-12-07 18:59:40] [INFO] Added activity log: Chilling (15 min) at 2025-11-12 11:50:00
[2025-12-07 18:59:40] [INFO] Added activity log: Chilling (15 min) at 2025-11-12 11:50:00
[2025-12-07 18:59:40] [INFO] Added activity log: Chilling (15 min) at 2025-11-12 11:50:00
[2025-12-07 18:59:40] [INFO] Added activity log: Chilling (15 min) at 2025-11-12 12:02:00
[2025-12-07 18:59:40] [INFO] Added activity log: Chilling (15 min) at 2025-11-12 12:15:00
[2025-12-07 18:59:40] [INFO] Added activity log: Chilling (15 min) at 2025-11-12 12:34:00
[2025-12-07 18:59:40] [INFO] Added activity log: Chilling (15 min) at 2025-11-12 12:45:00
[2025-12-07 18:59:40] [INFO] Added activity log: Chilling (15 min) at 2025-11-12 12:45:00
[2025-12-07 18:59:40] [INFO] Added activity log: Chilling (15 min) at 2025-11-12 12:45:00
[2025-12-07 18:59:40] [INFO] Added activity log: Chilling (15 min) at 2025-11-12 12:45:00
[2025-12-07 18:59:40] [INFO] Added activity log: Chilling (15 min) at 2025-11-12 12:45:00
[2025-12-07 18:59:40] [INFO] Added activity log: Gaming (15 min) at 2025-11-12 13:33:00
[2025-12-07 18:59:40] [INFO] Added activity log: Gaming (15 min) at 2025-11-12 13:33:00
[2025-12-07 18:59:40] [INFO] Added activity log: Gaming (15 min) at 2025-11-12 13:33:00
[2025-12-07 18:59:40] [INFO] Added activity log: Chilling (15 min) at 2025-11-12 13:53:00
[2025-12-07 18:59:40] [INFO] Added activity log: Chilling (15 min) at 2025-11-12 14:00:00
[2025-12-07 18:59:40] [INFO] Added activity log: Chilling (15 min) at 2025-11-12 14:00:00
[2025-12-07 18:59:40] [INFO] Added activity log: Chilling (15 min) at 2025-11-12 14:15:00
[2025-12-07 18:59:40] [INFO] Added activity log: Chilling (15 min) at 2025-11-12 14:45:00
[2025-12-07 18:59:40] [INFO] Added activity log: Chilling (15 min) at 2025-11-12 14:45:00
[2025-12-07 18:59:40] [INFO] Added activity log: Chilling (15 min) at 2025-11-12 15:00:00
[2025-12-07 18:59:40] [INFO] Added activity log: Chilling (15 min) at 2025-11-12 15:16:00
[2025-12-07 18:59:40] [INFO] Added activity log: Gaming (15 min) at 2025-11-12 15:46:00
[2025-12-07 18:59:40] [INFO] Added activity log: Gaming (15 min) at 2025-11-12 15:46:00
[2025-12-07 18:59:40] [INFO] Added activity log: Chilling (15 min) at 2025-11-12 16:04:00
[2025-12-07 18:59:40] [INFO] Added activity log: Chilling (15 min) at 2025-11-12 16:15:00
[2025-12-07 18:59:40] [INFO] Added activity log: Chilling (15 min) at 2025-11-12 16:30:00
[2025-12-07 18:59:40] [INFO] Added activity log: Gaming (15 min) at 2025-11-12 16:51:00
[2025-12-07 18:59:40] [INFO] Added activity log: Chilling (15 min) at 2025-11-12 17:01:00
[2025-12-07 18:59:40] [INFO] Added activity log: Chilling (15 min) at 2025-11-12 17:15:00
[2025-12-07 18:59:40] [INFO] Added activity log: Chilling (15 min) at 2025-11-12 17:30:00
[2025-12-07 18:59:40] [INFO] Added activity log: Chilling (15 min) at 2025-11-12 17:45:00
[2025-12-07 18:59:40] [INFO] Added activity log: Chilling (15 min) at 2025-11-12 18:01:00
[2025-12-07 18:59:41] [INFO] Added activity log: Chilling (15 min) at 2025-11-12 18:15:00
[2025-12-07 18:59:41] [INFO] Added activity log: Chilling (15 min) at 2025-11-12 18:30:00
[2025-12-07 18:59:41] [INFO] Added activity log: Chilling (15 min) at 2025-11-12 19:08:00
[2025-12-07 18:59:41] [INFO] Added activity log: Chilling (15 min) at 2025-11-12 19:08:00
[2025-12-07 18:59:41] [INFO] Added activity log: Chilling (15 min) at 2025-11-12 19:27:00
[2025-12-07 18:59:41] [INFO] Added activity log: Chilling (15 min) at 2025-11-12 19:30:00
[2025-12-07 18:59:41] [INFO] Added activity log: Chilling (15 min) at 2025-11-12 19:45:00
[2025-12-07 18:59:41] [INFO] Added activity log: Chilling (15 min) at 2025-11-12 20:00:00
[2025-12-07 18:59:41] [INFO] Added activity log: Chilling (15 min) at 2025-11-12 20:15:00
[2025-12-07 18:59:41] [INFO] Added activity log: Chilling (15 min) at 2025-11-12 20:30:00
[2025-12-07 18:59:41] [INFO] Added activity log: Chilling (15 min) at 2025-11-12 21:14:00
[2025-12-07 18:59:41] [INFO] Added activity log: Chilling (15 min) at 2025-11-12 21:14:00
[2025-12-07 18:59:41] [INFO] Added activity log: Chilling (15 min) at 2025-11-12 21:15:00
[2025-12-07 18:59:41] [INFO] Added activity log: Chilling (15 min) at 2025-11-12 21:30:00
[2025-12-07 18:59:41] [INFO] Added activity log: Chilling (15 min) at 2025-11-12 21:45:00
[2025-12-07 18:59:41] [INFO] Added activity log: Chilling (15 min) at 2025-11-12 22:00:00
[2025-12-07 18:59:41] [INFO] Migrated 115 entries from 2025-11-12_report.xlsx
[2025-12-07 18:59:41] [INFO] Added activity log: Chilling (15 min) at 2025-11-10 09:00:00
[2025-12-07 18:59:41] [INFO] Added activity log: Chilling (15 min) at 2025-11-10 09:23:00
[2025-12-07 18:59:41] [INFO] Added activity log: Chilling (15 min) at 2025-11-10 09:41:00
[2025-12-07 18:59:41] [INFO] Added activity log: Chilling (15 min) at 2025-11-10 09:45:00
[2025-12-07 18:59:41] [INFO] Added activity log: Gaming (15 min) at 2025-11-10 11:02:00
[2025-12-07 18:59:41] [INFO] Added activity log: Gaming (15 min) at 2025-11-10 11:02:00
[2025-12-07 18:59:41] [INFO] Added activity log: Gaming (15 min) at 2025-11-10 11:02:00
[2025-12-07 18:59:41] [INFO] Added activity log: Gaming (15 min) at 2025-11-10 11:02:00
[2025-12-07 18:59:41] [INFO] Added activity log: Gaming (15 min) at 2025-11-10 11:02:00
[2025-12-07 18:59:41] [INFO] Added activity log: Chilling (15 min) at 2025-11-10 12:09:00
[2025-12-07 18:59:41] [INFO] Added activity log: Chilling (15 min) at 2025-11-10 12:09:00
[2025-12-07 18:59:41] [INFO] Added activity log: Chilling (15 min) at 2025-11-10 12:09:00
[2025-12-07 18:59:41] [INFO] Added activity log: Chilling (15 min) at 2025-11-10 12:09:00
[2025-12-07 18:59:41] [INFO] Added activity log: Chilling (15 min) at 2025-11-10 12:34:00
[2025-12-07 18:59:41] [INFO] Added activity log: Chilling (15 min) at 2025-11-10 12:34:00
[2025-12-07 18:59:41] [INFO] Added activity log: Chilling (15 min) at 2025-11-10 17:46:00
[2025-12-07 18:59:41] [INFO] Added activity log: Chilling (15 min) at 2025-11-10 18:00:00
[2025-12-07 18:59:41] [INFO] Added activity log: Chilling (15 min) at 2025-11-10 18:15:00
[2025-12-07 18:59:41] [INFO] Added activity log: Working (15 min) at 2025-11-10 18:30:00
[2025-12-07 18:59:41] [INFO] Added activity log: Chilling (15 min) at 2025-11-10 18:53:00
[2025-12-07 18:59:41] [INFO] Added activity log: Working (15 min) at 2025-11-10 19:00:00
[2025-12-07 18:59:41] [INFO] Added activity log: Working (15 min) at 2025-11-10 19:15:00
[2025-12-07 18:59:41] [INFO] Added activity log: Working (15 min) at 2025-11-10 19:30:00
[2025-12-07 18:59:41] [INFO] Added activity log: Working (15 min) at 2025-11-10 19:45:00
[2025-12-07 18:59:41] [INFO] Added activity log: Chilling (15 min) at 2025-11-10 23:30:00
[2025-12-07 18:59:41] [INFO] Added activity log: Chilling (15 min) at 2025-11-10 23:45:00
[2025-12-07 18:59:41] [INFO] Migrated 26 entries from 2025-11-10_report.xlsx
[2025-12-07 18:59:41] [INFO] Added activity log: Chilling (15 min) at 2025-11-13 01:01:00
[2025-12-07 18:59:41] [INFO] Added activity log: Chilling (15 min) at 2025-11-13 01:15:00
[2025-12-07 18:59:41] [INFO] Added activity log: Chilling (15 min) at 2025-11-13 01:30:00
[2025-12-07 18:59:41] [INFO] Added activity log: Chilling (15 min) at 2025-11-13 01:52:00
[2025-12-07 18:59:41] [INFO] Added activity log: Chilling (15 min) at 2025-11-13 02:02:00
[2025-12-07 18:59:41] [INFO] Added activity log: Chilling (15 min) at 2025-11-13 02:16:00
[2025-12-07 18:59:41] [INFO] Added activity log: Chilling (15 min) at 2025-11-13 02:34:00
[2025-12-07 18:59:41] [INFO] Added activity log: Chilling (15 min) at 2025-11-13 09:30:00
[2025-12-07 18:59:41] [INFO] Added activity log: Gaming (15 min) at 2025-11-13 11:13:00
[2025-12-07 18:59:41] [INFO] Added activity log: Gaming (15 min) at 2025-11-13 11:13:00
[2025-12-07 18:59:41] [INFO] Added activity log: Gaming (15 min) at 2025-11-13 11:13:00
[2025-12-07 18:59:41] [INFO] Added activity log: Gaming (15 min) at 2025-11-13 11:13:00
[2025-12-07 18:59:41] [INFO] Added activity log: Gaming (15 min) at 2025-11-13 11:13:00
[2025-12-07 18:59:41] [INFO] Added activity log: Chilling (15 min) at 2025-11-13 11:33:00
[2025-12-07 18:59:41] [INFO] Added activity log: Chilling (15 min) at 2025-11-13 11:33:00
[2025-12-07 18:59:41] [INFO] Added activity log: Chilling (15 min) at 2025-11-13 11:54:00
[2025-12-07 18:59:41] [INFO] Added activity log: Chilling (15 min) at 2025-11-13 12:19:00
[2025-12-07 18:59:41] [INFO] Added activity log: Chilling (15 min) at 2025-11-13 12:19:00
[2025-12-07 18:59:41] [INFO] Added activity log: Chilling (15 min) at 2025-11-13 13:13:00
[2025-12-07 18:59:41] [INFO] Added activity log: Gaming (15 min) at 2025-11-13 13:13:00
[2025-12-07 18:59:41] [INFO] Added activity log: Chilling (15 min) at 2025-11-13 13:13:00
[2025-12-07 18:59:41] [INFO] Added activity log: Working (15 min) at 2025-11-13 15:00:00
[2025-12-07 18:59:41] [INFO] Added activity log: Chilling (15 min) at 2025-11-13 15:22:00
[2025-12-07 18:59:41] [INFO] Added activity log: Chilling (15 min) at 2025-11-13 15:30:00
[2025-12-07 18:59:41] [INFO] Added activity log: Chilling (15 min) at 2025-11-13 15:45:00
[2025-12-07 18:59:41] [INFO] Added activity log: Chilling (15 min) at 2025-11-13 16:00:00
[2025-12-07 18:59:41] [INFO] Added activity log: Chilling (15 min) at 2025-11-13 16:15:00
[2025-12-07 18:59:41] [INFO] Added activity log: Working (15 min) at 2025-11-13 16:30:00
[2025-12-07 18:59:41] [INFO] Added activity log: Working (15 min) at 2025-11-13 16:45:00
[2025-12-07 18:59:41] [INFO] Added activity log: Working (15 min) at 2025-11-13 17:00:00
[2025-12-07 18:59:41] [INFO] Added activity log: Working (15 min) at 2025-11-13 17:15:00
[2025-12-07 18:59:41] [INFO] Added activity log: Chilling (15 min) at 2025-11-13 17:30:00
[2025-12-07 18:59:41] [INFO] Added activity log: Chilling (15 min) at 2025-11-13 19:07:00
[2025-12-07 18:59:41] [INFO] Added activity log: Chilling (15 min) at 2025-11-13 19:07:00
[2025-12-07 18:59:41] [INFO] Added activity log: Chilling (15 min) at 2025-11-13 19:07:00
[2025-12-07 18:59:41] [INFO] Added activity log: Gaming (15 min) at 2025-11-13 19:31:00
[2025-12-07 18:59:41] [INFO] Added activity log: Gaming (15 min) at 2025-11-13 19:31:00
[2025-12-07 18:59:41] [INFO] Added activity log: Chilling (15 min) at 2025-11-13 19:56:00
[2025-12-07 18:59:41] [INFO] Added activity log: Chilling (15 min) at 2025-11-13 20:21:00
[2025-12-07 18:59:41] [INFO] Added activity log: Chilling (15 min) at 2025-11-13 20:21:00
[2025-12-07 18:59:41] [INFO] Added activity log: Chilling (15 min) at 2025-11-13 22:25:00
[2025-12-07 18:59:41] [INFO] Added activity log: Chilling (15 min) at 2025-11-13 22:25:00
[2025-12-07 18:59:41] [INFO] Added activity log: Chilling (15 min) at 2025-11-13 22:25:00
[2025-12-07 18:59:41] [INFO] Added activity log: Chilling (15 min) at 2025-11-13 22:25:00
[2025-12-07 18:59:41] [INFO] Added activity log: Chilling (15 min) at 2025-11-13 22:25:00
[2025-12-07 18:59:41] [INFO] Added activity log: Chilling (15 min) at 2025-11-13 22:25:00
[2025-12-07 18:59:41] [INFO] Added activity log: Chilling (15 min) at 2025-11-13 22:25:00
[2025-12-07 18:59:41] [INFO] Added activity log: Chilling (15 min) at 2025-11-13 22:25:00
[2025-12-07 18:59:41] [INFO] Added activity log: Chilling (15 min) at 2025-11-13 22:34:00
[2025-12-07 18:59:41] [INFO] Added activity log: Chilling (15 min) at 2025-11-13 23:30:00
[2025-12-07 18:59:41] [INFO] Added activity log: Chilling (15 min) at 2025-11-13 23:30:00
[2025-12-07 18:59:41] [INFO] Added activity log: Chilling (15 min) at 2025-11-13 23:30:00
[2025-12-07 18:59:41] [INFO] Added activity log: Chilling (15 min) at 2025-11-13 23:30:00
[2025-12-07 18:59:41] [INFO] Added activity log: Chilling (15 min) at 2025-11-13 23:47:00
[2025-12-07 18:59:41] [INFO] Added activity log: Chilling (15 min) at 2025-11-14 00:22:00
[2025-12-07 18:59:41] [INFO] Added activity log: Chilling (15 min) at 2025-11-14 00:22:00
[2025-12-07 18:59:41] [INFO] Added activity log: Chilling (15 min) at 2025-11-14 00:41:00
[2025-12-07 18:59:41] [INFO] Added activity log: Chilling (15 min) at 2025-11-14 00:48:00
[2025-12-07 18:59:41] [INFO] Added activity log: Gaming (15 min) at 2025-11-14 01:26:00
[2025-12-07 18:59:42] [INFO] Added activity log: Gaming (15 min) at 2025-11-14 01:26:00
[2025-12-07 18:59:42] [INFO] Added activity log: Chilling (15 min) at 2025-11-14 01:30:00
[2025-12-07 18:59:42] [INFO] Added activity log: Chilling (15 min) at 2025-11-14 01:45:00
[2025-12-07 18:59:42] [INFO] Added activity log: Chilling (15 min) at 2025-11-14 02:00:00
[2025-12-07 18:59:42] [INFO] Added activity log: Chilling (15 min) at 2025-11-14 09:55:00
[2025-12-07 18:59:42] [INFO] Added activity log: Chilling (15 min) at 2025-11-14 10:00:00
[2025-12-07 18:59:42] [INFO] Added activity log: Gaming (15 min) at 2025-11-14 10:30:00
[2025-12-07 18:59:42] [INFO] Added activity log: Gaming (15 min) at 2025-11-14 10:30:00
[2025-12-07 18:59:42] [INFO] Added activity log: Chilling (15 min) at 2025-11-14 11:05:00
[2025-12-07 18:59:42] [INFO] Added activity log: Chilling (15 min) at 2025-11-14 11:05:00
[2025-12-07 18:59:42] [INFO] Added activity log: Chilling (15 min) at 2025-11-14 11:55:00
[2025-12-07 18:59:42] [INFO] Added activity log: Chilling (15 min) at 2025-11-14 11:55:00
[2025-12-07 18:59:42] [INFO] Added activity log: Chilling (15 min) at 2025-11-14 11:55:00
[2025-12-07 18:59:42] [INFO] Added activity log: Chilling (15 min) at 2025-11-14 12:00:00
[2025-12-07 18:59:42] [INFO] Added activity log: Chilling (15 min) at 2025-11-14 12:26:00
[2025-12-07 18:59:42] [INFO] Added activity log: Chilling (15 min) at 2025-11-14 12:38:00
[2025-12-07 18:59:42] [INFO] Added activity log: Chilling (15 min) at 2025-11-14 13:21:00
[2025-12-07 18:59:42] [INFO] Added activity log: Chilling (15 min) at 2025-11-14 13:21:00
[2025-12-07 18:59:42] [INFO] Added activity log: Chilling (15 min) at 2025-11-14 13:21:00
[2025-12-07 18:59:42] [INFO] Added activity log: Chilling (15 min) at 2025-11-14 13:41:00
[2025-12-07 18:59:42] [INFO] Added activity log: Chilling (15 min) at 2025-11-14 14:09:00
[2025-12-07 18:59:42] [INFO] Added activity log: Chilling (15 min) at 2025-11-14 14:09:00
[2025-12-07 18:59:42] [INFO] Added activity log: Chilling (15 min) at 2025-11-14 14:22:00
[2025-12-07 18:59:42] [INFO] Added activity log: Chilling (15 min) at 2025-11-14 14:31:00
[2025-12-07 18:59:42] [INFO] Added activity log: Working (15 min) at 2025-11-14 14:45:00
[2025-12-07 18:59:42] [INFO] Added activity log: Chilling (15 min) at 2025-11-14 15:01:00
[2025-12-07 18:59:42] [INFO] Added activity log: Chilling (15 min) at 2025-11-14 15:15:00
[2025-12-07 18:59:42] [INFO] Added activity log: Chilling (15 min) at 2025-11-14 15:30:00
[2025-12-07 18:59:42] [INFO] Added activity log: Chilling (15 min) at 2025-11-14 15:45:00
[2025-12-07 18:59:42] [INFO] Added activity log: Chilling (15 min) at 2025-11-14 16:00:00
[2025-12-07 18:59:42] [INFO] Added activity log: Chilling (15 min) at 2025-11-14 16:20:00
[2025-12-07 18:59:42] [INFO] Added activity log: Chilling (15 min) at 2025-11-14 16:31:00
[2025-12-07 18:59:42] [INFO] Added activity log: Chilling (15 min) at 2025-11-14 16:45:00
[2025-12-07 18:59:42] [INFO] Added activity log: Working (15 min) at 2025-11-14 17:00:00
[2025-12-07 18:59:42] [INFO] Added activity log: Chilling (15 min) at 2025-11-14 17:21:00
[2025-12-07 18:59:42] [INFO] Added activity log: Gaming (15 min) at 2025-11-14 18:00:00
[2025-12-07 18:59:42] [INFO] Added activity log: Gaming (15 min) at 2025-11-14 18:00:00
[2025-12-07 18:59:42] [INFO] Added activity log: Gaming (15 min) at 2025-11-14 18:00:00
[2025-12-07 18:59:42] [INFO] Added activity log: Chilling (15 min) at 2025-11-14 18:15:00
[2025-12-07 18:59:42] [INFO] Added activity log: Chilling (15 min) at 2025-11-14 18:30:00
[2025-12-07 18:59:42] [INFO] Added activity log: Chilling (15 min) at 2025-11-14 18:50:00
[2025-12-07 18:59:42] [INFO] Added activity log: Chilling (15 min) at 2025-11-14 19:03:00
[2025-12-07 18:59:42] [INFO] Added activity log: Chilling (15 min) at 2025-11-14 19:20:00
[2025-12-07 18:59:42] [INFO] Added activity log: Chilling (15 min) at 2025-11-14 19:33:00
[2025-12-07 18:59:42] [INFO] Added activity log: Chilling (15 min) at 2025-11-14 20:07:00
[2025-12-07 18:59:42] [INFO] Added activity log: Chilling (15 min) at 2025-11-14 20:07:00
[2025-12-07 18:59:42] [INFO] Added activity log: Chilling (15 min) at 2025-11-14 20:15:00
[2025-12-07 18:59:42] [INFO] Added activity log: Chilling (15 min) at 2025-11-14 20:30:00
[2025-12-07 18:59:42] [INFO] Added activity log: Chilling (15 min) at 2025-11-14 20:45:00
[2025-12-07 18:59:42] [INFO] Added activity log: Chilling (15 min) at 2025-11-14 21:03:00
[2025-12-07 18:59:42] [INFO] Added activity log: Chilling (15 min) at 2025-11-14 21:15:00
[2025-12-07 18:59:42] [INFO] Added activity log: Chilling (15 min) at 2025-11-14 21:32:00
[2025-12-07 18:59:42] [INFO] Added activity log: Chilling (15 min) at 2025-11-14 21:46:00
[2025-12-07 18:59:42] [INFO] Added activity log: Working (15 min) at 2025-11-14 22:00:00
[2025-12-07 18:59:42] [INFO] Added activity log: Chilling (15 min) at 2025-11-14 22:15:00
[2025-12-07 18:59:42] [INFO] Added activity log: Business (15 min) at 2025-11-14 22:30:00
[2025-12-07 18:59:42] [INFO] Added activity log: Business (15 min) at 2025-11-14 22:45:00
[2025-12-07 18:59:42] [INFO] Added activity log: Chilling (15 min) at 2025-11-14 23:00:00
[2025-12-07 18:59:42] [INFO] Added activity log: Business (15 min) at 2025-11-14 23:15:00
[2025-12-07 18:59:42] [INFO] Added activity log: Business (15 min) at 2025-11-14 23:30:00
[2025-12-07 18:59:42] [INFO] Added activity log: Business (15 min) at 2025-11-14 23:45:00
[2025-12-07 18:59:42] [INFO] Added activity log: Business (15 min) at 2025-11-15 00:00:00
[2025-12-07 18:59:42] [INFO] Added activity log: Chilling (15 min) at 2025-11-15 00:32:00
[2025-12-07 18:59:42] [INFO] Added activity log: Chilling (15 min) at 2025-11-15 00:32:00
[2025-12-07 18:59:42] [INFO] Added activity log: Chilling (15 min) at 2025-11-15 00:45:00
[2025-12-07 18:59:42] [INFO] Added activity log: Chilling (15 min) at 2025-11-15 01:00:00
[2025-12-07 18:59:42] [INFO] Added activity log: Chilling (15 min) at 2025-11-15 10:00:00
[2025-12-07 18:59:42] [INFO] Added activity log: Chilling (15 min) at 2025-11-15 10:55:00
[2025-12-07 18:59:42] [INFO] Added activity log: Chilling (15 min) at 2025-11-15 10:55:00
[2025-12-07 18:59:42] [INFO] Added activity log: Chilling (15 min) at 2025-11-15 10:55:00
[2025-12-07 18:59:42] [INFO] Added activity log: Chilling (15 min) at 2025-11-15 11:05:00
[2025-12-07 18:59:42] [INFO] Added activity log: Chilling (15 min) at 2025-11-15 12:30:00
[2025-12-07 18:59:42] [INFO] Added activity log: Gaming (15 min) at 2025-11-15 13:23:00
[2025-12-07 18:59:42] [INFO] Added activity log: Gaming (15 min) at 2025-11-15 13:23:00
[2025-12-07 18:59:42] [INFO] Added activity log: Gaming (15 min) at 2025-11-15 13:23:00
[2025-12-07 18:59:42] [INFO] Added activity log: Gaming (15 min) at 2025-11-15 13:49:00
[2025-12-07 18:59:42] [INFO] Added activity log: Gaming (15 min) at 2025-11-15 13:49:00
[2025-12-07 18:59:42] [INFO] Added activity log: Chilling (15 min) at 2025-11-15 14:00:00
[2025-12-07 18:59:42] [INFO] Added activity log: Gaming (15 min) at 2025-11-15 18:26:00
[2025-12-07 18:59:42] [INFO] Added activity log: Gaming (15 min) at 2025-11-15 18:26:00
[2025-12-07 18:59:42] [INFO] Added activity log: Chilling (15 min) at 2025-11-15 23:30:00
[2025-12-07 18:59:42] [INFO] Added activity log: Chilling (15 min) at 2025-11-15 23:45:00
[2025-12-07 18:59:42] [INFO] Added activity log: Gaming (15 min) at 2025-11-16 00:08:00
[2025-12-07 18:59:42] [INFO] Added activity log: Chilling (15 min) at 2025-11-16 00:15:00
[2025-12-07 18:59:42] [INFO] Added activity log: Chilling (15 min) at 2025-11-16 00:30:00
[2025-12-07 18:59:42] [INFO] Added activity log: Chilling (15 min) at 2025-11-16 00:47:00
[2025-12-07 18:59:42] [INFO] Added activity log: Chilling (15 min) at 2025-11-16 01:00:00
[2025-12-07 18:59:42] [INFO] Added activity log: Gaming (15 min) at 2025-11-16 01:21:00
[2025-12-07 18:59:42] [INFO] Added activity log: Working (15 min) at 2025-11-16 01:30:00
[2025-12-07 18:59:42] [INFO] Added activity log: Chilling (15 min) at 2025-11-16 10:53:00
[2025-12-07 18:59:42] [INFO] Added activity log: Gaming (15 min) at 2025-11-16 11:58:00
[2025-12-07 18:59:42] [INFO] Added activity log: Gaming (15 min) at 2025-11-16 11:58:00
[2025-12-07 18:59:42] [INFO] Added activity log: Chilling (15 min) at 2025-11-16 11:58:00
[2025-12-07 18:59:42] [INFO] Added activity log: Gaming (15 min) at 2025-11-16 11:58:00
[2025-12-07 18:59:42] [INFO] Added activity log: Gaming (15 min) at 2025-11-16 12:00:00
[2025-12-07 18:59:42] [INFO] Added activity log: Chilling (15 min) at 2025-11-16 12:38:00
[2025-12-07 18:59:42] [INFO] Added activity log: Chilling (15 min) at 2025-11-16 12:38:00
[2025-12-07 18:59:42] [INFO] Added activity log: Gaming (15 min) at 2025-11-16 13:23:00
[2025-12-07 18:59:42] [INFO] Added activity log: Gaming (15 min) at 2025-11-16 13:23:00
[2025-12-07 18:59:42] [INFO] Added activity log: Gaming (15 min) at 2025-11-16 13:23:00
[2025-12-07 18:59:42] [INFO] Added activity log: Gaming (15 min) at 2025-11-16 13:51:00
[2025-12-07 18:59:43] [INFO] Added activity log: Gaming (15 min) at 2025-11-16 13:52:00
[2025-12-07 18:59:43] [INFO] Added activity log: Gaming (15 min) at 2025-11-16 14:03:00
[2025-12-07 18:59:43] [INFO] Added activity log: Chilling (15 min) at 2025-11-16 14:15:00
[2025-12-07 18:59:43] [INFO] Added activity log: Chilling (15 min) at 2025-11-16 14:30:00
[2025-12-07 18:59:43] [INFO] Added activity log: Chilling (15 min) at 2025-11-16 14:45:00
[2025-12-07 18:59:43] [INFO] Added activity log: Chilling (15 min) at 2025-11-16 15:00:00
[2025-12-07 18:59:43] [INFO] Added activity log: Chilling (15 min) at 2025-11-16 15:15:00
[2025-12-07 18:59:43] [INFO] Added activity log: Chilling (15 min) at 2025-11-16 15:30:00
[2025-12-07 18:59:43] [INFO] Added activity log: Chilling (15 min) at 2025-11-16 15:46:00
[2025-12-07 18:59:43] [INFO] Added activity log: Gaming (15 min) at 2025-11-16 16:35:00
[2025-12-07 18:59:43] [INFO] Added activity log: Gaming (15 min) at 2025-11-16 16:35:00
[2025-12-07 18:59:43] [INFO] Added activity log: Gaming (15 min) at 2025-11-16 16:35:00
[2025-12-07 18:59:43] [INFO] Added activity log: Chilling (15 min) at 2025-11-16 16:58:00
[2025-12-07 18:59:43] [INFO] Added activity log: Chilling (15 min) at 2025-11-16 17:04:00
[2025-12-07 18:59:43] [INFO] Added activity log: Chilling (15 min) at 2025-11-16 17:16:00
[2025-12-07 18:59:43] [INFO] Added activity log: Chilling (15 min) at 2025-11-16 17:40:00
[2025-12-07 18:59:43] [INFO] Added activity log: Working (15 min) at 2025-11-16 17:45:00
[2025-12-07 18:59:43] [INFO] Added activity log: Chilling (15 min) at 2025-11-16 18:13:00
[2025-12-07 18:59:43] [INFO] Added activity log: Chilling (15 min) at 2025-11-16 18:15:00
[2025-12-07 18:59:43] [INFO] Added activity log: Chilling (15 min) at 2025-11-16 18:31:00
[2025-12-07 18:59:43] [INFO] Added activity log: Chilling (15 min) at 2025-11-16 18:48:00
[2025-12-07 18:59:43] [INFO] Added activity log: Chilling (15 min) at 2025-11-16 19:00:00
[2025-12-07 18:59:43] [INFO] Added activity log: Academics (15 min) at 2025-11-16 19:15:00
[2025-12-07 18:59:43] [INFO] Added activity log: Chilling (15 min) at 2025-11-16 19:33:00
[2025-12-07 18:59:43] [INFO] Added activity log: Chilling (15 min) at 2025-11-16 19:45:00
[2025-12-07 18:59:43] [INFO] Added activity log: Chilling (15 min) at 2025-11-16 20:00:00
[2025-12-07 18:59:43] [INFO] Added activity log: Chilling (15 min) at 2025-11-16 20:16:00
[2025-12-07 18:59:43] [INFO] Added activity log: Gaming (15 min) at 2025-11-16 20:52:00
[2025-12-07 18:59:43] [INFO] Added activity log: Gaming (15 min) at 2025-11-16 20:52:00
[2025-12-07 18:59:43] [INFO] Added activity log: Chilling (15 min) at 2025-11-16 21:00:00
[2025-12-07 18:59:43] [INFO] Added activity log: Chilling (15 min) at 2025-11-16 21:15:00
[2025-12-07 18:59:43] [INFO] Added activity log: Chilling (15 min) at 2025-11-16 21:30:00
[2025-12-07 18:59:43] [INFO] Added activity log: Working (15 min) at 2025-11-16 22:00:00
[2025-12-07 18:59:43] [INFO] Added activity log: Working (15 min) at 2025-11-16 22:15:00
[2025-12-07 18:59:43] [INFO] Added activity log: Working (15 min) at 2025-11-16 22:30:00
[2025-12-07 18:59:43] [INFO] Added activity log: Academics (15 min) at 2025-11-16 22:45:00
[2025-12-07 18:59:43] [INFO] Added activity log: Chilling (15 min) at 2025-11-16 23:21:00
[2025-12-07 18:59:43] [INFO] Added activity log: Chilling (15 min) at 2025-11-16 23:21:00
[2025-12-07 18:59:43] [INFO] Added activity log: Chilling (15 min) at 2025-11-17 00:11:00
[2025-12-07 18:59:43] [INFO] Added activity log: Chilling (15 min) at 2025-11-17 00:11:00
[2025-12-07 18:59:43] [INFO] Added activity log: Chilling (15 min) at 2025-11-17 00:11:00
[2025-12-07 18:59:43] [INFO] Added activity log: Chilling (15 min) at 2025-11-17 00:15:00
[2025-12-07 18:59:43] [INFO] Added activity log: Chilling (15 min) at 2025-11-17 00:37:00
[2025-12-07 18:59:43] [INFO] Added activity log: Chilling (15 min) at 2025-11-17 00:45:00
[2025-12-07 18:59:43] [INFO] Added activity log: Chilling (15 min) at 2025-11-17 01:03:00
[2025-12-07 18:59:43] [INFO] Added activity log: Chilling (15 min) at 2025-11-17 01:15:00
[2025-12-07 18:59:43] [INFO] Added activity log: Chilling (15 min) at 2025-11-17 01:30:00
[2025-12-07 18:59:43] [INFO] Added activity log: Chilling (15 min) at 2025-11-17 01:46:00
[2025-12-07 18:59:43] [INFO] Added activity log: Chilling (15 min) at 2025-11-17 02:00:00
[2025-12-07 18:59:43] [INFO] Added activity log: Chilling (15 min) at 2025-11-17 02:15:00
[2025-12-07 18:59:43] [INFO] Added activity log: Chilling (15 min) at 2025-11-17 11:00:00
[2025-12-07 18:59:43] [INFO] Added activity log: Chilling (15 min) at 2025-11-17 11:15:00
[2025-12-07 18:59:43] [INFO] Added activity log: Chilling (15 min) at 2025-11-17 11:30:00
[2025-12-07 18:59:43] [INFO] Added activity log: Chilling (15 min) at 2025-11-17 11:45:00
[2025-12-07 18:59:43] [INFO] Added activity log: Chilling (15 min) at 2025-11-17 12:00:00
[2025-12-07 18:59:43] [INFO] Added activity log: Chilling (15 min) at 2025-11-17 12:15:00
[2025-12-07 18:59:43] [INFO] Added activity log: Chilling (15 min) at 2025-11-17 15:30:00
[2025-12-07 18:59:43] [INFO] Added activity log: Chilling (15 min) at 2025-11-17 15:46:00
[2025-12-07 18:59:43] [INFO] Added activity log: Chilling (15 min) at 2025-11-17 16:00:00
[2025-12-07 18:59:43] [INFO] Added activity log: Working (15 min) at 2025-11-17 16:15:00
[2025-12-07 18:59:43] [INFO] Added activity log: Working (15 min) at 2025-11-17 16:30:00
[2025-12-07 18:59:43] [INFO] Added activity log: Working (15 min) at 2025-11-17 16:45:00
[2025-12-07 18:59:43] [INFO] Added activity log: Working (15 min) at 2025-11-17 17:00:00
[2025-12-07 18:59:43] [INFO] Added activity log: Working (15 min) at 2025-11-17 17:15:00
[2025-12-07 18:59:43] [INFO] Added activity log: Working (15 min) at 2025-11-17 17:30:00
[2025-12-07 18:59:43] [INFO] Added activity log: Working (15 min) at 2025-11-17 17:45:00
[2025-12-07 18:59:43] [INFO] Added activity log: Working (15 min) at 2025-11-17 18:00:00
[2025-12-07 18:59:43] [INFO] Added activity log: Chilling (15 min) at 2025-11-17 18:15:00
[2025-12-07 18:59:43] [INFO] Added activity log: Chilling (15 min) at 2025-11-17 18:38:00
[2025-12-07 18:59:43] [INFO] Added activity log: Chilling (15 min) at 2025-11-17 18:53:00
[2025-12-07 18:59:43] [INFO] Added activity log: Chilling (15 min) at 2025-11-17 19:03:00
[2025-12-07 18:59:43] [INFO] Added activity log: Working (15 min) at 2025-11-17 19:15:00
[2025-12-07 18:59:43] [INFO] Added activity log: Chilling (15 min) at 2025-11-17 19:36:00
[2025-12-07 18:59:43] [INFO] Added activity log: Working (15 min) at 2025-11-17 19:45:00
[2025-12-07 18:59:43] [INFO] Added activity log: Working (15 min) at 2025-11-17 20:00:00
[2025-12-07 18:59:43] [INFO] Added activity log: Chilling (15 min) at 2025-11-17 20:15:00
[2025-12-07 18:59:43] [INFO] Added activity log: Chilling (15 min) at 2025-11-17 20:31:00
[2025-12-07 18:59:43] [INFO] Added activity log: Chilling (15 min) at 2025-11-17 20:45:00
[2025-12-07 18:59:43] [INFO] Added activity log: Chilling (15 min) at 2025-11-17 21:00:00
[2025-12-07 18:59:43] [INFO] Added activity log: Chilling (15 min) at 2025-11-17 21:20:00
[2025-12-07 18:59:43] [INFO] Added activity log: Chilling (15 min) at 2025-11-17 21:30:00
[2025-12-07 18:59:43] [INFO] Added activity log: Chilling (15 min) at 2025-11-17 21:46:00
[2025-12-07 18:59:43] [INFO] Added activity log: Chilling (15 min) at 2025-11-17 22:00:00
[2025-12-07 18:59:43] [INFO] Added activity log: Chilling (15 min) at 2025-11-17 22:31:00
[2025-12-07 18:59:43] [INFO] Added activity log: Chilling (15 min) at 2025-11-17 22:31:00
[2025-12-07 18:59:43] [INFO] Added activity log: Chilling (15 min) at 2025-11-17 22:45:00
[2025-12-07 18:59:43] [INFO] Added activity log: Chilling (15 min) at 2025-11-17 23:00:00
[2025-12-07 18:59:43] [INFO] Added activity log: Business (15 min) at 2025-11-17 23:15:00
[2025-12-07 18:59:43] [INFO] Added activity log: Business (15 min) at 2025-11-17 23:30:00
[2025-12-07 18:59:43] [INFO] Added activity log: Chilling (15 min) at 2025-11-17 23:45:00
[2025-12-07 18:59:43] [INFO] Added activity log: Chilling (15 min) at 2025-11-18 00:00:00
[2025-12-07 18:59:43] [INFO] Added activity log: Chilling (15 min) at 2025-11-18 00:15:00
[2025-12-07 18:59:43] [INFO] Added activity log: Chilling (15 min) at 2025-11-18 00:42:00
[2025-12-07 18:59:43] [INFO] Added activity log: Chilling (15 min) at 2025-11-18 00:45:00
[2025-12-07 18:59:43] [INFO] Added activity log: Chilling (15 min) at 2025-11-18 01:00:00
[2025-12-07 18:59:43] [INFO] Added activity log: Chilling (15 min) at 2025-11-18 01:15:00
[2025-12-07 18:59:43] [INFO] Added activity log: Chilling (15 min) at 2025-11-18 01:30:00
[2025-12-07 18:59:43] [INFO] Added activity log: Chilling (15 min) at 2025-11-18 02:22:00
[2025-12-07 18:59:43] [INFO] Added activity log: Chilling (15 min) at 2025-11-18 02:22:00
[2025-12-07 18:59:43] [INFO] Added activity log: Chilling (15 min) at 2025-11-18 02:22:00
[2025-12-07 18:59:43] [INFO] Added activity log: Chilling (15 min) at 2025-11-18 02:30:00
[2025-12-07 18:59:43] [INFO] Added activity log: Working (15 min) at 2025-11-18 02:45:00
[2025-12-07 18:59:43] [INFO] Added activity log: Working (15 min) at 2025-11-18 03:00:00
[2025-12-07 18:59:43] [INFO] Added activity log: Working (15 min) at 2025-11-18 07:15:00
[2025-12-07 18:59:44] [INFO] Added activity log: Working (15 min) at 2025-11-18 07:30:00
[2025-12-07 18:59:44] [INFO] Added activity log: Chilling (15 min) at 2025-11-18 07:53:00
[2025-12-07 18:59:44] [INFO] Added activity log: Working (15 min) at 2025-11-18 08:00:00
[2025-12-07 18:59:44] [INFO] Added activity log: Chilling (15 min) at 2025-11-18 10:07:00
[2025-12-07 18:59:44] [INFO] Added activity log: Chilling (15 min) at 2025-11-18 10:15:00
[2025-12-07 18:59:44] [INFO] Added activity log: Chilling (15 min) at 2025-11-18 15:47:00
[2025-12-07 18:59:47] [INFO] ==================================================
[2025-12-07 18:59:47] [INFO] Momentum Tracker starting...
[2025-12-07 18:59:47] [INFO] Database initialized successfully
[2025-12-07 18:59:47] [INFO] Activity monitoring started
[2025-12-07 18:59:47] [INFO] Application initialized successfully
[2025-12-07 18:59:47] [INFO] Starting main loop
[2025-12-07 19:00:02] [INFO] Triggering popup at 19:00
[2025-12-07 19:00:11] [INFO] Added activity log: Working (15 min) at 2025-12-07 19:00:11.132380
[2025-12-07 19:00:11] [INFO] Activity logged: Working - 
[2025-12-07 19:00:51] [INFO] Activity monitoring stopped
[2025-12-07 19:00:51] [INFO] Activity monitoring started
[2025-12-07 19:02:14] [INFO] Application interrupted by user
[2025-12-07 19:02:14] [INFO] Cleaning up...
[2025-12-07 19:05:20] [INFO] ==================================================
[2025-12-07 19:05:20] [INFO] Momentum Tracker starting...
[2025-12-07 19:05:20] [INFO] Database initialized successfully
[2025-12-07 19:05:20] [INFO] Activity monitoring started
[2025-12-07 19:05:20] [INFO] Application initialized successfully
[2025-12-07 19:05:20] [INFO] Starting main loop
[2025-12-07 19:15:00] [INFO] Triggering popup at 19:15
[2025-12-07 19:15:07] [INFO] Added activity log: Chilling (15 min) at 2025-12-07 19:15:07.163386
[2025-12-07 19:15:07] [INFO] Activity logged: Chilling - 
[2025-12-07 19:30:00] [INFO] Triggering popup at 19:30
[2025-12-07 19:33:14] [INFO] Added activity log: Chilling (15 min) at 2025-12-07 19:33:14.529240
[2025-12-07 19:33:14] [INFO] Activity logged: Chilling - 
[2025-12-07 19:45:00] [INFO] Triggering popup at 19:45
[2025-12-07 19:45:06] [INFO] Added activity log: Chilling (15 min) at 2025-12-07 19:45:06.761762
[2025-12-07 19:45:06] [INFO] Activity logged: Chilling - 
[2025-12-07 20:00:00] [INFO] Triggering popup at 20:00
[2025-12-07 20:00:10] [INFO] Added activity log: Chilling (15 min) at 2025-12-07 20:00:10.034601
[2025-12-07 20:00:10] [INFO] Activity logged: Chilling - 
[2025-12-07 20:15:00] [INFO] Triggering popup at 20:15
[2025-12-07 20:15:14] [INFO] Added activity log: Working (15 min) at 2025-12-07 20:15:14.823906
[2025-12-07 20:15:14] [INFO] Activity logged: Working - 
[2025-12-07 20:30:00] [INFO] Triggering popup at 20:30
[2025-12-07 20:30:00] [INFO] Added activity log: Working (15 min) at 2025-12-07 20:30:00.703892
[2025-12-07 20:30:00] [INFO] Activity logged: Working - e
[2025-12-07 20:45:00] [INFO] Triggering popup at 20:45
[2025-12-07 20:45:27] [INFO] Added activity log: Working (15 min) at 2025-12-07 20:45:27.677568
[2025-12-07 20:45:27] [INFO] Activity logged: Working - 
[2025-12-07 21:00:00] [INFO] Triggering popup at 21:00
[2025-12-07 21:00:14] [INFO] Added activity log: Working (15 min) at 2025-12-07 21:00:14.599379
[2025-12-07 21:00:14] [INFO] Activity logged: Working - 
[2025-12-07 21:15:00] [INFO] Triggering popup at 21:15
[2025-12-07 21:15:04] [INFO] Added activity log: Working (15 min) at 2025-12-07 21:15:04.870737
[2025-12-07 21:15:04] [INFO] Activity logged: Working - 
[2025-12-07 21:30:00] [INFO] Triggering popup at 21:30
[2025-12-07 21:34:45] [INFO] Added activity log: Working (15 min) at 2025-12-07 21:34:45.904975
[2025-12-07 21:34:45] [INFO] Activity logged: Working - 
[2025-12-07 21:45:00] [INFO] Triggering popup at 21:45
[2025-12-07 21:45:04] [INFO] Added activity log: Working (15 min) at 2025-12-07 21:45:04.359786
[2025-12-07 21:45:04] [INFO] Activity logged: Working - 
[2025-12-07 22:00:00] [INFO] Triggering popup at 22:00
[2025-12-07 22:00:15] [INFO] Added activity log: Working (15 min) at 2025-12-07 22:00:15.114914
[2025-12-07 22:00:15] [INFO] Activity logged: Working - 
[2025-12-07 22:15:01] [INFO] Triggering popup at 22:15
[2025-12-07 22:15:11] [INFO] Added activity log: Working (15 min) at 2025-12-07 22:15:11.212514
[2025-12-07 22:15:11] [INFO] Activity logged: Working - 
[2025-12-07 22:30:01] [INFO] Triggering popup at 22:30
[2025-12-07 22:45:01] [INFO] Triggering popup at 22:45
[2025-12-07 23:00:01] [INFO] Triggering popup at 23:00
[2025-12-07 23:15:00] [INFO] Added activity log: Chilling (15 min) at 2025-12-07 23:15:00.214230
[2025-12-07 23:15:00] [INFO] Activity logged: Chilling - 
[2025-12-07 23:15:35] [INFO] Triggering popup at 23:15
[2025-12-07 23:21:06] [INFO] Added activity log: Chilling (15 min) at 2025-12-07 23:21:06.937710
[2025-12-07 23:21:06] [INFO] Activity logged: Chilling - 
[2025-12-07 23:30:00] [INFO] Triggering popup at 23:30
[2025-12-07 23:44:09] [INFO] ==================================================
[2025-12-07 23:44:09] [INFO] Momentum Tracker starting...
[2025-12-07 23:44:09] [INFO] Database initialized successfully
[2025-12-07 23:44:09] [INFO] Activity monitoring started
[2025-12-07 23:44:09] [INFO] Application initialized successfully
[2025-12-07 23:44:09] [INFO] Starting main loop
[2025-12-07 23:45:00] [INFO] Triggering popup at 23:45
[2025-12-07 23:45:11] [INFO] Added activity log: Chilling (15 min) at 2025-12-07 23:45:11.177986
[2025-12-07 23:45:11] [INFO] Activity logged: Chilling - 
