[2025-11-03 04:02:49] Loaded 1 previous entries from /home/gokhan/Side-Projects/momentum-tracker/reports/2025-11-03_report.xlsx
[2025-11-03 04:02:49] Momentum Tracker started successfully.
[2025-11-03 04:03:18] Saved 2 entries to /home/gokhan/Side-Projects/momentum-tracker/reports/2025-11-03_report.xlsx
[2025-11-03 23:11:08] Loaded 2 previous entries from /home/gokhan/Side-Projects/momentum-tracker/reports/2025-11-03_report.xlsx
[2025-11-03 23:11:08] Momentum Tracker started successfully.
[2025-11-03 23:15:03] Triggering popup at 23:15
[2025-11-03 23:15:08] Saved 3 entries to /home/gokhan/Side-Projects/momentum-tracker/reports/2025-11-03_report.xlsx
[2025-11-03 23:22:28] Loaded 3 previous entries from /home/gokhan/Side-Projects/momentum-tracker/reports/2025-11-03_report.xlsx
[2025-11-03 23:22:28] Momentum Tracker started successfully.
[2025-11-03 23:30:03] Triggering popup at 23:30
[2025-11-03 23:40:01] Saved 4 entries to /home/gokhan/Side-Projects/momentum-tracker/reports/2025-11-03_report.xlsx
[2025-11-03 23:45:03] Triggering popup at 23:45
[2025-11-03 23:45:25] Saved 5 entries to /home/gokhan/Side-Projects/momentum-tracker/reports/2025-11-03_report.xlsx
[2025-11-04 00:00:03] Triggering popup at 00:00
[2025-11-04 00:01:35] Saved 6 entries to /home/gokhan/Side-Projects/momentum-tracker/reports/2025-11-04_report.xlsx
[2025-11-04 00:15:04] Triggering popup at 00:15
[2025-11-04 00:15:45] Saved 7 entries to /home/gokhan/Side-Projects/momentum-tracker/reports/2025-11-04_report.xlsx
[2025-11-04 00:24:14] Loaded 7 previous entries from /home/gokhan/Side-Projects/momentum-tracker/reports/2025-11-04_report.xlsx
[2025-11-04 00:24:14] Momentum Tracker started successfully.
[2025-11-04 00:30:04] Triggering popup at 00:30
[2025-11-04 00:30:09] Saved 8 entries to /home/gokhan/Side-Projects/momentum-tracker/reports/2025-11-04_report.xlsx
[2025-11-04 00:45:04] Triggering popup at 00:45
[2025-11-04 00:45:09] Saved 9 entries to /home/gokhan/Side-Projects/momentum-tracker/reports/2025-11-04_report.xlsx
[2025-11-04 01:00:04] Triggering popup at 01:00
[2025-11-04 01:00:08] Saved 10 entries to /home/gokhan/Side-Projects/momentum-tracker/reports/2025-11-04_report.xlsx
[2025-11-04 01:15:04] Triggering popup at 01:15
[2025-11-04 01:17:07] Saved 11 entries to /home/gokhan/Side-Projects/momentum-tracker/reports/2025-11-04_report.xlsx
[2025-11-04 01:30:04] Triggering popup at 01:30
[2025-11-04 01:30:07] Saved 12 entries to /home/gokhan/Side-Projects/momentum-tracker/reports/2025-11-04_report.xlsx
[2025-11-04 01:45:04] Triggering popup at 01:45
[2025-11-04 01:45:14] Saved 13 entries to /home/gokhan/Side-Projects/momentum-tracker/reports/2025-11-04_report.xlsx
[2025-11-04 02:00:04] Triggering popup at 02:00
[2025-11-04 02:12:07] Saved 14 entries to /home/gokhan/Side-Projects/momentum-tracker/reports/2025-11-04_report.xlsx
[2025-11-04 02:15:04] Triggering popup at 02:15
[2025-11-04 02:15:14] Saved 15 entries to /home/gokhan/Side-Projects/momentum-tracker/reports/2025-11-04_report.xlsx
[2025-11-04 02:30:04] Triggering popup at 02:30
[2025-11-04 02:30:10] Saved 16 entries to /home/gokhan/Side-Projects/momentum-tracker/reports/2025-11-04_report.xlsx
[2025-11-04 02:45:04] Triggering popup at 02:45
[2025-11-04 02:45:09] Saved 17 entries to /home/gokhan/Side-Projects/momentum-tracker/reports/2025-11-04_report.xlsx
[2025-11-04 12:22:42] Loaded 17 previous entries from /home/gokhan/Side-Projects/momentum-tracker/reports/2025-11-04_report.xlsx
[2025-11-04 12:22:42] Momentum Tracker started successfully.
[2025-11-04 12:30:02] Triggering popup at 12:30
[2025-11-04 12:30:07] Saved 18 entries to /home/gokhan/Side-Projects/momentum-tracker/reports/2025-11-04_report.xlsx
[2025-11-04 12:45:02] Triggering popup at 12:45
[2025-11-04 12:45:02] Saved 19 entries to /home/gokhan/Side-Projects/momentum-tracker/reports/2025-11-04_report.xlsx
[2025-11-04 13:00:02] Triggering popup at 13:00
[2025-11-04 13:00:06] Saved 20 entries to /home/gokhan/Side-Projects/momentum-tracker/reports/2025-11-04_report.xlsx
[2025-11-04 13:15:02] Triggering popup at 13:15
[2025-11-04 13:16:49] Saved 21 entries to /home/gokhan/Side-Projects/momentum-tracker/reports/2025-11-04_report.xlsx
[2025-11-04 13:30:02] Triggering popup at 13:30
[2025-11-04 13:30:03] Saved 22 entries to /home/gokhan/Side-Projects/momentum-tracker/reports/2025-11-04_report.xlsx
[2025-11-04 13:45:02] Triggering popup at 13:45
[2025-11-04 13:45:04] Saved 23 entries to /home/gokhan/Side-Projects/momentum-tracker/reports/2025-11-04_report.xlsx
[2025-11-04 14:00:02] Triggering popup at 14:00
[2025-11-04 14:00:04] Saved 24 entries to /home/gokhan/Side-Projects/momentum-tracker/reports/2025-11-04_report.xlsx
[2025-11-04 14:15:02] Triggering popup at 14:15
[2025-11-04 14:15:03] Saved 25 entries to /home/gokhan/Side-Projects/momentum-tracker/reports/2025-11-04_report.xlsx
[2025-11-04 14:30:02] Triggering popup at 14:30
[2025-11-04 14:30:03] Saved 26 entries to /home/gokhan/Side-Projects/momentum-tracker/reports/2025-11-04_report.xlsx
[2025-11-04 14:45:02] Triggering popup at 14:45
[2025-11-04 14:45:05] Saved 27 entries to /home/gokhan/Side-Projects/momentum-tracker/reports/2025-11-04_report.xlsx
[2025-11-04 15:00:02] Triggering popup at 15:00
[2025-11-04 15:00:05] Saved 28 entries to /home/gokhan/Side-Projects/momentum-tracker/reports/2025-11-04_report.xlsx
[2025-11-04 15:15:02] Triggering popup at 15:15
[2025-11-04 15:15:47] Saved 29 entries to /home/gokhan/Side-Projects/momentum-tracker/reports/2025-11-04_report.xlsx
[2025-11-04 15:30:02] Triggering popup at 15:30
[2025-11-04 15:30:05] Saved 30 entries to /home/gokhan/Side-Projects/momentum-tracker/reports/2025-11-04_report.xlsx
[2025-11-04 15:45:02] Triggering popup at 15:45
[2025-11-04 15:45:04] Saved 31 entries to /home/gokhan/Side-Projects/momentum-tracker/reports/2025-11-04_report.xlsx
[2025-11-04 16:00:02] Triggering popup at 16:00
[2025-11-04 16:00:04] Saved 32 entries to /home/gokhan/Side-Projects/momentum-tracker/reports/2025-11-04_report.xlsx
[2025-11-04 16:15:02] Triggering popup at 16:15
[2025-11-05 09:24:46] Momentum Tracker started successfully.
[2025-11-05 09:30:01] Triggering popup at 09:30
[2025-11-05 09:30:03] Saved 1 entries to /home/gokhan/Side-Projects/momentum-tracker/reports/2025-11-05_report.xlsx
[2025-11-05 09:45:01] Triggering popup at 09:45
[2025-11-05 09:45:03] Saved 2 entries to /home/gokhan/Side-Projects/momentum-tracker/reports/2025-11-05_report.xlsx
[2025-11-05 10:00:01] Triggering popup at 10:00
[2025-11-05 10:00:05] Saved 3 entries to /home/gokhan/Side-Projects/momentum-tracker/reports/2025-11-05_report.xlsx
[2025-11-05 10:15:01] Triggering popup at 10:15
[2025-11-05 10:15:06] Saved 4 entries to /home/gokhan/Side-Projects/momentum-tracker/reports/2025-11-05_report.xlsx
[2025-11-05 10:30:01] Triggering popup at 10:30
[2025-11-05 10:31:03] Saved 5 entries to /home/gokhan/Side-Projects/momentum-tracker/reports/2025-11-05_report.xlsx
[2025-11-05 10:45:40] Loaded 5 previous entries from /home/gokhan/Side-Projects/momentum-tracker/reports/2025-11-05_report.xlsx
[2025-11-05 10:45:40] Triggering popup at 10:45
[2025-11-05 10:45:40] Momentum Tracker started successfully.
[2025-11-05 10:45:46] Saved 6 entries to /home/gokhan/Side-Projects/momentum-tracker/reports/2025-11-05_report.xlsx
[2025-11-05 11:00:00] Triggering popup at 11:00
[2025-11-05 11:00:01] Saved 7 entries to /home/gokhan/Side-Projects/momentum-tracker/reports/2025-11-05_report.xlsx
[2025-11-05 11:15:00] Triggering popup at 11:15
[2025-11-05 11:15:02] Saved 8 entries to /home/gokhan/Side-Projects/momentum-tracker/reports/2025-11-05_report.xlsx
[2025-11-05 11:30:00] Triggering popup at 11:30
[2025-11-05 11:32:12] Saved 9 entries to /home/gokhan/Side-Projects/momentum-tracker/reports/2025-11-05_report.xlsx
[2025-11-05 11:45:00] Triggering popup at 11:45
[2025-11-05 11:46:41] Saved 10 entries to /home/gokhan/Side-Projects/momentum-tracker/reports/2025-11-05_report.xlsx
[2025-11-05 12:00:00] Triggering popup at 12:00
[2025-11-05 12:00:04] Saved 11 entries to /home/gokhan/Side-Projects/momentum-tracker/reports/2025-11-05_report.xlsx
[2025-11-05 12:15:00] Triggering popup at 12:15
[2025-11-05 12:15:20] Saved 12 entries to /home/gokhan/Side-Projects/momentum-tracker/reports/2025-11-05_report.xlsx
[2025-11-05 12:30:00] Triggering popup at 12:30
[2025-11-05 12:30:02] Saved 13 entries to /home/gokhan/Side-Projects/momentum-tracker/reports/2025-11-05_report.xlsx
[2025-11-05 12:45:00] Triggering popup at 12:45
[2025-11-05 12:45:02] Saved 14 entries to /home/gokhan/Side-Projects/momentum-tracker/reports/2025-11-05_report.xlsx
[2025-11-05 13:00:00] Triggering popup at 13:00
[2025-11-05 13:00:05] Saved 15 entries to /home/gokhan/Side-Projects/momentum-tracker/reports/2025-11-05_report.xlsx
[2025-11-05 13:15:00] Triggering popup at 13:15
[2025-11-05 13:15:04] Saved 16 entries to /home/gokhan/Side-Projects/momentum-tracker/reports/2025-11-05_report.xlsx
[2025-11-05 13:30:00] Triggering popup at 13:30
[2025-11-05 13:30:17] Saved 17 entries to /home/gokhan/Side-Projects/momentum-tracker/reports/2025-11-05_report.xlsx
[2025-11-05 18:48:30] Loaded 17 previous entries from /home/gokhan/Side-Projects/momentum-tracker/reports/2025-11-05_report.xlsx
[2025-11-05 18:48:31] Momentum Tracker started successfully.
[2025-11-05 19:00:01] Triggering popup at 19:00
[2025-11-05 19:00:21] Saved 18 entries to /home/gokhan/Side-Projects/momentum-tracker/reports/2025-11-05_report.xlsx
[2025-11-05 19:15:01] Triggering popup at 19:15
[2025-11-05 19:15:04] Saved 19 entries to /home/gokhan/Side-Projects/momentum-tracker/reports/2025-11-05_report.xlsx
[2025-11-05 19:30:01] Triggering popup at 19:30
[2025-11-05 19:30:05] Saved 20 entries to /home/gokhan/Side-Projects/momentum-tracker/reports/2025-11-05_report.xlsx
[2025-11-05 19:45:01] Triggering popup at 19:45
[2025-11-05 19:45:13] Saved 21 entries to /home/gokhan/Side-Projects/momentum-tracker/reports/2025-11-05_report.xlsx
[2025-11-05 20:00:01] Triggering popup at 20:00
[2025-11-05 20:00:04] Saved 22 entries to /home/gokhan/Side-Projects/momentum-tracker/reports/2025-11-05_report.xlsx
[2025-11-05 20:15:01] Triggering popup at 20:15
[2025-11-05 20:15:16] Saved 23 entries to /home/gokhan/Side-Projects/momentum-tracker/reports/2025-11-05_report.xlsx
[2025-11-05 20:30:01] Triggering popup at 20:30
[2025-11-05 20:30:05] Saved 24 entries to /home/gokhan/Side-Projects/momentum-tracker/reports/2025-11-05_report.xlsx
[2025-11-05 20:45:01] Triggering popup at 20:45
[2025-11-05 20:45:04] Saved 25 entries to /home/gokhan/Side-Projects/momentum-tracker/reports/2025-11-05_report.xlsx
[2025-11-05 21:00:01] Triggering popup at 21:00
[2025-11-05 21:00:55] Saved 26 entries to /home/gokhan/Side-Projects/momentum-tracker/reports/2025-11-05_report.xlsx
[2025-11-05 21:15:01] Triggering popup at 21:15
[2025-11-05 21:17:56] Saved 27 entries to /home/gokhan/Side-Projects/momentum-tracker/reports/2025-11-05_report.xlsx
[2025-11-05 21:30:01] Triggering popup at 21:30
[2025-11-05 21:43:29] Saved 28 entries to /home/gokhan/Side-Projects/momentum-tracker/reports/2025-11-05_report.xlsx
[2025-11-05 21:45:01] Triggering popup at 21:45
[2025-11-05 21:45:06] Saved 29 entries to /home/gokhan/Side-Projects/momentum-tracker/reports/2025-11-05_report.xlsx
[2025-11-05 22:00:01] Triggering popup at 22:00
[2025-11-05 22:00:24] Saved 30 entries to /home/gokhan/Side-Projects/momentum-tracker/reports/2025-11-05_report.xlsx
[2025-11-05 22:15:01] Triggering popup at 22:15
[2025-11-05 22:27:13] Saved 31 entries to /home/gokhan/Side-Projects/momentum-tracker/reports/2025-11-05_report.xlsx
[2025-11-05 22:30:01] Triggering popup at 22:30
[2025-11-05 22:30:04] Saved 32 entries to /home/gokhan/Side-Projects/momentum-tracker/reports/2025-11-05_report.xlsx
[2025-11-05 22:45:01] Triggering popup at 22:45
[2025-11-05 22:45:23] Saved 33 entries to /home/gokhan/Side-Projects/momentum-tracker/reports/2025-11-05_report.xlsx
[2025-11-05 23:00:01] Triggering popup at 23:00
[2025-11-05 23:00:09] Saved 34 entries to /home/gokhan/Side-Projects/momentum-tracker/reports/2025-11-05_report.xlsx
[2025-11-05 23:15:01] Triggering popup at 23:15
[2025-11-05 23:15:10] Saved 35 entries to /home/gokhan/Side-Projects/momentum-tracker/reports/2025-11-05_report.xlsx
[2025-11-05 23:30:01] Triggering popup at 23:30
[2025-11-05 23:30:26] Saved 36 entries to /home/gokhan/Side-Projects/momentum-tracker/reports/2025-11-05_report.xlsx
[2025-11-05 23:45:01] Triggering popup at 23:45
[2025-11-05 23:45:08] Saved 37 entries to /home/gokhan/Side-Projects/momentum-tracker/reports/2025-11-05_report.xlsx
[2025-11-06 00:00:01] Triggering popup at 00:00
[2025-11-06 00:00:34] Saved 38 entries to /home/gokhan/Side-Projects/momentum-tracker/reports/2025-11-06_report.xlsx
[2025-11-06 00:15:01] Triggering popup at 00:15
[2025-11-06 00:15:07] Saved 39 entries to /home/gokhan/Side-Projects/momentum-tracker/reports/2025-11-06_report.xlsx
[2025-11-06 00:30:01] Triggering popup at 00:30
[2025-11-06 00:30:05] Saved 40 entries to /home/gokhan/Side-Projects/momentum-tracker/reports/2025-11-06_report.xlsx
[2025-11-06 00:45:01] Triggering popup at 00:45
[2025-11-06 00:45:05] Saved 41 entries to /home/gokhan/Side-Projects/momentum-tracker/reports/2025-11-06_report.xlsx
[2025-11-06 10:57:53] Loaded 41 previous entries from /home/gokhan/Side-Projects/momentum-tracker/reports/2025-11-06_report.xlsx
[2025-11-06 10:57:53] Momentum Tracker started successfully.
[2025-11-06 11:00:03] Triggering popup at 11:00
[2025-11-06 11:00:10] Saved 42 entries to /home/gokhan/Side-Projects/momentum-tracker/reports/2025-11-06_report.xlsx
[2025-11-06 11:15:03] Triggering popup at 11:15
[2025-11-06 11:26:36] Saved 43 entries to /home/gokhan/Side-Projects/momentum-tracker/reports/2025-11-06_report.xlsx
[2025-11-06 11:30:03] Triggering popup at 11:30
[2025-11-06 11:31:04] Saved 44 entries to /home/gokhan/Side-Projects/momentum-tracker/reports/2025-11-06_report.xlsx
[2025-11-06 11:45:03] Triggering popup at 11:45
[2025-11-06 11:48:49] Saved 45 entries to /home/gokhan/Side-Projects/momentum-tracker/reports/2025-11-06_report.xlsx
[2025-11-06 12:00:03] Triggering popup at 12:00
[2025-11-06 12:02:03] Saved 46 entries to /home/gokhan/Side-Projects/momentum-tracker/reports/2025-11-06_report.xlsx
[2025-11-06 12:15:03] Triggering popup at 12:15
[2025-11-06 12:17:10] Saved 47 entries to /home/gokhan/Side-Projects/momentum-tracker/reports/2025-11-06_report.xlsx
[2025-11-06 12:30:03] Triggering popup at 12:30
[2025-11-06 12:30:09] Saved 48 entries to /home/gokhan/Side-Projects/momentum-tracker/reports/2025-11-06_report.xlsx
[2025-11-06 12:45:03] Triggering popup at 12:45
[2025-11-06 12:45:14] Saved 49 entries to /home/gokhan/Side-Projects/momentum-tracker/reports/2025-11-06_report.xlsx
[2025-11-06 13:00:03] Triggering popup at 13:00
[2025-11-06 13:00:09] Saved 50 entries to /home/gokhan/Side-Projects/momentum-tracker/reports/2025-11-06_report.xlsx
[2025-11-06 13:15:03] Triggering popup at 13:15
[2025-11-06 13:15:12] Saved 51 entries to /home/gokhan/Side-Projects/momentum-tracker/reports/2025-11-06_report.xlsx
[2025-11-06 13:30:03] Triggering popup at 13:30
[2025-11-06 13:30:08] Saved 52 entries to /home/gokhan/Side-Projects/momentum-tracker/reports/2025-11-06_report.xlsx
[2025-11-06 13:45:03] Triggering popup at 13:45
[2025-11-06 13:45:09] Saved 53 entries to /home/gokhan/Side-Projects/momentum-tracker/reports/2025-11-06_report.xlsx
[2025-11-06 14:00:03] Triggering popup at 14:00
[2025-11-06 14:00:19] Saved 54 entries to /home/gokhan/Side-Projects/momentum-tracker/reports/2025-11-06_report.xlsx
[2025-11-06 14:15:03] Triggering popup at 14:15
[2025-11-06 14:15:14] Saved 55 entries to /home/gokhan/Side-Projects/momentum-tracker/reports/2025-11-06_report.xlsx
[2025-11-06 14:30:03] Triggering popup at 14:30
[2025-11-06 14:30:14] Saved 56 entries to /home/gokhan/Side-Projects/momentum-tracker/reports/2025-11-06_report.xlsx
[2025-11-06 14:45:03] Triggering popup at 14:45
[2025-11-06 14:46:12] Saved 57 entries to /home/gokhan/Side-Projects/momentum-tracker/reports/2025-11-06_report.xlsx
[2025-11-06 15:00:03] Triggering popup at 15:00
[2025-11-06 15:09:53] Saved 58 entries to /home/gokhan/Side-Projects/momentum-tracker/reports/2025-11-06_report.xlsx
[2025-11-06 15:15:03] Triggering popup at 15:15
[2025-11-06 15:20:04] Saved 59 entries to /home/gokhan/Side-Projects/momentum-tracker/reports/2025-11-06_report.xlsx
[2025-11-06 15:30:03] Triggering popup at 15:30
[2025-11-06 15:32:42] Saved 60 entries to /home/gokhan/Side-Projects/momentum-tracker/reports/2025-11-06_report.xlsx
[2025-11-06 15:45:03] Triggering popup at 15:45
[2025-11-06 16:00:03] Triggering popup at 16:00
[2025-11-06 16:15:03] Triggering popup at 16:15
[2025-11-06 16:16:45] Saved 61 entries to /home/gokhan/Side-Projects/momentum-tracker/reports/2025-11-06_report.xlsx
[2025-11-06 16:16:46] Saved 62 entries to /home/gokhan/Side-Projects/momentum-tracker/reports/2025-11-06_report.xlsx
[2025-11-06 16:16:47] Saved 63 entries to /home/gokhan/Side-Projects/momentum-tracker/reports/2025-11-06_report.xlsx
[2025-11-06 19:05:22] Loaded 63 previous entries from /home/gokhan/Side-Projects/momentum-tracker/reports/2025-11-06_report.xlsx
[2025-11-06 19:05:22] Momentum Tracker started successfully.
[2025-11-06 19:15:02] Triggering popup at 19:15
[2025-11-06 19:15:59] Saved 64 entries to /home/gokhan/Side-Projects/momentum-tracker/reports/2025-11-06_report.xlsx
[2025-11-06 19:30:02] Triggering popup at 19:30
[2025-11-06 19:30:12] Saved 65 entries to /home/gokhan/Side-Projects/momentum-tracker/reports/2025-11-06_report.xlsx
[2025-11-06 19:45:02] Triggering popup at 19:45
[2025-11-06 19:45:07] Saved 66 entries to /home/gokhan/Side-Projects/momentum-tracker/reports/2025-11-06_report.xlsx
[2025-11-06 20:00:02] Triggering popup at 20:00
[2025-11-06 20:00:10] Saved 67 entries to /home/gokhan/Side-Projects/momentum-tracker/reports/2025-11-06_report.xlsx
[2025-11-06 20:15:02] Triggering popup at 20:15
[2025-11-06 20:15:07] Saved 68 entries to /home/gokhan/Side-Projects/momentum-tracker/reports/2025-11-06_report.xlsx
[2025-11-06 20:30:02] Triggering popup at 20:30
[2025-11-06 20:30:09] Saved 69 entries to /home/gokhan/Side-Projects/momentum-tracker/reports/2025-11-06_report.xlsx
[2025-11-06 20:45:02] Triggering popup at 20:45
[2025-11-06 20:45:07] Saved 70 entries to /home/gokhan/Side-Projects/momentum-tracker/reports/2025-11-06_report.xlsx
[2025-11-06 21:00:03] Triggering popup at 21:00
[2025-11-06 21:00:07] Saved 71 entries to /home/gokhan/Side-Projects/momentum-tracker/reports/2025-11-06_report.xlsx
[2025-11-06 21:15:03] Triggering popup at 21:15
[2025-11-06 21:16:17] Saved 72 entries to /home/gokhan/Side-Projects/momentum-tracker/reports/2025-11-06_report.xlsx
[2025-11-06 21:30:03] Triggering popup at 21:30
[2025-11-06 21:30:16] Saved 73 entries to /home/gokhan/Side-Projects/momentum-tracker/reports/2025-11-06_report.xlsx
[2025-11-06 21:45:03] Triggering popup at 21:45
[2025-11-06 21:45:05] Saved 74 entries to /home/gokhan/Side-Projects/momentum-tracker/reports/2025-11-06_report.xlsx
[2025-11-06 22:00:03] Triggering popup at 22:00
[2025-11-06 22:00:10] Saved 75 entries to /home/gokhan/Side-Projects/momentum-tracker/reports/2025-11-06_report.xlsx
[2025-11-06 22:15:03] Triggering popup at 22:15
[2025-11-06 22:15:10] Saved 76 entries to /home/gokhan/Side-Projects/momentum-tracker/reports/2025-11-06_report.xlsx
[2025-11-06 22:30:03] Triggering popup at 22:30
[2025-11-06 22:30:06] Saved 77 entries to /home/gokhan/Side-Projects/momentum-tracker/reports/2025-11-06_report.xlsx
[2025-11-06 22:42:22] Loaded 77 previous entries from /home/gokhan/Side-Projects/momentum-tracker/reports/2025-11-06_report.xlsx
[2025-11-06 22:42:22] Momentum Tracker started successfully.
[2025-11-06 22:45:02] Triggering popup at 22:45
[2025-11-06 22:51:19] Saved 78 entries to /home/gokhan/Side-Projects/momentum-tracker/reports/2025-11-06_report.xlsx
[2025-11-06 23:00:02] Triggering popup at 23:00
[2025-11-06 23:00:09] Saved 79 entries to /home/gokhan/Side-Projects/momentum-tracker/reports/2025-11-06_report.xlsx
[2025-11-06 23:15:02] Triggering popup at 23:15
[2025-11-06 23:15:09] Saved 80 entries to /home/gokhan/Side-Projects/momentum-tracker/reports/2025-11-06_report.xlsx
[2025-11-06 23:30:02] Triggering popup at 23:30
[2025-11-06 23:30:27] Saved 81 entries to /home/gokhan/Side-Projects/momentum-tracker/reports/2025-11-06_report.xlsx
[2025-11-06 23:45:02] Triggering popup at 23:45
[2025-11-06 23:45:19] Saved 82 entries to /home/gokhan/Side-Projects/momentum-tracker/reports/2025-11-06_report.xlsx
[2025-11-07 00:00:02] Triggering popup at 00:00
[2025-11-07 00:00:08] Saved 83 entries to /home/gokhan/Side-Projects/momentum-tracker/reports/2025-11-07_report.xlsx
[2025-11-07 00:15:02] Triggering popup at 00:15
[2025-11-07 00:30:02] Triggering popup at 00:30
[2025-11-07 00:45:02] Triggering popup at 00:45
[2025-11-07 01:00:02] Triggering popup at 01:00
[2025-11-07 22:04:49] Loaded 83 previous entries from /home/gokhan/Side-Projects/momentum-tracker/reports/2025-11-07_report.xlsx
[2025-11-07 22:04:49] Momentum Tracker started successfully.
[2025-11-07 22:15:04] Triggering popup at 22:15
[2025-11-07 22:15:55] Saved 84 entries to /home/gokhan/Side-Projects/momentum-tracker/reports/2025-11-07_report.xlsx
[2025-11-07 22:30:04] Triggering popup at 22:30
[2025-11-07 22:34:33] Saved 85 entries to /home/gokhan/Side-Projects/momentum-tracker/reports/2025-11-07_report.xlsx
[2025-11-07 22:45:04] Triggering popup at 22:45
[2025-11-07 23:00:04] Triggering popup at 23:00
[2025-11-07 23:11:45] Saved 86 entries to /home/gokhan/Side-Projects/momentum-tracker/reports/2025-11-07_report.xlsx
[2025-11-07 23:11:52] Saved 87 entries to /home/gokhan/Side-Projects/momentum-tracker/reports/2025-11-07_report.xlsx
[2025-11-07 23:15:04] Triggering popup at 23:15
[2025-11-07 23:30:04] Triggering popup at 23:30
[2025-11-07 23:43:02] Saved 88 entries to /home/gokhan/Side-Projects/momentum-tracker/reports/2025-11-07_report.xlsx
[2025-11-07 23:43:10] Saved 89 entries to /home/gokhan/Side-Projects/momentum-tracker/reports/2025-11-07_report.xlsx
[2025-11-07 23:45:04] Triggering popup at 23:45
[2025-11-08 00:00:04] Triggering popup at 00:00
[2025-11-08 00:15:04] Triggering popup at 00:15
[2025-11-08 00:30:04] Triggering popup at 00:30
[2025-11-08 00:45:04] Triggering popup at 00:45
[2025-11-08 01:00:04] Triggering popup at 01:00
[2025-11-08 01:15:04] Triggering popup at 01:15
[2025-11-08 01:30:04] Triggering popup at 01:30
[2025-11-08 01:45:04] Triggering popup at 01:45
[2025-11-08 02:00:04] Triggering popup at 02:00
[2025-11-08 02:15:04] Triggering popup at 02:15
[2025-11-08 02:30:00] Triggering popup at 02:30
[2025-11-08 02:45:00] Triggering popup at 02:45
[2025-11-08 03:00:00] Triggering popup at 03:00
[2025-11-08 03:15:00] Triggering popup at 03:15
[2025-11-08 03:30:00] Triggering popup at 03:30
[2025-11-08 03:45:00] Triggering popup at 03:45
[2025-11-08 04:00:00] Triggering popup at 04:00
[2025-11-08 04:15:00] Triggering popup at 04:15
[2025-11-08 04:30:00] Triggering popup at 04:30
[2025-11-08 04:45:00] Triggering popup at 04:45
[2025-11-08 05:00:00] Triggering popup at 05:00
[2025-11-08 05:15:00] Triggering popup at 05:15
[2025-11-08 05:30:00] Triggering popup at 05:30
[2025-11-08 17:46:02] Momentum Tracker started successfully.
[2025-11-08 18:00:02] Triggering popup at 18:00
[2025-11-08 18:05:03] Saved 1 entries to /home/gokhan/Side-Projects/momentum-tracker/reports/2025-11-08_report.xlsx
[2025-11-08 18:15:02] Triggering popup at 18:15
[2025-11-08 18:15:14] Saved 2 entries to /home/gokhan/Side-Projects/momentum-tracker/reports/2025-11-08_report.xlsx
[2025-11-08 18:30:02] Triggering popup at 18:30
[2025-11-08 18:30:12] Saved 3 entries to /home/gokhan/Side-Projects/momentum-tracker/reports/2025-11-08_report.xlsx
[2025-11-08 18:45:03] Triggering popup at 18:45
[2025-11-08 18:45:15] Saved 4 entries to /home/gokhan/Side-Projects/momentum-tracker/reports/2025-11-08_report.xlsx
[2025-11-08 19:00:03] Triggering popup at 19:00
[2025-11-08 19:01:09] Saved 5 entries to /home/gokhan/Side-Projects/momentum-tracker/reports/2025-11-08_report.xlsx
[2025-11-08 19:12:03] Loaded 5 previous entries from /home/gokhan/Side-Projects/momentum-tracker/reports/2025-11-08_report.xlsx
[2025-11-08 19:12:03] Momentum Tracker started successfully.
[2025-11-08 19:15:03] Triggering popup at 19:15
[2025-11-08 19:17:07] Saved 6 entries to /home/gokhan/Side-Projects/momentum-tracker/reports/2025-11-08_report.xlsx
[2025-11-08 19:30:04] Triggering popup at 19:30
[2025-11-08 19:30:12] Saved 7 entries to /home/gokhan/Side-Projects/momentum-tracker/reports/2025-11-08_report.xlsx
[2025-11-08 19:45:04] Triggering popup at 19:45
[2025-11-08 19:45:12] Saved 8 entries to /home/gokhan/Side-Projects/momentum-tracker/reports/2025-11-08_report.xlsx
[2025-11-08 20:00:04] Triggering popup at 20:00
[2025-11-08 20:15:04] Triggering popup at 20:15
[2025-11-08 20:18:55] Saved 9 entries to /home/gokhan/Side-Projects/momentum-tracker/reports/2025-11-08_report.xlsx
[2025-11-08 20:18:56] Saved 10 entries to /home/gokhan/Side-Projects/momentum-tracker/reports/2025-11-08_report.xlsx
[2025-11-08 20:30:04] Triggering popup at 20:30
[2025-11-08 20:45:04] Triggering popup at 20:45
[2025-11-08 20:57:18] Saved 11 entries to /home/gokhan/Side-Projects/momentum-tracker/reports/2025-11-08_report.xlsx
[2025-11-08 20:57:21] Saved 12 entries to /home/gokhan/Side-Projects/momentum-tracker/reports/2025-11-08_report.xlsx
[2025-11-08 21:00:04] Triggering popup at 21:00
[2025-11-08 21:15:04] Triggering popup at 21:15
[2025-11-08 21:30:04] Triggering popup at 21:30
[2025-11-08 21:45:04] Triggering popup at 21:45
[2025-11-09 10:03:39] Momentum Tracker started successfully.
[2025-11-09 10:15:04] Triggering popup at 10:15
[2025-11-09 10:29:13] Saved 1 entries to /home/gokhan/Side-Projects/momentum-tracker/reports/2025-11-09_report.xlsx
[2025-11-09 10:30:04] Triggering popup at 10:30
[2025-11-09 10:45:04] Triggering popup at 10:45
[2025-11-09 10:48:20] Saved 2 entries to /home/gokhan/Side-Projects/momentum-tracker/reports/2025-11-09_report.xlsx
[2025-11-09 10:48:21] Saved 3 entries to /home/gokhan/Side-Projects/momentum-tracker/reports/2025-11-09_report.xlsx
[2025-11-09 11:00:04] Triggering popup at 11:00
[2025-11-09 11:00:09] Saved 4 entries to /home/gokhan/Side-Projects/momentum-tracker/reports/2025-11-09_report.xlsx
[2025-11-09 11:15:04] Triggering popup at 11:15
[2025-11-09 11:15:14] Saved 5 entries to /home/gokhan/Side-Projects/momentum-tracker/reports/2025-11-09_report.xlsx
[2025-11-09 11:30:04] Triggering popup at 11:30
[2025-11-09 11:39:18] Saved 6 entries to /home/gokhan/Side-Projects/momentum-tracker/reports/2025-11-09_report.xlsx
[2025-11-09 11:45:04] Triggering popup at 11:45
[2025-11-09 11:45:06] Saved 7 entries to /home/gokhan/Side-Projects/momentum-tracker/reports/2025-11-09_report.xlsx
[2025-11-09 12:00:04] Triggering popup at 12:00
[2025-11-09 12:00:53] Saved 8 entries to /home/gokhan/Side-Projects/momentum-tracker/reports/2025-11-09_report.xlsx
[2025-11-09 12:15:04] Triggering popup at 12:15
[2025-11-09 12:25:33] Saved 9 entries to /home/gokhan/Side-Projects/momentum-tracker/reports/2025-11-09_report.xlsx
[2025-11-09 12:30:04] Triggering popup at 12:30
[2025-11-09 12:30:36] Saved 10 entries to /home/gokhan/Side-Projects/momentum-tracker/reports/2025-11-09_report.xlsx
[2025-11-09 12:45:04] Triggering popup at 12:45
[2025-11-09 12:45:10] Saved 11 entries to /home/gokhan/Side-Projects/momentum-tracker/reports/2025-11-09_report.xlsx
[2025-11-09 13:00:04] Triggering popup at 13:00
[2025-11-09 13:15:04] Triggering popup at 13:15
[2025-11-09 13:29:38] Saved 12 entries to /home/gokhan/Side-Projects/momentum-tracker/reports/2025-11-09_report.xlsx
[2025-11-09 13:29:48] Saved 13 entries to /home/gokhan/Side-Projects/momentum-tracker/reports/2025-11-09_report.xlsx
[2025-11-09 13:30:04] Triggering popup at 13:30
[2025-11-09 13:40:22] Saved 14 entries to /home/gokhan/Side-Projects/momentum-tracker/reports/2025-11-09_report.xlsx
[2025-11-09 13:45:04] Triggering popup at 13:45
[2025-11-09 13:45:17] Saved 15 entries to /home/gokhan/Side-Projects/momentum-tracker/reports/2025-11-09_report.xlsx
[2025-11-09 14:00:04] Triggering popup at 14:00
[2025-11-09 14:00:15] Saved 16 entries to /home/gokhan/Side-Projects/momentum-tracker/reports/2025-11-09_report.xlsx
[2025-11-09 14:15:04] Triggering popup at 14:15
[2025-11-09 14:15:09] Saved 17 entries to /home/gokhan/Side-Projects/momentum-tracker/reports/2025-11-09_report.xlsx
[2025-11-09 14:30:04] Triggering popup at 14:30
[2025-11-09 14:30:12] Saved 18 entries to /home/gokhan/Side-Projects/momentum-tracker/reports/2025-11-09_report.xlsx
[2025-11-09 14:45:04] Triggering popup at 14:45
[2025-11-09 14:51:35] Saved 19 entries to /home/gokhan/Side-Projects/momentum-tracker/reports/2025-11-09_report.xlsx
[2025-11-09 15:00:04] Triggering popup at 15:00
[2025-11-09 15:00:04] Saved 20 entries to /home/gokhan/Side-Projects/momentum-tracker/reports/2025-11-09_report.xlsx
[2025-11-09 15:15:04] Triggering popup at 15:15
[2025-11-09 15:15:08] Saved 21 entries to /home/gokhan/Side-Projects/momentum-tracker/reports/2025-11-09_report.xlsx
[2025-11-09 15:30:04] Triggering popup at 15:30
[2025-11-09 15:30:10] Saved 22 entries to /home/gokhan/Side-Projects/momentum-tracker/reports/2025-11-09_report.xlsx
[2025-11-09 15:45:04] Triggering popup at 15:45
[2025-11-09 15:45:10] Saved 23 entries to /home/gokhan/Side-Projects/momentum-tracker/reports/2025-11-09_report.xlsx
[2025-11-09 16:00:04] Triggering popup at 16:00
[2025-11-09 16:00:30] Saved 24 entries to /home/gokhan/Side-Projects/momentum-tracker/reports/2025-11-09_report.xlsx
[2025-11-09 16:15:04] Triggering popup at 16:15
[2025-11-09 16:15:08] Saved 25 entries to /home/gokhan/Side-Projects/momentum-tracker/reports/2025-11-09_report.xlsx
[2025-11-09 16:30:04] Triggering popup at 16:30
[2025-11-09 16:35:17] Saved 26 entries to /home/gokhan/Side-Projects/momentum-tracker/reports/2025-11-09_report.xlsx
[2025-11-09 16:45:04] Triggering popup at 16:45
[2025-11-09 16:45:07] Saved 27 entries to /home/gokhan/Side-Projects/momentum-tracker/reports/2025-11-09_report.xlsx
[2025-11-09 17:00:04] Triggering popup at 17:00
[2025-11-09 17:00:28] Saved 28 entries to /home/gokhan/Side-Projects/momentum-tracker/reports/2025-11-09_report.xlsx
[2025-11-09 17:15:04] Triggering popup at 17:15
[2025-11-09 17:15:12] Saved 29 entries to /home/gokhan/Side-Projects/momentum-tracker/reports/2025-11-09_report.xlsx
[2025-11-09 17:30:04] Triggering popup at 17:30
[2025-11-09 17:40:23] Saved 30 entries to /home/gokhan/Side-Projects/momentum-tracker/reports/2025-11-09_report.xlsx
[2025-11-09 17:45:00] Triggering popup at 17:45
[2025-11-09 17:50:10] Saved 31 entries to /home/gokhan/Side-Projects/momentum-tracker/reports/2025-11-09_report.xlsx
[2025-11-09 18:00:00] Triggering popup at 18:00
[2025-11-09 18:00:04] Saved 32 entries to /home/gokhan/Side-Projects/momentum-tracker/reports/2025-11-09_report.xlsx
[2025-11-09 18:15:00] Triggering popup at 18:15
[2025-11-09 18:15:11] Saved 33 entries to /home/gokhan/Side-Projects/momentum-tracker/reports/2025-11-09_report.xlsx
[2025-11-09 18:30:00] Triggering popup at 18:30
[2025-11-09 18:36:36] Saved 34 entries to /home/gokhan/Side-Projects/momentum-tracker/reports/2025-11-09_report.xlsx
[2025-11-09 18:45:00] Triggering popup at 18:45
[2025-11-09 18:45:06] Saved 35 entries to /home/gokhan/Side-Projects/momentum-tracker/reports/2025-11-09_report.xlsx
[2025-11-09 19:00:00] Triggering popup at 19:00
[2025-11-09 19:00:06] Saved 36 entries to /home/gokhan/Side-Projects/momentum-tracker/reports/2025-11-09_report.xlsx
[2025-11-09 19:15:01] Triggering popup at 19:15
[2025-11-09 19:15:06] Saved 37 entries to /home/gokhan/Side-Projects/momentum-tracker/reports/2025-11-09_report.xlsx
[2025-11-09 19:30:01] Triggering popup at 19:30
[2025-11-09 19:30:18] Saved 38 entries to /home/gokhan/Side-Projects/momentum-tracker/reports/2025-11-09_report.xlsx
[2025-11-09 19:45:01] Triggering popup at 19:45
[2025-11-09 19:45:06] Saved 39 entries to /home/gokhan/Side-Projects/momentum-tracker/reports/2025-11-09_report.xlsx
[2025-11-09 20:00:01] Triggering popup at 20:00
[2025-11-09 20:00:05] Saved 40 entries to /home/gokhan/Side-Projects/momentum-tracker/reports/2025-11-09_report.xlsx
[2025-11-09 20:15:01] Triggering popup at 20:15
[2025-11-09 20:15:07] Saved 41 entries to /home/gokhan/Side-Projects/momentum-tracker/reports/2025-11-09_report.xlsx
[2025-11-09 20:30:01] Triggering popup at 20:30
[2025-11-09 20:30:04] Saved 42 entries to /home/gokhan/Side-Projects/momentum-tracker/reports/2025-11-09_report.xlsx
[2025-11-09 20:45:01] Triggering popup at 20:45
[2025-11-09 20:45:07] Saved 43 entries to /home/gokhan/Side-Projects/momentum-tracker/reports/2025-11-09_report.xlsx
[2025-11-09 21:00:01] Triggering popup at 21:00
[2025-11-09 21:00:10] Saved 44 entries to /home/gokhan/Side-Projects/momentum-tracker/reports/2025-11-09_report.xlsx
[2025-11-09 21:15:01] Triggering popup at 21:15
[2025-11-09 21:15:05] Saved 45 entries to /home/gokhan/Side-Projects/momentum-tracker/reports/2025-11-09_report.xlsx
[2025-11-09 21:30:01] Triggering popup at 21:30
[2025-11-09 21:45:01] Triggering popup at 21:45
[2025-11-09 21:46:44] Saved 46 entries to /home/gokhan/Side-Projects/momentum-tracker/reports/2025-11-09_report.xlsx
[2025-11-09 21:46:46] Saved 47 entries to /home/gokhan/Side-Projects/momentum-tracker/reports/2025-11-09_report.xlsx
[2025-11-09 22:21:29] Loaded 47 previous entries from /home/gokhan/Side-Projects/momentum-tracker/reports/2025-11-09_report.xlsx
[2025-11-09 22:21:29] Momentum Tracker started successfully.
[2025-11-10 08:59:15] Momentum Tracker started successfully.
[2025-11-10 09:00:00] Triggering popup at 09:00
[2025-11-10 09:00:03] Saved 1 entries to /home/gokhan/Side-Projects/momentum-tracker/reports/2025-11-10_report.xlsx
[2025-11-10 09:15:00] Triggering popup at 09:15
[2025-11-10 09:23:09] Saved 2 entries to /home/gokhan/Side-Projects/momentum-tracker/reports/2025-11-10_report.xlsx
[2025-11-10 09:30:00] Triggering popup at 09:30
[2025-11-10 09:41:38] Saved 3 entries to /home/gokhan/Side-Projects/momentum-tracker/reports/2025-11-10_report.xlsx
[2025-11-10 09:45:00] Triggering popup at 09:45
[2025-11-10 09:45:07] Saved 4 entries to /home/gokhan/Side-Projects/momentum-tracker/reports/2025-11-10_report.xlsx
[2025-11-10 10:00:00] Triggering popup at 10:00
[2025-11-10 10:15:00] Triggering popup at 10:15
[2025-11-10 10:30:00] Triggering popup at 10:30
[2025-11-10 10:45:00] Triggering popup at 10:45
[2025-11-10 11:00:00] Triggering popup at 11:00
[2025-11-10 11:02:37] Saved 5 entries to /home/gokhan/Side-Projects/momentum-tracker/reports/2025-11-10_report.xlsx
[2025-11-10 11:02:44] Saved 6 entries to /home/gokhan/Side-Projects/momentum-tracker/reports/2025-11-10_report.xlsx
[2025-11-10 11:02:48] Saved 7 entries to /home/gokhan/Side-Projects/momentum-tracker/reports/2025-11-10_report.xlsx
[2025-11-10 11:02:53] Saved 8 entries to /home/gokhan/Side-Projects/momentum-tracker/reports/2025-11-10_report.xlsx
[2025-11-10 11:02:57] Saved 9 entries to /home/gokhan/Side-Projects/momentum-tracker/reports/2025-11-10_report.xlsx
[2025-11-10 11:15:00] Triggering popup at 11:15
[2025-11-10 11:30:00] Triggering popup at 11:30
[2025-11-10 11:45:00] Triggering popup at 11:45
[2025-11-10 12:00:00] Triggering popup at 12:00
[2025-11-10 12:09:38] Saved 10 entries to /home/gokhan/Side-Projects/momentum-tracker/reports/2025-11-10_report.xlsx
[2025-11-10 12:09:40] Saved 11 entries to /home/gokhan/Side-Projects/momentum-tracker/reports/2025-11-10_report.xlsx
[2025-11-10 12:09:41] Saved 12 entries to /home/gokhan/Side-Projects/momentum-tracker/reports/2025-11-10_report.xlsx
[2025-11-10 12:09:42] Saved 13 entries to /home/gokhan/Side-Projects/momentum-tracker/reports/2025-11-10_report.xlsx
[2025-11-10 12:15:00] Triggering popup at 12:15
[2025-11-10 12:30:00] Triggering popup at 12:30
[2025-11-10 12:34:21] Saved 14 entries to /home/gokhan/Side-Projects/momentum-tracker/reports/2025-11-10_report.xlsx
[2025-11-10 12:34:26] Saved 15 entries to /home/gokhan/Side-Projects/momentum-tracker/reports/2025-11-10_report.xlsx
[2025-11-10 17:17:01] Loaded 15 previous entries from /home/gokhan/Side-Projects/momentum-tracker/reports/2025-11-10_report.xlsx
[2025-11-10 17:17:01] Momentum Tracker started successfully.
[2025-11-10 17:30:01] Triggering popup at 17:30
[2025-11-10 17:41:18] Loaded 15 previous entries from /home/gokhan/Side-Projects/momentum-tracker/reports/2025-11-10_report.xlsx
[2025-11-10 17:41:18] Momentum Tracker started successfully.
[2025-11-10 17:45:04] Triggering popup at 17:45
[2025-11-10 17:46:56] Saved 16 entries to /home/gokhan/Side-Projects/momentum-tracker/reports/2025-11-10_report.xlsx
[2025-11-10 18:00:04] Triggering popup at 18:00
[2025-11-10 18:00:06] Saved 17 entries to /home/gokhan/Side-Projects/momentum-tracker/reports/2025-11-10_report.xlsx
[2025-11-10 18:03:57] Loaded 17 previous entries from /home/gokhan/Side-Projects/momentum-tracker/reports/2025-11-10_report.xlsx
[2025-11-10 18:03:57] Momentum Tracker started successfully.
[2025-11-10 18:15:02] Triggering popup at 18:15
[2025-11-10 18:15:04] Saved 18 entries to /home/gokhan/Side-Projects/momentum-tracker/reports/2025-11-10_report.xlsx
[2025-11-10 18:30:02] Triggering popup at 18:30
[2025-11-10 18:30:12] Saved 19 entries to /home/gokhan/Side-Projects/momentum-tracker/reports/2025-11-10_report.xlsx
[2025-11-10 18:45:02] Triggering popup at 18:45
[2025-11-10 18:53:19] Saved 20 entries to /home/gokhan/Side-Projects/momentum-tracker/reports/2025-11-10_report.xlsx
[2025-11-10 19:00:02] Triggering popup at 19:00
[2025-11-10 19:00:10] Saved 21 entries to /home/gokhan/Side-Projects/momentum-tracker/reports/2025-11-10_report.xlsx
[2025-11-10 19:15:02] Triggering popup at 19:15
[2025-11-10 19:15:09] Saved 22 entries to /home/gokhan/Side-Projects/momentum-tracker/reports/2025-11-10_report.xlsx
[2025-11-10 19:30:02] Triggering popup at 19:30
[2025-11-10 19:30:06] Saved 23 entries to /home/gokhan/Side-Projects/momentum-tracker/reports/2025-11-10_report.xlsx
[2025-11-10 19:45:02] Triggering popup at 19:45
[2025-11-10 19:45:09] Saved 24 entries to /home/gokhan/Side-Projects/momentum-tracker/reports/2025-11-10_report.xlsx
[2025-11-10 20:00:53] Triggering popup at 20:00
[2025-11-10 20:08:48] Loaded 24 previous entries from /home/gokhan/Side-Projects/momentum-tracker/reports/2025-11-10_report.xlsx
[2025-11-10 20:08:48] Momentum Tracker started successfully.
[2025-11-10 23:22:16] Loaded 24 previous entries from /home/gokhan/Side-Projects/momentum-tracker/reports/2025-11-10_report.xlsx
[2025-11-10 23:22:16] Momentum Tracker started successfully.
[2025-11-10 23:30:01] Triggering popup at 23:30
[2025-11-10 23:30:03] Saved 25 entries to /home/gokhan/Side-Projects/momentum-tracker/reports/2025-11-10_report.xlsx
[2025-11-10 23:45:01] Triggering popup at 23:45
[2025-11-10 23:45:03] Saved 26 entries to /home/gokhan/Side-Projects/momentum-tracker/reports/2025-11-10_report.xlsx
[2025-11-11 00:00:01] Triggering popup at 00:00
[2025-11-11 00:00:07] Saved 27 entries to /home/gokhan/Side-Projects/momentum-tracker/reports/2025-11-11_report.xlsx
[2025-11-11 00:15:01] Triggering popup at 00:15
[2025-11-11 00:18:19] Saved 28 entries to /home/gokhan/Side-Projects/momentum-tracker/reports/2025-11-11_report.xlsx
[2025-11-11 13:13:44] Loaded 28 previous entries from /home/gokhan/Side-Projects/momentum-tracker/reports/2025-11-11_report.xlsx
[2025-11-11 13:13:45] Momentum Tracker started successfully.
[2025-11-11 13:15:00] Triggering popup at 13:15
[2025-11-11 13:15:10] Saved 29 entries to /home/gokhan/Side-Projects/momentum-tracker/reports/2025-11-11_report.xlsx
[2025-11-11 13:30:00] Triggering popup at 13:30
[2025-11-11 13:30:05] Saved 30 entries to /home/gokhan/Side-Projects/momentum-tracker/reports/2025-11-11_report.xlsx
[2025-11-11 13:45:00] Triggering popup at 13:45
[2025-11-11 13:45:02] Saved 31 entries to /home/gokhan/Side-Projects/momentum-tracker/reports/2025-11-11_report.xlsx
[2025-11-11 14:00:00] Triggering popup at 14:00
[2025-11-11 14:00:06] Saved 32 entries to /home/gokhan/Side-Projects/momentum-tracker/reports/2025-11-11_report.xlsx
[2025-11-11 14:15:00] Triggering popup at 14:15
[2025-11-11 14:15:04] Saved 33 entries to /home/gokhan/Side-Projects/momentum-tracker/reports/2025-11-11_report.xlsx
[2025-11-11 15:23:10] Loaded 33 previous entries from /home/gokhan/Side-Projects/momentum-tracker/reports/2025-11-11_report.xlsx
[2025-11-11 15:23:10] Momentum Tracker started successfully.
[2025-11-11 15:30:00] Triggering popup at 15:30
[2025-11-11 15:30:05] Saved 34 entries to /home/gokhan/Side-Projects/momentum-tracker/reports/2025-11-11_report.xlsx
[2025-11-11 15:45:00] Triggering popup at 15:45
[2025-11-11 15:45:05] Saved 35 entries to /home/gokhan/Side-Projects/momentum-tracker/reports/2025-11-11_report.xlsx
[2025-11-11 16:00:00] Triggering popup at 16:00
[2025-11-11 16:00:09] Saved 36 entries to /home/gokhan/Side-Projects/momentum-tracker/reports/2025-11-11_report.xlsx
[2025-11-11 16:15:00] Triggering popup at 16:15
[2025-11-11 16:30:00] Triggering popup at 16:30
[2025-11-11 16:30:04] Saved 37 entries to /home/gokhan/Side-Projects/momentum-tracker/reports/2025-11-11_report.xlsx
[2025-11-11 16:40:53] Saved 38 entries to /home/gokhan/Side-Projects/momentum-tracker/reports/2025-11-11_report.xlsx
[2025-11-11 16:45:00] Triggering popup at 16:45
[2025-11-11 17:15:51] Triggering popup at 17:15
[2025-11-11 17:21:23] Saved 39 entries to /home/gokhan/Side-Projects/momentum-tracker/reports/2025-11-11_report.xlsx
[2025-11-11 17:21:25] Saved 40 entries to /home/gokhan/Side-Projects/momentum-tracker/reports/2025-11-11_report.xlsx
[2025-11-11 17:30:01] Triggering popup at 17:30
[2025-11-11 17:30:06] Saved 41 entries to /home/gokhan/Side-Projects/momentum-tracker/reports/2025-11-11_report.xlsx
[2025-11-11 17:45:01] Triggering popup at 17:45
[2025-11-11 17:45:04] Saved 42 entries to /home/gokhan/Side-Projects/momentum-tracker/reports/2025-11-11_report.xlsx
[2025-11-11 18:00:02] Triggering popup at 18:00
[2025-11-11 18:00:04] Saved 43 entries to /home/gokhan/Side-Projects/momentum-tracker/reports/2025-11-11_report.xlsx
[2025-11-11 18:15:02] Triggering popup at 18:15
[2025-11-11 18:15:06] Saved 44 entries to /home/gokhan/Side-Projects/momentum-tracker/reports/2025-11-11_report.xlsx
[2025-11-11 18:30:02] Triggering popup at 18:30
[2025-11-11 18:30:04] Saved 45 entries to /home/gokhan/Side-Projects/momentum-tracker/reports/2025-11-11_report.xlsx
[2025-11-11 18:45:02] Triggering popup at 18:45
[2025-11-11 18:45:08] Saved 46 entries to /home/gokhan/Side-Projects/momentum-tracker/reports/2025-11-11_report.xlsx
[2025-11-11 19:00:02] Triggering popup at 19:00
[2025-11-11 19:00:04] Saved 47 entries to /home/gokhan/Side-Projects/momentum-tracker/reports/2025-11-11_report.xlsx
[2025-11-11 19:15:02] Triggering popup at 19:15
[2025-11-11 19:23:50] Saved 48 entries to /home/gokhan/Side-Projects/momentum-tracker/reports/2025-11-11_report.xlsx
[2025-11-11 21:45:37] Loaded 48 previous entries from /home/gokhan/Side-Projects/momentum-tracker/reports/2025-11-11_report.xlsx
[2025-11-11 21:45:37] Triggering popup at 21:45
[2025-11-11 21:45:37] Momentum Tracker started successfully.
[2025-11-11 21:45:40] Saved 49 entries to /home/gokhan/Side-Projects/momentum-tracker/reports/2025-11-11_report.xlsx
[2025-11-11 22:00:02] Triggering popup at 22:00
[2025-11-11 22:01:16] Saved 50 entries to /home/gokhan/Side-Projects/momentum-tracker/reports/2025-11-11_report.xlsx
[2025-11-11 22:15:02] Triggering popup at 22:15
[2025-11-11 22:30:02] Triggering popup at 22:30
[2025-11-11 22:41:39] Saved 51 entries to /home/gokhan/Side-Projects/momentum-tracker/reports/2025-11-11_report.xlsx
[2025-11-11 22:41:42] Saved 52 entries to /home/gokhan/Side-Projects/momentum-tracker/reports/2025-11-11_report.xlsx
[2025-11-11 22:45:02] Triggering popup at 22:45
[2025-11-11 23:00:02] Triggering popup at 23:00
[2025-11-11 23:10:14] Saved 53 entries to /home/gokhan/Side-Projects/momentum-tracker/reports/2025-11-11_report.xlsx
[2025-11-11 23:10:21] Saved 54 entries to /home/gokhan/Side-Projects/momentum-tracker/reports/2025-11-11_report.xlsx
[2025-11-11 23:15:02] Triggering popup at 23:15
[2025-11-11 23:15:05] Saved 55 entries to /home/gokhan/Side-Projects/momentum-tracker/reports/2025-11-11_report.xlsx
[2025-11-11 23:30:02] Triggering popup at 23:30
[2025-11-11 23:30:05] Saved 56 entries to /home/gokhan/Side-Projects/momentum-tracker/reports/2025-11-11_report.xlsx
[2025-11-11 23:45:02] Triggering popup at 23:45
[2025-11-12 00:00:02] Triggering popup at 00:00
[2025-11-12 00:12:46] Saved 57 entries to /home/gokhan/Side-Projects/momentum-tracker/reports/2025-11-12_report.xlsx
[2025-11-12 00:12:49] Saved 58 entries to /home/gokhan/Side-Projects/momentum-tracker/reports/2025-11-12_report.xlsx
[2025-11-12 00:15:02] Triggering popup at 00:15
[2025-11-12 00:16:02] Saved 59 entries to /home/gokhan/Side-Projects/momentum-tracker/reports/2025-11-12_report.xlsx
[2025-11-12 00:30:02] Triggering popup at 00:30
[2025-11-12 00:38:58] Saved 60 entries to /home/gokhan/Side-Projects/momentum-tracker/reports/2025-11-12_report.xlsx
[2025-11-12 00:45:02] Triggering popup at 00:45
[2025-11-12 00:47:15] Saved 61 entries to /home/gokhan/Side-Projects/momentum-tracker/reports/2025-11-12_report.xlsx
[2025-11-12 01:00:02] Triggering popup at 01:00
[2025-11-12 01:05:31] Saved 62 entries to /home/gokhan/Side-Projects/momentum-tracker/reports/2025-11-12_report.xlsx
[2025-11-12 01:15:02] Triggering popup at 01:15
[2025-11-12 01:15:07] Saved 63 entries to /home/gokhan/Side-Projects/momentum-tracker/reports/2025-11-12_report.xlsx
[2025-11-12 01:30:02] Triggering popup at 01:30
[2025-11-12 01:30:07] Saved 64 entries to /home/gokhan/Side-Projects/momentum-tracker/reports/2025-11-12_report.xlsx
[2025-11-12 01:45:02] Triggering popup at 01:45
[2025-11-12 01:45:14] Saved 65 entries to /home/gokhan/Side-Projects/momentum-tracker/reports/2025-11-12_report.xlsx
[2025-11-12 02:00:02] Triggering popup at 02:00
[2025-11-12 02:00:18] Saved 66 entries to /home/gokhan/Side-Projects/momentum-tracker/reports/2025-11-12_report.xlsx
[2025-11-12 11:08:11] Loaded 66 previous entries from /home/gokhan/Side-Projects/momentum-tracker/reports/2025-11-12_report.xlsx
[2025-11-12 11:08:11] Momentum Tracker started successfully.
[2025-11-12 11:15:01] Triggering popup at 11:15
[2025-11-12 11:30:02] Triggering popup at 11:30
[2025-11-12 11:45:02] Triggering popup at 11:45
[2025-11-12 11:50:46] Saved 67 entries to /home/gokhan/Side-Projects/momentum-tracker/reports/2025-11-12_report.xlsx
[2025-11-12 11:50:47] Saved 68 entries to /home/gokhan/Side-Projects/momentum-tracker/reports/2025-11-12_report.xlsx
[2025-11-12 11:50:48] Saved 69 entries to /home/gokhan/Side-Projects/momentum-tracker/reports/2025-11-12_report.xlsx
[2025-11-12 12:00:02] Triggering popup at 12:00
[2025-11-12 12:02:21] Saved 70 entries to /home/gokhan/Side-Projects/momentum-tracker/reports/2025-11-12_report.xlsx
[2025-11-12 12:15:02] Triggering popup at 12:15
[2025-11-12 12:15:41] Saved 71 entries to /home/gokhan/Side-Projects/momentum-tracker/reports/2025-11-12_report.xlsx
[2025-11-12 12:30:02] Triggering popup at 12:30
[2025-11-12 12:34:13] Saved 72 entries to /home/gokhan/Side-Projects/momentum-tracker/reports/2025-11-12_report.xlsx
[2025-11-12 12:45:02] Triggering popup at 12:45
[2025-11-12 12:45:31] Saved 73 entries to /home/gokhan/Side-Projects/momentum-tracker/reports/2025-11-12_report.xlsx
[2025-11-12 12:45:31] Saved 74 entries to /home/gokhan/Side-Projects/momentum-tracker/reports/2025-11-12_report.xlsx
[2025-11-12 12:45:33] Saved 75 entries to /home/gokhan/Side-Projects/momentum-tracker/reports/2025-11-12_report.xlsx
[2025-11-12 12:45:33] Saved 76 entries to /home/gokhan/Side-Projects/momentum-tracker/reports/2025-11-12_report.xlsx
[2025-11-12 12:45:34] Saved 77 entries to /home/gokhan/Side-Projects/momentum-tracker/reports/2025-11-12_report.xlsx
[2025-11-12 13:00:02] Triggering popup at 13:00
[2025-11-12 13:15:02] Triggering popup at 13:15
[2025-11-12 13:30:02] Triggering popup at 13:30
[2025-11-12 13:33:43] Saved 78 entries to /home/gokhan/Side-Projects/momentum-tracker/reports/2025-11-12_report.xlsx
[2025-11-12 13:33:50] Saved 79 entries to /home/gokhan/Side-Projects/momentum-tracker/reports/2025-11-12_report.xlsx
[2025-11-12 13:33:53] Saved 80 entries to /home/gokhan/Side-Projects/momentum-tracker/reports/2025-11-12_report.xlsx
[2025-11-12 13:45:02] Triggering popup at 13:45
[2025-11-12 13:53:12] Saved 81 entries to /home/gokhan/Side-Projects/momentum-tracker/reports/2025-11-12_report.xlsx
[2025-11-12 14:00:02] Triggering popup at 14:00
[2025-11-12 14:00:08] Saved 82 entries to /home/gokhan/Side-Projects/momentum-tracker/reports/2025-11-12_report.xlsx
[2025-11-12 14:00:08] Saved 83 entries to /home/gokhan/Side-Projects/momentum-tracker/reports/2025-11-12_report.xlsx
[2025-11-12 14:02:44] Loaded 83 previous entries from /home/gokhan/Side-Projects/momentum-tracker/reports/2025-11-12_report.xlsx
[2025-11-12 14:02:44] Momentum Tracker started successfully.
[2025-11-12 14:15:04] Triggering popup at 14:15
[2025-11-12 14:15:12] Saved 84 entries to /home/gokhan/Side-Projects/momentum-tracker/reports/2025-11-12_report.xlsx
[2025-11-12 14:30:04] Triggering popup at 14:30
[2025-11-12 14:45:00] Triggering popup at 14:45
[2025-11-12 14:45:12] Saved 85 entries to /home/gokhan/Side-Projects/momentum-tracker/reports/2025-11-12_report.xlsx
[2025-11-12 14:45:15] Saved 86 entries to /home/gokhan/Side-Projects/momentum-tracker/reports/2025-11-12_report.xlsx
[2025-11-12 15:00:00] Triggering popup at 15:00
[2025-11-12 15:00:39] Saved 87 entries to /home/gokhan/Side-Projects/momentum-tracker/reports/2025-11-12_report.xlsx
[2025-11-12 15:15:00] Triggering popup at 15:15
[2025-11-12 15:16:38] Saved 88 entries to /home/gokhan/Side-Projects/momentum-tracker/reports/2025-11-12_report.xlsx
[2025-11-12 15:30:00] Triggering popup at 15:30
[2025-11-12 15:45:00] Triggering popup at 15:45
[2025-11-12 15:46:53] Saved 89 entries to /home/gokhan/Side-Projects/momentum-tracker/reports/2025-11-12_report.xlsx
[2025-11-12 15:46:55] Saved 90 entries to /home/gokhan/Side-Projects/momentum-tracker/reports/2025-11-12_report.xlsx
[2025-11-12 16:00:00] Triggering popup at 16:00
[2025-11-12 16:04:29] Saved 91 entries to /home/gokhan/Side-Projects/momentum-tracker/reports/2025-11-12_report.xlsx
[2025-11-12 16:15:00] Triggering popup at 16:15
[2025-11-12 16:15:06] Saved 92 entries to /home/gokhan/Side-Projects/momentum-tracker/reports/2025-11-12_report.xlsx
[2025-11-12 16:30:00] Triggering popup at 16:30
[2025-11-12 16:30:08] Saved 93 entries to /home/gokhan/Side-Projects/momentum-tracker/reports/2025-11-12_report.xlsx
[2025-11-12 16:45:00] Triggering popup at 16:45
[2025-11-12 16:51:24] Saved 94 entries to /home/gokhan/Side-Projects/momentum-tracker/reports/2025-11-12_report.xlsx
[2025-11-12 17:00:00] Triggering popup at 17:00
[2025-11-12 17:01:43] Saved 95 entries to /home/gokhan/Side-Projects/momentum-tracker/reports/2025-11-12_report.xlsx
[2025-11-12 17:15:00] Triggering popup at 17:15
[2025-11-12 17:15:02] Saved 96 entries to /home/gokhan/Side-Projects/momentum-tracker/reports/2025-11-12_report.xlsx
[2025-11-12 17:30:00] Triggering popup at 17:30
[2025-11-12 17:30:32] Saved 97 entries to /home/gokhan/Side-Projects/momentum-tracker/reports/2025-11-12_report.xlsx
[2025-11-12 17:45:00] Triggering popup at 17:45
[2025-11-12 17:45:06] Saved 98 entries to /home/gokhan/Side-Projects/momentum-tracker/reports/2025-11-12_report.xlsx
[2025-11-12 18:00:00] Triggering popup at 18:00
[2025-11-12 18:01:30] Saved 99 entries to /home/gokhan/Side-Projects/momentum-tracker/reports/2025-11-12_report.xlsx
[2025-11-12 18:15:00] Triggering popup at 18:15
[2025-11-12 18:15:04] Saved 100 entries to /home/gokhan/Side-Projects/momentum-tracker/reports/2025-11-12_report.xlsx
[2025-11-12 18:30:00] Triggering popup at 18:30
[2025-11-12 18:30:07] Saved 101 entries to /home/gokhan/Side-Projects/momentum-tracker/reports/2025-11-12_report.xlsx
[2025-11-12 18:45:00] Triggering popup at 18:45
[2025-11-12 19:00:00] Triggering popup at 19:00
[2025-11-12 19:08:19] Saved 102 entries to /home/gokhan/Side-Projects/momentum-tracker/reports/2025-11-12_report.xlsx
[2025-11-12 19:08:24] Saved 103 entries to /home/gokhan/Side-Projects/momentum-tracker/reports/2025-11-12_report.xlsx
[2025-11-12 19:15:00] Triggering popup at 19:15
[2025-11-12 19:27:58] Saved 104 entries to /home/gokhan/Side-Projects/momentum-tracker/reports/2025-11-12_report.xlsx
[2025-11-12 19:30:00] Triggering popup at 19:30
[2025-11-12 19:30:54] Saved 105 entries to /home/gokhan/Side-Projects/momentum-tracker/reports/2025-11-12_report.xlsx
[2025-11-12 19:45:00] Triggering popup at 19:45
[2025-11-12 19:45:03] Saved 106 entries to /home/gokhan/Side-Projects/momentum-tracker/reports/2025-11-12_report.xlsx
[2025-11-12 20:00:00] Triggering popup at 20:00
[2025-11-12 20:00:02] Saved 107 entries to /home/gokhan/Side-Projects/momentum-tracker/reports/2025-11-12_report.xlsx
[2025-11-12 20:15:00] Triggering popup at 20:15
[2025-11-12 20:15:04] Saved 108 entries to /home/gokhan/Side-Projects/momentum-tracker/reports/2025-11-12_report.xlsx
[2025-11-12 20:30:00] Triggering popup at 20:30
[2025-11-12 20:30:03] Saved 109 entries to /home/gokhan/Side-Projects/momentum-tracker/reports/2025-11-12_report.xlsx
[2025-11-12 20:45:00] Triggering popup at 20:45
[2025-11-12 21:00:00] Triggering popup at 21:00
[2025-11-12 21:14:33] Saved 110 entries to /home/gokhan/Side-Projects/momentum-tracker/reports/2025-11-12_report.xlsx
[2025-11-12 21:14:37] Saved 111 entries to /home/gokhan/Side-Projects/momentum-tracker/reports/2025-11-12_report.xlsx
[2025-11-12 21:15:00] Triggering popup at 21:15
[2025-11-12 21:15:23] Saved 112 entries to /home/gokhan/Side-Projects/momentum-tracker/reports/2025-11-12_report.xlsx
[2025-11-12 21:30:00] Triggering popup at 21:30
[2025-11-12 21:30:03] Saved 113 entries to /home/gokhan/Side-Projects/momentum-tracker/reports/2025-11-12_report.xlsx
[2025-11-12 21:45:00] Triggering popup at 21:45
[2025-11-12 21:45:03] Saved 114 entries to /home/gokhan/Side-Projects/momentum-tracker/reports/2025-11-12_report.xlsx
[2025-11-12 22:00:00] Triggering popup at 22:00
[2025-11-12 22:00:03] Saved 115 entries to /home/gokhan/Side-Projects/momentum-tracker/reports/2025-11-12_report.xlsx
[2025-11-12 22:15:00] Triggering popup at 22:15
[2025-11-12 22:30:00] Triggering popup at 22:30
[2025-11-12 22:45:00] Triggering popup at 22:45
[2025-11-12 23:00:00] Triggering popup at 23:00
[2025-11-12 23:15:00] Triggering popup at 23:15
[2025-11-13 00:56:03] Momentum Tracker started successfully.
[2025-11-13 01:00:03] Triggering popup at 01:00
[2025-11-13 01:01:21] Saved 1 entries to /home/gokhan/Side-Projects/momentum-tracker/reports/2025-11-13_report.xlsx
[2025-11-13 01:15:03] Triggering popup at 01:15
[2025-11-13 01:15:06] Saved 2 entries to /home/gokhan/Side-Projects/momentum-tracker/reports/2025-11-13_report.xlsx
[2025-11-13 01:30:03] Triggering popup at 01:30
[2025-11-13 01:30:08] Saved 3 entries to /home/gokhan/Side-Projects/momentum-tracker/reports/2025-11-13_report.xlsx
[2025-11-13 01:45:03] Triggering popup at 01:45
[2025-11-13 01:52:20] Saved 4 entries to /home/gokhan/Side-Projects/momentum-tracker/reports/2025-11-13_report.xlsx
[2025-11-13 02:00:03] Triggering popup at 02:00
[2025-11-13 02:02:40] Saved 5 entries to /home/gokhan/Side-Projects/momentum-tracker/reports/2025-11-13_report.xlsx
[2025-11-13 02:15:03] Triggering popup at 02:15
[2025-11-13 02:16:52] Saved 6 entries to /home/gokhan/Side-Projects/momentum-tracker/reports/2025-11-13_report.xlsx
[2025-11-13 02:30:03] Triggering popup at 02:30
[2025-11-13 02:34:39] Saved 7 entries to /home/gokhan/Side-Projects/momentum-tracker/reports/2025-11-13_report.xlsx
[2025-11-13 09:28:23] Loaded 7 previous entries from /home/gokhan/Side-Projects/momentum-tracker/reports/2025-11-13_report.xlsx
[2025-11-13 09:28:23] Momentum Tracker started successfully.
[2025-11-13 09:30:03] Triggering popup at 09:30
[2025-11-13 09:30:33] Saved 8 entries to /home/gokhan/Side-Projects/momentum-tracker/reports/2025-11-13_report.xlsx
[2025-11-13 09:45:03] Triggering popup at 09:45
[2025-11-13 10:00:03] Triggering popup at 10:00
[2025-11-13 10:15:03] Triggering popup at 10:15
[2025-11-13 10:30:03] Triggering popup at 10:30
[2025-11-13 10:45:03] Triggering popup at 10:45
[2025-11-13 11:00:03] Triggering popup at 11:00
[2025-11-13 11:13:32] Saved 9 entries to /home/gokhan/Side-Projects/momentum-tracker/reports/2025-11-13_report.xlsx
[2025-11-13 11:13:34] Saved 10 entries to /home/gokhan/Side-Projects/momentum-tracker/reports/2025-11-13_report.xlsx
[2025-11-13 11:13:36] Saved 11 entries to /home/gokhan/Side-Projects/momentum-tracker/reports/2025-11-13_report.xlsx
[2025-11-13 11:13:45] Saved 12 entries to /home/gokhan/Side-Projects/momentum-tracker/reports/2025-11-13_report.xlsx
[2025-11-13 11:13:46] Saved 13 entries to /home/gokhan/Side-Projects/momentum-tracker/reports/2025-11-13_report.xlsx
[2025-11-13 11:15:03] Triggering popup at 11:15
[2025-11-13 11:30:03] Triggering popup at 11:30
[2025-11-13 11:33:29] Saved 14 entries to /home/gokhan/Side-Projects/momentum-tracker/reports/2025-11-13_report.xlsx
[2025-11-13 11:33:32] Saved 15 entries to /home/gokhan/Side-Projects/momentum-tracker/reports/2025-11-13_report.xlsx
[2025-11-13 11:45:03] Triggering popup at 11:45
[2025-11-13 11:54:26] Saved 16 entries to /home/gokhan/Side-Projects/momentum-tracker/reports/2025-11-13_report.xlsx
[2025-11-13 12:00:03] Triggering popup at 12:00
[2025-11-13 12:15:03] Triggering popup at 12:15
[2025-11-13 12:19:43] Saved 17 entries to /home/gokhan/Side-Projects/momentum-tracker/reports/2025-11-13_report.xlsx
[2025-11-13 12:19:46] Saved 18 entries to /home/gokhan/Side-Projects/momentum-tracker/reports/2025-11-13_report.xlsx
[2025-11-13 12:30:03] Triggering popup at 12:30
[2025-11-13 12:45:03] Triggering popup at 12:45
[2025-11-13 13:00:03] Triggering popup at 13:00
[2025-11-13 13:13:02] Saved 19 entries to /home/gokhan/Side-Projects/momentum-tracker/reports/2025-11-13_report.xlsx
[2025-11-13 13:13:07] Saved 20 entries to /home/gokhan/Side-Projects/momentum-tracker/reports/2025-11-13_report.xlsx
[2025-11-13 13:13:12] Saved 21 entries to /home/gokhan/Side-Projects/momentum-tracker/reports/2025-11-13_report.xlsx
[2025-11-13 14:47:51] Loaded 21 previous entries from /home/gokhan/Side-Projects/momentum-tracker/reports/2025-11-13_report.xlsx
[2025-11-13 14:47:51] Momentum Tracker started successfully.
[2025-11-13 14:54:02] Loaded 21 previous entries from /home/gokhan/Side-Projects/momentum-tracker/reports/2025-11-13_report.xlsx
[2025-11-13 14:54:02] Momentum Tracker started successfully.
[2025-11-13 14:58:19] Loaded 21 previous entries from /home/gokhan/Side-Projects/momentum-tracker/reports/2025-11-13_report.xlsx
[2025-11-13 14:58:19] Momentum Tracker started successfully.
[2025-11-13 15:00:03] Triggering popup at 15:00
[2025-11-13 15:00:06] Saved 22 entries to /home/gokhan/Side-Projects/momentum-tracker/reports/2025-11-13_report.xlsx
[2025-11-13 15:15:04] Triggering popup at 15:15
[2025-11-13 15:22:57] Saved 23 entries to /home/gokhan/Side-Projects/momentum-tracker/reports/2025-11-13_report.xlsx
[2025-11-13 15:30:04] Triggering popup at 15:30
[2025-11-13 15:30:08] Saved 24 entries to /home/gokhan/Side-Projects/momentum-tracker/reports/2025-11-13_report.xlsx
[2025-11-13 15:45:04] Triggering popup at 15:45
[2025-11-13 15:45:07] Saved 25 entries to /home/gokhan/Side-Projects/momentum-tracker/reports/2025-11-13_report.xlsx
[2025-11-13 15:51:21] Loaded 25 previous entries from /home/gokhan/Side-Projects/momentum-tracker/reports/2025-11-13_report.xlsx
[2025-11-13 15:51:21] Momentum Tracker started successfully.
[2025-11-13 16:00:01] Triggering popup at 16:00
[2025-11-13 16:00:03] Saved 26 entries to /home/gokhan/Side-Projects/momentum-tracker/reports/2025-11-13_report.xlsx
[2025-11-13 16:15:01] Triggering popup at 16:15
[2025-11-13 16:15:04] Saved 27 entries to /home/gokhan/Side-Projects/momentum-tracker/reports/2025-11-13_report.xlsx
[2025-11-13 16:30:01] Triggering popup at 16:30
[2025-11-13 16:30:07] Saved 28 entries to /home/gokhan/Side-Projects/momentum-tracker/reports/2025-11-13_report.xlsx
[2025-11-13 16:45:01] Triggering popup at 16:45
[2025-11-13 16:45:12] Saved 29 entries to /home/gokhan/Side-Projects/momentum-tracker/reports/2025-11-13_report.xlsx
[2025-11-13 17:00:01] Triggering popup at 17:00
[2025-11-13 17:00:08] Saved 30 entries to /home/gokhan/Side-Projects/momentum-tracker/reports/2025-11-13_report.xlsx
[2025-11-13 17:15:01] Triggering popup at 17:15
[2025-11-13 17:15:06] Saved 31 entries to /home/gokhan/Side-Projects/momentum-tracker/reports/2025-11-13_report.xlsx
[2025-11-13 17:30:01] Triggering popup at 17:30
[2025-11-13 17:30:34] Saved 32 entries to /home/gokhan/Side-Projects/momentum-tracker/reports/2025-11-13_report.xlsx
[2025-11-13 18:18:25] Loaded 32 previous entries from /home/gokhan/Side-Projects/momentum-tracker/reports/2025-11-13_report.xlsx
[2025-11-13 18:18:25] Momentum Tracker started successfully.
[2025-11-13 18:30:00] Triggering popup at 18:30
[2025-11-13 18:45:00] Triggering popup at 18:45
[2025-11-13 19:00:00] Triggering popup at 19:00
[2025-11-13 19:07:21] Saved 33 entries to /home/gokhan/Side-Projects/momentum-tracker/reports/2025-11-13_report.xlsx
[2025-11-13 19:07:24] Saved 34 entries to /home/gokhan/Side-Projects/momentum-tracker/reports/2025-11-13_report.xlsx
[2025-11-13 19:07:27] Saved 35 entries to /home/gokhan/Side-Projects/momentum-tracker/reports/2025-11-13_report.xlsx
[2025-11-13 19:15:00] Triggering popup at 19:15
[2025-11-13 19:30:00] Triggering popup at 19:30
[2025-11-13 19:31:10] Saved 36 entries to /home/gokhan/Side-Projects/momentum-tracker/reports/2025-11-13_report.xlsx
[2025-11-13 19:31:13] Saved 37 entries to /home/gokhan/Side-Projects/momentum-tracker/reports/2025-11-13_report.xlsx
[2025-11-13 19:45:01] Triggering popup at 19:45
[2025-11-13 19:56:16] Saved 38 entries to /home/gokhan/Side-Projects/momentum-tracker/reports/2025-11-13_report.xlsx
[2025-11-13 20:00:01] Triggering popup at 20:00
[2025-11-13 20:15:01] Triggering popup at 20:15
[2025-11-13 20:21:47] Saved 39 entries to /home/gokhan/Side-Projects/momentum-tracker/reports/2025-11-13_report.xlsx
[2025-11-13 20:21:51] Saved 40 entries to /home/gokhan/Side-Projects/momentum-tracker/reports/2025-11-13_report.xlsx
[2025-11-13 20:30:01] Triggering popup at 20:30
[2025-11-13 20:45:01] Triggering popup at 20:45
[2025-11-13 21:00:01] Triggering popup at 21:00
[2025-11-13 21:15:01] Triggering popup at 21:15
[2025-11-13 21:30:01] Triggering popup at 21:30
[2025-11-13 21:45:01] Triggering popup at 21:45
[2025-11-13 22:00:01] Triggering popup at 22:00
[2025-11-13 22:15:01] Triggering popup at 22:15
[2025-11-13 22:25:29] Saved 41 entries to /home/gokhan/Side-Projects/momentum-tracker/reports/2025-11-13_report.xlsx
[2025-11-13 22:25:31] Saved 42 entries to /home/gokhan/Side-Projects/momentum-tracker/reports/2025-11-13_report.xlsx
[2025-11-13 22:25:32] Saved 43 entries to /home/gokhan/Side-Projects/momentum-tracker/reports/2025-11-13_report.xlsx
[2025-11-13 22:25:34] Saved 44 entries to /home/gokhan/Side-Projects/momentum-tracker/reports/2025-11-13_report.xlsx
[2025-11-13 22:25:35] Saved 45 entries to /home/gokhan/Side-Projects/momentum-tracker/reports/2025-11-13_report.xlsx
[2025-11-13 22:25:36] Saved 46 entries to /home/gokhan/Side-Projects/momentum-tracker/reports/2025-11-13_report.xlsx
[2025-11-13 22:25:37] Saved 47 entries to /home/gokhan/Side-Projects/momentum-tracker/reports/2025-11-13_report.xlsx
[2025-11-13 22:25:42] Saved 48 entries to /home/gokhan/Side-Projects/momentum-tracker/reports/2025-11-13_report.xlsx
[2025-11-13 22:30:01] Triggering popup at 22:30
[2025-11-13 22:34:53] Saved 49 entries to /home/gokhan/Side-Projects/momentum-tracker/reports/2025-11-13_report.xlsx
[2025-11-13 22:45:01] Triggering popup at 22:45
[2025-11-13 23:00:01] Triggering popup at 23:00
[2025-11-13 23:15:01] Triggering popup at 23:15
[2025-11-13 23:30:01] Triggering popup at 23:30
[2025-11-13 23:30:24] Saved 50 entries to /home/gokhan/Side-Projects/momentum-tracker/reports/2025-11-13_report.xlsx
[2025-11-13 23:30:27] Saved 51 entries to /home/gokhan/Side-Projects/momentum-tracker/reports/2025-11-13_report.xlsx
[2025-11-13 23:30:30] Saved 52 entries to /home/gokhan/Side-Projects/momentum-tracker/reports/2025-11-13_report.xlsx
[2025-11-13 23:30:31] Saved 53 entries to /home/gokhan/Side-Projects/momentum-tracker/reports/2025-11-13_report.xlsx
[2025-11-13 23:45:01] Triggering popup at 23:45
[2025-11-13 23:47:55] Saved 54 entries to /home/gokhan/Side-Projects/momentum-tracker/reports/2025-11-13_report.xlsx
[2025-11-14 00:00:01] Triggering popup at 00:00
[2025-11-14 00:15:01] Triggering popup at 00:15
[2025-11-14 00:22:15] Saved 55 entries to /home/gokhan/Side-Projects/momentum-tracker/reports/2025-11-14_report.xlsx
[2025-11-14 00:22:18] Saved 56 entries to /home/gokhan/Side-Projects/momentum-tracker/reports/2025-11-14_report.xlsx
[2025-11-14 00:30:01] Triggering popup at 00:30
[2025-11-14 00:41:11] Saved 57 entries to /home/gokhan/Side-Projects/momentum-tracker/reports/2025-11-14_report.xlsx
[2025-11-14 00:45:01] Triggering popup at 00:45
[2025-11-14 00:48:54] Saved 58 entries to /home/gokhan/Side-Projects/momentum-tracker/reports/2025-11-14_report.xlsx
[2025-11-14 01:00:01] Triggering popup at 01:00
[2025-11-14 01:15:01] Triggering popup at 01:15
[2025-11-14 01:26:50] Saved 59 entries to /home/gokhan/Side-Projects/momentum-tracker/reports/2025-11-14_report.xlsx
[2025-11-14 01:26:53] Saved 60 entries to /home/gokhan/Side-Projects/momentum-tracker/reports/2025-11-14_report.xlsx
[2025-11-14 01:30:01] Triggering popup at 01:30
[2025-11-14 01:30:37] Saved 61 entries to /home/gokhan/Side-Projects/momentum-tracker/reports/2025-11-14_report.xlsx
[2025-11-14 01:45:01] Triggering popup at 01:45
[2025-11-14 01:45:04] Saved 62 entries to /home/gokhan/Side-Projects/momentum-tracker/reports/2025-11-14_report.xlsx
[2025-11-14 02:00:01] Triggering popup at 02:00
[2025-11-14 02:00:04] Saved 63 entries to /home/gokhan/Side-Projects/momentum-tracker/reports/2025-11-14_report.xlsx
[2025-11-14 02:15:01] Triggering popup at 02:15
[2025-11-14 02:30:01] Triggering popup at 02:30
[2025-11-14 02:45:01] Triggering popup at 02:45
[2025-11-14 03:00:01] Triggering popup at 03:00
[2025-11-14 03:15:01] Triggering popup at 03:15
[2025-11-14 03:30:01] Triggering popup at 03:30
[2025-11-14 03:45:01] Triggering popup at 03:45
[2025-11-14 04:00:01] Triggering popup at 04:00
[2025-11-14 04:15:01] Triggering popup at 04:15
[2025-11-14 04:30:01] Triggering popup at 04:30
[2025-11-14 04:45:01] Triggering popup at 04:45
[2025-11-14 05:00:01] Triggering popup at 05:00
[2025-11-14 05:15:02] Triggering popup at 05:15
[2025-11-14 05:30:02] Triggering popup at 05:30
[2025-11-14 05:45:02] Triggering popup at 05:45
[2025-11-14 06:00:02] Triggering popup at 06:00
[2025-11-14 06:15:02] Triggering popup at 06:15
[2025-11-14 06:30:02] Triggering popup at 06:30
[2025-11-14 06:45:02] Triggering popup at 06:45
[2025-11-14 07:00:02] Triggering popup at 07:00
[2025-11-14 07:15:02] Triggering popup at 07:15
[2025-11-14 07:30:02] Triggering popup at 07:30
[2025-11-14 07:45:02] Triggering popup at 07:45
[2025-11-14 08:00:02] Triggering popup at 08:00
[2025-11-14 08:15:02] Triggering popup at 08:15
[2025-11-14 08:30:02] Triggering popup at 08:30
[2025-11-14 08:45:02] Triggering popup at 08:45
[2025-11-14 09:00:02] Triggering popup at 09:00
[2025-11-14 09:15:02] Triggering popup at 09:15
[2025-11-14 09:30:02] Triggering popup at 09:30
[2025-11-14 09:45:02] Triggering popup at 09:45
[2025-11-14 09:55:38] Saved 64 entries to /home/gokhan/Side-Projects/momentum-tracker/reports/2025-11-14_report.xlsx
[2025-11-14 10:00:02] Triggering popup at 10:00
[2025-11-14 10:00:47] Saved 65 entries to /home/gokhan/Side-Projects/momentum-tracker/reports/2025-11-14_report.xlsx
[2025-11-14 10:15:02] Triggering popup at 10:15
[2025-11-14 10:30:02] Triggering popup at 10:30
[2025-11-14 10:30:12] Saved 66 entries to /home/gokhan/Side-Projects/momentum-tracker/reports/2025-11-14_report.xlsx
[2025-11-14 10:30:16] Saved 67 entries to /home/gokhan/Side-Projects/momentum-tracker/reports/2025-11-14_report.xlsx
[2025-11-14 10:45:02] Triggering popup at 10:45
[2025-11-14 11:00:02] Triggering popup at 11:00
[2025-11-14 11:05:24] Saved 68 entries to /home/gokhan/Side-Projects/momentum-tracker/reports/2025-11-14_report.xlsx
[2025-11-14 11:05:28] Saved 69 entries to /home/gokhan/Side-Projects/momentum-tracker/reports/2025-11-14_report.xlsx
[2025-11-14 11:15:02] Triggering popup at 11:15
[2025-11-14 11:30:02] Triggering popup at 11:30
[2025-11-14 11:45:02] Triggering popup at 11:45
[2025-11-14 11:55:52] Saved 70 entries to /home/gokhan/Side-Projects/momentum-tracker/reports/2025-11-14_report.xlsx
[2025-11-14 11:55:54] Saved 71 entries to /home/gokhan/Side-Projects/momentum-tracker/reports/2025-11-14_report.xlsx
[2025-11-14 11:55:55] Saved 72 entries to /home/gokhan/Side-Projects/momentum-tracker/reports/2025-11-14_report.xlsx
[2025-11-14 12:00:02] Triggering popup at 12:00
[2025-11-14 12:00:04] Saved 73 entries to /home/gokhan/Side-Projects/momentum-tracker/reports/2025-11-14_report.xlsx
[2025-11-14 12:15:02] Triggering popup at 12:15
[2025-11-14 12:26:05] Saved 74 entries to /home/gokhan/Side-Projects/momentum-tracker/reports/2025-11-14_report.xlsx
[2025-11-14 12:30:02] Triggering popup at 12:30
[2025-11-14 12:38:40] Saved 75 entries to /home/gokhan/Side-Projects/momentum-tracker/reports/2025-11-14_report.xlsx
[2025-11-14 12:45:02] Triggering popup at 12:45
[2025-11-14 13:00:02] Triggering popup at 13:00
[2025-11-14 13:15:02] Triggering popup at 13:15
[2025-11-14 13:21:27] Saved 76 entries to /home/gokhan/Side-Projects/momentum-tracker/reports/2025-11-14_report.xlsx
[2025-11-14 13:21:30] Saved 77 entries to /home/gokhan/Side-Projects/momentum-tracker/reports/2025-11-14_report.xlsx
[2025-11-14 13:21:33] Saved 78 entries to /home/gokhan/Side-Projects/momentum-tracker/reports/2025-11-14_report.xlsx
[2025-11-14 13:30:02] Triggering popup at 13:30
[2025-11-14 13:41:32] Saved 79 entries to /home/gokhan/Side-Projects/momentum-tracker/reports/2025-11-14_report.xlsx
[2025-11-14 13:45:02] Triggering popup at 13:45
[2025-11-14 14:00:02] Triggering popup at 14:00
[2025-11-14 14:09:11] Saved 80 entries to /home/gokhan/Side-Projects/momentum-tracker/reports/2025-11-14_report.xlsx
[2025-11-14 14:09:12] Saved 81 entries to /home/gokhan/Side-Projects/momentum-tracker/reports/2025-11-14_report.xlsx
[2025-11-14 14:15:02] Triggering popup at 14:15
[2025-11-14 14:22:51] Saved 82 entries to /home/gokhan/Side-Projects/momentum-tracker/reports/2025-11-14_report.xlsx
[2025-11-14 14:30:03] Triggering popup at 14:30
[2025-11-14 14:31:39] Saved 83 entries to /home/gokhan/Side-Projects/momentum-tracker/reports/2025-11-14_report.xlsx
[2025-11-14 14:45:03] Triggering popup at 14:45
[2025-11-14 14:45:34] Saved 84 entries to /home/gokhan/Side-Projects/momentum-tracker/reports/2025-11-14_report.xlsx
[2025-11-14 14:55:48] Loaded 84 previous entries from /home/gokhan/Side-Projects/momentum-tracker/reports/2025-11-14_report.xlsx
[2025-11-14 14:55:48] Momentum Tracker started successfully.
[2025-11-14 15:00:03] Triggering popup at 15:00
[2025-11-14 15:01:16] Saved 85 entries to /home/gokhan/Side-Projects/momentum-tracker/reports/2025-11-14_report.xlsx
[2025-11-14 15:15:03] Triggering popup at 15:15
[2025-11-14 15:15:07] Saved 86 entries to /home/gokhan/Side-Projects/momentum-tracker/reports/2025-11-14_report.xlsx
[2025-11-14 15:30:03] Triggering popup at 15:30
[2025-11-14 15:30:05] Saved 87 entries to /home/gokhan/Side-Projects/momentum-tracker/reports/2025-11-14_report.xlsx
[2025-11-14 15:45:03] Triggering popup at 15:45
[2025-11-14 15:45:07] Saved 88 entries to /home/gokhan/Side-Projects/momentum-tracker/reports/2025-11-14_report.xlsx
[2025-11-14 16:00:03] Triggering popup at 16:00
[2025-11-14 16:00:27] Saved 89 entries to /home/gokhan/Side-Projects/momentum-tracker/reports/2025-11-14_report.xlsx
[2025-11-14 16:15:03] Triggering popup at 16:15
[2025-11-14 16:20:58] Saved 90 entries to /home/gokhan/Side-Projects/momentum-tracker/reports/2025-11-14_report.xlsx
[2025-11-14 16:30:03] Triggering popup at 16:30
[2025-11-14 16:31:20] Saved 91 entries to /home/gokhan/Side-Projects/momentum-tracker/reports/2025-11-14_report.xlsx
[2025-11-14 16:45:03] Triggering popup at 16:45
[2025-11-14 16:45:06] Saved 92 entries to /home/gokhan/Side-Projects/momentum-tracker/reports/2025-11-14_report.xlsx
[2025-11-14 17:00:03] Triggering popup at 17:00
[2025-11-14 17:00:24] Saved 93 entries to /home/gokhan/Side-Projects/momentum-tracker/reports/2025-11-14_report.xlsx
[2025-11-14 17:15:03] Triggering popup at 17:15
[2025-11-14 17:21:34] Saved 94 entries to /home/gokhan/Side-Projects/momentum-tracker/reports/2025-11-14_report.xlsx
[2025-11-14 17:30:03] Triggering popup at 17:30
[2025-11-14 17:45:03] Triggering popup at 17:45
[2025-11-14 18:00:03] Triggering popup at 18:00
[2025-11-14 18:00:50] Saved 95 entries to /home/gokhan/Side-Projects/momentum-tracker/reports/2025-11-14_report.xlsx
[2025-11-14 18:00:52] Saved 96 entries to /home/gokhan/Side-Projects/momentum-tracker/reports/2025-11-14_report.xlsx
[2025-11-14 18:00:54] Saved 97 entries to /home/gokhan/Side-Projects/momentum-tracker/reports/2025-11-14_report.xlsx
[2025-11-14 18:15:03] Triggering popup at 18:15
[2025-11-14 18:15:07] Saved 98 entries to /home/gokhan/Side-Projects/momentum-tracker/reports/2025-11-14_report.xlsx
[2025-11-14 18:30:03] Triggering popup at 18:30
[2025-11-14 18:30:06] Saved 99 entries to /home/gokhan/Side-Projects/momentum-tracker/reports/2025-11-14_report.xlsx
[2025-11-14 18:45:03] Triggering popup at 18:45
[2025-11-14 18:50:58] Saved 100 entries to /home/gokhan/Side-Projects/momentum-tracker/reports/2025-11-14_report.xlsx
[2025-11-14 19:00:03] Triggering popup at 19:00
[2025-11-14 19:03:54] Saved 101 entries to /home/gokhan/Side-Projects/momentum-tracker/reports/2025-11-14_report.xlsx
[2025-11-14 19:15:03] Triggering popup at 19:15
[2025-11-14 19:20:57] Saved 102 entries to /home/gokhan/Side-Projects/momentum-tracker/reports/2025-11-14_report.xlsx
[2025-11-14 19:30:03] Triggering popup at 19:30
[2025-11-14 19:33:16] Saved 103 entries to /home/gokhan/Side-Projects/momentum-tracker/reports/2025-11-14_report.xlsx
[2025-11-14 19:45:03] Triggering popup at 19:45
[2025-11-14 20:00:03] Triggering popup at 20:00
[2025-11-14 20:07:09] Saved 104 entries to /home/gokhan/Side-Projects/momentum-tracker/reports/2025-11-14_report.xlsx
[2025-11-14 20:07:12] Saved 105 entries to /home/gokhan/Side-Projects/momentum-tracker/reports/2025-11-14_report.xlsx
[2025-11-14 20:15:03] Triggering popup at 20:15
[2025-11-14 20:15:11] Saved 106 entries to /home/gokhan/Side-Projects/momentum-tracker/reports/2025-11-14_report.xlsx
[2025-11-14 20:30:03] Triggering popup at 20:30
[2025-11-14 20:30:08] Saved 107 entries to /home/gokhan/Side-Projects/momentum-tracker/reports/2025-11-14_report.xlsx
[2025-11-14 20:45:03] Triggering popup at 20:45
[2025-11-14 20:45:25] Saved 108 entries to /home/gokhan/Side-Projects/momentum-tracker/reports/2025-11-14_report.xlsx
[2025-11-14 21:00:03] Triggering popup at 21:00
[2025-11-14 21:03:30] Saved 109 entries to /home/gokhan/Side-Projects/momentum-tracker/reports/2025-11-14_report.xlsx
[2025-11-14 21:15:03] Triggering popup at 21:15
[2025-11-14 21:15:07] Saved 110 entries to /home/gokhan/Side-Projects/momentum-tracker/reports/2025-11-14_report.xlsx
[2025-11-14 21:30:04] Triggering popup at 21:30
[2025-11-14 21:32:00] Saved 111 entries to /home/gokhan/Side-Projects/momentum-tracker/reports/2025-11-14_report.xlsx
[2025-11-14 21:45:04] Triggering popup at 21:45
[2025-11-14 21:46:40] Saved 112 entries to /home/gokhan/Side-Projects/momentum-tracker/reports/2025-11-14_report.xlsx
[2025-11-14 22:00:04] Triggering popup at 22:00
[2025-11-14 22:00:58] Saved 113 entries to /home/gokhan/Side-Projects/momentum-tracker/reports/2025-11-14_report.xlsx
[2025-11-14 22:15:04] Triggering popup at 22:15
[2025-11-14 22:15:06] Saved 114 entries to /home/gokhan/Side-Projects/momentum-tracker/reports/2025-11-14_report.xlsx
[2025-11-14 22:30:04] Triggering popup at 22:30
[2025-11-14 22:30:08] Saved 115 entries to /home/gokhan/Side-Projects/momentum-tracker/reports/2025-11-14_report.xlsx
[2025-11-14 22:45:04] Triggering popup at 22:45
[2025-11-14 22:45:07] Saved 116 entries to /home/gokhan/Side-Projects/momentum-tracker/reports/2025-11-14_report.xlsx
[2025-11-14 23:00:04] Triggering popup at 23:00
[2025-11-14 23:00:54] Saved 117 entries to /home/gokhan/Side-Projects/momentum-tracker/reports/2025-11-14_report.xlsx
[2025-11-14 23:15:04] Triggering popup at 23:15
[2025-11-14 23:15:23] Saved 118 entries to /home/gokhan/Side-Projects/momentum-tracker/reports/2025-11-14_report.xlsx
[2025-11-14 23:30:04] Triggering popup at 23:30
[2025-11-14 23:30:10] Saved 119 entries to /home/gokhan/Side-Projects/momentum-tracker/reports/2025-11-14_report.xlsx
[2025-11-14 23:45:04] Triggering popup at 23:45
[2025-11-14 23:45:07] Saved 120 entries to /home/gokhan/Side-Projects/momentum-tracker/reports/2025-11-14_report.xlsx
[2025-11-15 00:00:04] Triggering popup at 00:00
[2025-11-15 00:00:08] Saved 121 entries to /home/gokhan/Side-Projects/momentum-tracker/reports/2025-11-15_report.xlsx
[2025-11-15 00:15:04] Triggering popup at 00:15
[2025-11-15 00:30:04] Triggering popup at 00:30
[2025-11-15 00:32:32] Saved 122 entries to /home/gokhan/Side-Projects/momentum-tracker/reports/2025-11-15_report.xlsx
[2025-11-15 00:32:34] Saved 123 entries to /home/gokhan/Side-Projects/momentum-tracker/reports/2025-11-15_report.xlsx
[2025-11-15 00:45:04] Triggering popup at 00:45
[2025-11-15 00:45:06] Saved 124 entries to /home/gokhan/Side-Projects/momentum-tracker/reports/2025-11-15_report.xlsx
[2025-11-15 01:00:04] Triggering popup at 01:00
[2025-11-15 01:00:09] Saved 125 entries to /home/gokhan/Side-Projects/momentum-tracker/reports/2025-11-15_report.xlsx
[2025-11-15 01:15:04] Triggering popup at 01:15
[2025-11-15 01:30:04] Triggering popup at 01:30
[2025-11-15 01:45:04] Triggering popup at 01:45
[2025-11-15 10:00:01] Loaded 125 previous entries from /home/gokhan/Side-Projects/momentum-tracker/reports/2025-11-15_report.xlsx
[2025-11-15 10:00:01] Triggering popup at 10:00
[2025-11-15 10:00:01] Momentum Tracker started successfully.
[2025-11-15 10:00:05] Saved 126 entries to /home/gokhan/Side-Projects/momentum-tracker/reports/2025-11-15_report.xlsx
[2025-11-15 10:15:01] Triggering popup at 10:15
[2025-11-15 10:30:01] Triggering popup at 10:30
[2025-11-15 10:45:01] Triggering popup at 10:45
[2025-11-15 10:55:30] Saved 127 entries to /home/gokhan/Side-Projects/momentum-tracker/reports/2025-11-15_report.xlsx
[2025-11-15 10:55:33] Saved 128 entries to /home/gokhan/Side-Projects/momentum-tracker/reports/2025-11-15_report.xlsx
[2025-11-15 10:55:40] Saved 129 entries to /home/gokhan/Side-Projects/momentum-tracker/reports/2025-11-15_report.xlsx
[2025-11-15 11:00:01] Triggering popup at 11:00
[2025-11-15 11:05:04] Saved 130 entries to /home/gokhan/Side-Projects/momentum-tracker/reports/2025-11-15_report.xlsx
[2025-11-15 12:30:25] Loaded 130 previous entries from /home/gokhan/Side-Projects/momentum-tracker/reports/2025-11-15_report.xlsx
[2025-11-15 12:30:25] Triggering popup at 12:30
[2025-11-15 12:30:25] Momentum Tracker started successfully.
[2025-11-15 12:30:31] Saved 131 entries to /home/gokhan/Side-Projects/momentum-tracker/reports/2025-11-15_report.xlsx
[2025-11-15 12:45:00] Triggering popup at 12:45
[2025-11-15 13:00:00] Triggering popup at 13:00
[2025-11-15 13:15:00] Triggering popup at 13:15
[2025-11-15 13:23:13] Saved 132 entries to /home/gokhan/Side-Projects/momentum-tracker/reports/2025-11-15_report.xlsx
[2025-11-15 13:23:16] Saved 133 entries to /home/gokhan/Side-Projects/momentum-tracker/reports/2025-11-15_report.xlsx
[2025-11-15 13:23:18] Saved 134 entries to /home/gokhan/Side-Projects/momentum-tracker/reports/2025-11-15_report.xlsx
[2025-11-15 13:27:42] Loaded 134 previous entries from /home/gokhan/Side-Projects/momentum-tracker/reports/2025-11-15_report.xlsx
[2025-11-15 13:27:42] Momentum Tracker started successfully.
[2025-11-15 13:30:02] Triggering popup at 13:30
[2025-11-15 13:45:02] Triggering popup at 13:45
[2025-11-15 13:49:45] Saved 135 entries to /home/gokhan/Side-Projects/momentum-tracker/reports/2025-11-15_report.xlsx
[2025-11-15 13:49:48] Saved 136 entries to /home/gokhan/Side-Projects/momentum-tracker/reports/2025-11-15_report.xlsx
[2025-11-15 14:00:02] Triggering popup at 14:00
[2025-11-15 14:00:07] Saved 137 entries to /home/gokhan/Side-Projects/momentum-tracker/reports/2025-11-15_report.xlsx
[2025-11-15 17:17:39] Loaded 137 previous entries from /home/gokhan/Side-Projects/momentum-tracker/reports/2025-11-15_report.xlsx
[2025-11-15 17:17:39] Momentum Tracker started successfully.
[2025-11-15 17:30:04] Triggering popup at 17:30
[2025-11-15 17:45:04] Triggering popup at 17:45
[2025-11-15 18:00:04] Triggering popup at 18:00
[2025-11-15 18:15:04] Triggering popup at 18:15
[2025-11-15 18:26:00] Saved 138 entries to /home/gokhan/Side-Projects/momentum-tracker/reports/2025-11-15_report.xlsx
[2025-11-15 18:26:03] Saved 139 entries to /home/gokhan/Side-Projects/momentum-tracker/reports/2025-11-15_report.xlsx
[2025-11-15 18:30:04] Triggering popup at 18:30
[2025-11-15 18:45:04] Triggering popup at 18:45
[2025-11-15 19:00:04] Triggering popup at 19:00
[2025-11-15 19:15:04] Triggering popup at 19:15
[2025-11-15 19:30:04] Triggering popup at 19:30
[2025-11-15 19:45:04] Triggering popup at 19:45
[2025-11-15 20:00:04] Triggering popup at 20:00
[2025-11-15 20:15:04] Triggering popup at 20:15
[2025-11-15 20:30:04] Triggering popup at 20:30
[2025-11-15 20:45:04] Triggering popup at 20:45
[2025-11-15 21:00:04] Triggering popup at 21:00
[2025-11-15 21:15:04] Triggering popup at 21:15
[2025-11-15 21:30:04] Triggering popup at 21:30
[2025-11-15 21:45:04] Triggering popup at 21:45
[2025-11-15 22:00:04] Triggering popup at 22:00
[2025-11-15 23:29:11] Loaded 139 previous entries from /home/gokhan/Side-Projects/momentum-tracker/reports/2025-11-15_report.xlsx
[2025-11-15 23:29:11] Momentum Tracker started successfully.
[2025-11-15 23:30:01] Triggering popup at 23:30
[2025-11-15 23:30:06] Saved 140 entries to /home/gokhan/Side-Projects/momentum-tracker/reports/2025-11-15_report.xlsx
[2025-11-15 23:45:01] Triggering popup at 23:45
[2025-11-15 23:45:06] Saved 141 entries to /home/gokhan/Side-Projects/momentum-tracker/reports/2025-11-15_report.xlsx
[2025-11-16 00:00:01] Triggering popup at 00:00
[2025-11-16 00:08:51] Saved 142 entries to /home/gokhan/Side-Projects/momentum-tracker/reports/2025-11-16_report.xlsx
[2025-11-16 00:15:01] Triggering popup at 00:15
[2025-11-16 00:15:06] Saved 143 entries to /home/gokhan/Side-Projects/momentum-tracker/reports/2025-11-16_report.xlsx
[2025-11-16 00:30:01] Triggering popup at 00:30
[2025-11-16 00:30:18] Saved 144 entries to /home/gokhan/Side-Projects/momentum-tracker/reports/2025-11-16_report.xlsx
[2025-11-16 00:45:01] Triggering popup at 00:45
[2025-11-16 00:47:14] Saved 145 entries to /home/gokhan/Side-Projects/momentum-tracker/reports/2025-11-16_report.xlsx
[2025-11-16 01:00:01] Triggering popup at 01:00
[2025-11-16 01:00:08] Saved 146 entries to /home/gokhan/Side-Projects/momentum-tracker/reports/2025-11-16_report.xlsx
[2025-11-16 01:15:01] Triggering popup at 01:15
[2025-11-16 01:21:11] Saved 147 entries to /home/gokhan/Side-Projects/momentum-tracker/reports/2025-11-16_report.xlsx
[2025-11-16 01:30:01] Triggering popup at 01:30
[2025-11-16 01:30:11] Saved 148 entries to /home/gokhan/Side-Projects/momentum-tracker/reports/2025-11-16_report.xlsx
[2025-11-16 01:45:01] Triggering popup at 01:45
[2025-11-16 02:00:01] Triggering popup at 02:00
[2025-11-16 02:15:01] Triggering popup at 02:15
[2025-11-16 02:30:01] Triggering popup at 02:30
[2025-11-16 02:45:01] Triggering popup at 02:45
[2025-11-16 03:00:01] Triggering popup at 03:00
[2025-11-16 10:31:51] Loaded 148 previous entries from /home/gokhan/Side-Projects/momentum-tracker/reports/2025-11-16_report.xlsx
[2025-11-16 10:31:51] Momentum Tracker started successfully.
[2025-11-16 10:45:01] Triggering popup at 10:45
[2025-11-16 10:53:13] Saved 149 entries to /home/gokhan/Side-Projects/momentum-tracker/reports/2025-11-16_report.xlsx
[2025-11-16 11:00:01] Triggering popup at 11:00
[2025-11-16 11:15:01] Triggering popup at 11:15
[2025-11-16 11:30:01] Triggering popup at 11:30
[2025-11-16 11:45:01] Triggering popup at 11:45
[2025-11-16 11:58:44] Saved 150 entries to /home/gokhan/Side-Projects/momentum-tracker/reports/2025-11-16_report.xlsx
[2025-11-16 11:58:46] Saved 151 entries to /home/gokhan/Side-Projects/momentum-tracker/reports/2025-11-16_report.xlsx
[2025-11-16 11:58:49] Saved 152 entries to /home/gokhan/Side-Projects/momentum-tracker/reports/2025-11-16_report.xlsx
[2025-11-16 11:58:52] Saved 153 entries to /home/gokhan/Side-Projects/momentum-tracker/reports/2025-11-16_report.xlsx
[2025-11-16 12:00:01] Triggering popup at 12:00
[2025-11-16 12:00:06] Saved 154 entries to /home/gokhan/Side-Projects/momentum-tracker/reports/2025-11-16_report.xlsx
[2025-11-16 12:15:01] Triggering popup at 12:15
[2025-11-16 12:30:01] Triggering popup at 12:30
[2025-11-16 12:38:02] Saved 155 entries to /home/gokhan/Side-Projects/momentum-tracker/reports/2025-11-16_report.xlsx
[2025-11-16 12:38:04] Saved 156 entries to /home/gokhan/Side-Projects/momentum-tracker/reports/2025-11-16_report.xlsx
[2025-11-16 12:45:01] Triggering popup at 12:45
[2025-11-16 13:00:01] Triggering popup at 13:00
[2025-11-16 13:15:01] Triggering popup at 13:15
[2025-11-16 13:23:39] Saved 157 entries to /home/gokhan/Side-Projects/momentum-tracker/reports/2025-11-16_report.xlsx
[2025-11-16 13:23:41] Saved 158 entries to /home/gokhan/Side-Projects/momentum-tracker/reports/2025-11-16_report.xlsx
[2025-11-16 13:23:44] Saved 159 entries to /home/gokhan/Side-Projects/momentum-tracker/reports/2025-11-16_report.xlsx
[2025-11-16 13:30:01] Triggering popup at 13:30
[2025-11-16 13:45:01] Triggering popup at 13:45
[2025-11-16 13:51:59] Saved 160 entries to /home/gokhan/Side-Projects/momentum-tracker/reports/2025-11-16_report.xlsx
[2025-11-16 13:52:01] Saved 161 entries to /home/gokhan/Side-Projects/momentum-tracker/reports/2025-11-16_report.xlsx
[2025-11-16 14:00:01] Triggering popup at 14:00
[2025-11-16 14:03:48] Saved 162 entries to /home/gokhan/Side-Projects/momentum-tracker/reports/2025-11-16_report.xlsx
[2025-11-16 14:15:01] Triggering popup at 14:15
[2025-11-16 14:15:03] Saved 163 entries to /home/gokhan/Side-Projects/momentum-tracker/reports/2025-11-16_report.xlsx
[2025-11-16 14:30:01] Triggering popup at 14:30
[2025-11-16 14:30:06] Saved 164 entries to /home/gokhan/Side-Projects/momentum-tracker/reports/2025-11-16_report.xlsx
[2025-11-16 14:45:01] Triggering popup at 14:45
[2025-11-16 14:45:05] Saved 165 entries to /home/gokhan/Side-Projects/momentum-tracker/reports/2025-11-16_report.xlsx
[2025-11-16 15:00:01] Triggering popup at 15:00
[2025-11-16 15:00:03] Saved 166 entries to /home/gokhan/Side-Projects/momentum-tracker/reports/2025-11-16_report.xlsx
[2025-11-16 15:15:01] Triggering popup at 15:15
[2025-11-16 15:15:03] Saved 167 entries to /home/gokhan/Side-Projects/momentum-tracker/reports/2025-11-16_report.xlsx
[2025-11-16 15:29:10] Loaded 167 previous entries from /home/gokhan/Side-Projects/momentum-tracker/reports/2025-11-16_report.xlsx
[2025-11-16 15:29:10] Momentum Tracker started successfully.
[2025-11-16 15:29:59] Loaded 167 previous entries from /home/gokhan/Side-Projects/momentum-tracker/reports/2025-11-16_report.xlsx
[2025-11-16 15:29:59] Momentum Tracker started successfully.
[2025-11-16 15:30:04] Triggering popup at 15:30
[2025-11-16 15:30:07] Saved 168 entries to /home/gokhan/Side-Projects/momentum-tracker/reports/2025-11-16_report.xlsx
[2025-11-16 15:45:04] Triggering popup at 15:45
[2025-11-16 15:46:08] Saved 169 entries to /home/gokhan/Side-Projects/momentum-tracker/reports/2025-11-16_report.xlsx
[2025-11-16 16:00:04] Triggering popup at 16:00
[2025-11-16 16:15:04] Triggering popup at 16:15
[2025-11-16 16:30:04] Triggering popup at 16:30
[2025-11-16 16:35:14] Saved 170 entries to /home/gokhan/Side-Projects/momentum-tracker/reports/2025-11-16_report.xlsx
[2025-11-16 16:35:16] Saved 171 entries to /home/gokhan/Side-Projects/momentum-tracker/reports/2025-11-16_report.xlsx
[2025-11-16 16:35:18] Saved 172 entries to /home/gokhan/Side-Projects/momentum-tracker/reports/2025-11-16_report.xlsx
[2025-11-16 16:45:04] Triggering popup at 16:45
[2025-11-16 16:58:27] Saved 173 entries to /home/gokhan/Side-Projects/momentum-tracker/reports/2025-11-16_report.xlsx
[2025-11-16 17:00:04] Triggering popup at 17:00
[2025-11-16 17:04:56] Saved 174 entries to /home/gokhan/Side-Projects/momentum-tracker/reports/2025-11-16_report.xlsx
[2025-11-16 17:15:04] Triggering popup at 17:15
[2025-11-16 17:16:10] Saved 175 entries to /home/gokhan/Side-Projects/momentum-tracker/reports/2025-11-16_report.xlsx
[2025-11-16 17:30:04] Triggering popup at 17:30
[2025-11-16 17:40:35] Saved 176 entries to /home/gokhan/Side-Projects/momentum-tracker/reports/2025-11-16_report.xlsx
[2025-11-16 17:45:04] Triggering popup at 17:45
[2025-11-16 17:45:07] Saved 177 entries to /home/gokhan/Side-Projects/momentum-tracker/reports/2025-11-16_report.xlsx
[2025-11-16 18:00:04] Triggering popup at 18:00
[2025-11-16 18:13:35] Saved 178 entries to /home/gokhan/Side-Projects/momentum-tracker/reports/2025-11-16_report.xlsx
[2025-11-16 18:15:04] Triggering popup at 18:15
[2025-11-16 18:15:07] Saved 179 entries to /home/gokhan/Side-Projects/momentum-tracker/reports/2025-11-16_report.xlsx
[2025-11-16 18:30:04] Triggering popup at 18:30
[2025-11-16 18:31:52] Saved 180 entries to /home/gokhan/Side-Projects/momentum-tracker/reports/2025-11-16_report.xlsx
[2025-11-16 18:45:04] Triggering popup at 18:45
[2025-11-16 18:48:42] Saved 181 entries to /home/gokhan/Side-Projects/momentum-tracker/reports/2025-11-16_report.xlsx
[2025-11-16 19:00:04] Triggering popup at 19:00
[2025-11-16 19:00:11] Saved 182 entries to /home/gokhan/Side-Projects/momentum-tracker/reports/2025-11-16_report.xlsx
[2025-11-16 19:15:04] Triggering popup at 19:15
[2025-11-16 19:15:20] Saved 183 entries to /home/gokhan/Side-Projects/momentum-tracker/reports/2025-11-16_report.xlsx
[2025-11-16 19:30:04] Triggering popup at 19:30
[2025-11-16 19:33:37] Saved 184 entries to /home/gokhan/Side-Projects/momentum-tracker/reports/2025-11-16_report.xlsx
[2025-11-16 19:45:04] Triggering popup at 19:45
[2025-11-16 19:45:09] Saved 185 entries to /home/gokhan/Side-Projects/momentum-tracker/reports/2025-11-16_report.xlsx
[2025-11-16 20:00:04] Triggering popup at 20:00
[2025-11-16 20:00:08] Saved 186 entries to /home/gokhan/Side-Projects/momentum-tracker/reports/2025-11-16_report.xlsx
[2025-11-16 20:15:04] Triggering popup at 20:15
[2025-11-16 20:16:09] Saved 187 entries to /home/gokhan/Side-Projects/momentum-tracker/reports/2025-11-16_report.xlsx
[2025-11-16 20:30:04] Triggering popup at 20:30
[2025-11-16 20:45:04] Triggering popup at 20:45
[2025-11-16 20:52:23] Saved 188 entries to /home/gokhan/Side-Projects/momentum-tracker/reports/2025-11-16_report.xlsx
[2025-11-16 20:52:27] Saved 189 entries to /home/gokhan/Side-Projects/momentum-tracker/reports/2025-11-16_report.xlsx
[2025-11-16 21:00:04] Triggering popup at 21:00
[2025-11-16 21:00:07] Saved 190 entries to /home/gokhan/Side-Projects/momentum-tracker/reports/2025-11-16_report.xlsx
[2025-11-16 21:15:04] Triggering popup at 21:15
[2025-11-16 21:15:09] Saved 191 entries to /home/gokhan/Side-Projects/momentum-tracker/reports/2025-11-16_report.xlsx
[2025-11-16 21:30:49] Loaded 191 previous entries from /home/gokhan/Side-Projects/momentum-tracker/reports/2025-11-16_report.xlsx
[2025-11-16 21:30:49] Triggering popup at 21:30
[2025-11-16 21:30:49] Momentum Tracker started successfully.
[2025-11-16 21:30:53] Saved 192 entries to /home/gokhan/Side-Projects/momentum-tracker/reports/2025-11-16_report.xlsx
[2025-11-16 21:56:52] Loaded 192 previous entries from /home/gokhan/Side-Projects/momentum-tracker/reports/2025-11-16_report.xlsx
[2025-11-16 21:56:53] Momentum Tracker started successfully.
[2025-11-16 22:00:03] Triggering popup at 22:00
[2025-11-16 22:00:13] Saved 193 entries to /home/gokhan/Side-Projects/momentum-tracker/reports/2025-11-16_report.xlsx
[2025-11-16 22:15:03] Triggering popup at 22:15
[2025-11-16 22:15:21] Saved 194 entries to /home/gokhan/Side-Projects/momentum-tracker/reports/2025-11-16_report.xlsx
[2025-11-16 22:30:03] Triggering popup at 22:30
[2025-11-16 22:30:07] Saved 195 entries to /home/gokhan/Side-Projects/momentum-tracker/reports/2025-11-16_report.xlsx
[2025-11-16 22:45:03] Triggering popup at 22:45
[2025-11-16 22:45:13] Saved 196 entries to /home/gokhan/Side-Projects/momentum-tracker/reports/2025-11-16_report.xlsx
[2025-11-16 23:00:03] Triggering popup at 23:00
[2025-11-16 23:15:03] Triggering popup at 23:15
[2025-11-16 23:21:06] Saved 197 entries to /home/gokhan/Side-Projects/momentum-tracker/reports/2025-11-16_report.xlsx
[2025-11-16 23:21:07] Saved 198 entries to /home/gokhan/Side-Projects/momentum-tracker/reports/2025-11-16_report.xlsx
[2025-11-16 23:30:03] Triggering popup at 23:30
[2025-11-16 23:45:03] Triggering popup at 23:45
[2025-11-17 00:00:03] Triggering popup at 00:00
[2025-11-17 00:11:04] Saved 199 entries to /home/gokhan/Side-Projects/momentum-tracker/reports/2025-11-17_report.xlsx
[2025-11-17 00:11:07] Saved 200 entries to /home/gokhan/Side-Projects/momentum-tracker/reports/2025-11-17_report.xlsx
[2025-11-17 00:11:09] Saved 201 entries to /home/gokhan/Side-Projects/momentum-tracker/reports/2025-11-17_report.xlsx
[2025-11-17 00:15:03] Triggering popup at 00:15
[2025-11-17 00:15:52] Saved 202 entries to /home/gokhan/Side-Projects/momentum-tracker/reports/2025-11-17_report.xlsx
[2025-11-17 00:30:03] Triggering popup at 00:30
[2025-11-17 00:37:11] Saved 203 entries to /home/gokhan/Side-Projects/momentum-tracker/reports/2025-11-17_report.xlsx
[2025-11-17 00:45:03] Triggering popup at 00:45
[2025-11-17 00:45:43] Saved 204 entries to /home/gokhan/Side-Projects/momentum-tracker/reports/2025-11-17_report.xlsx
[2025-11-17 01:00:03] Triggering popup at 01:00
[2025-11-17 01:03:40] Saved 205 entries to /home/gokhan/Side-Projects/momentum-tracker/reports/2025-11-17_report.xlsx
[2025-11-17 01:15:03] Triggering popup at 01:15
[2025-11-17 01:15:36] Saved 206 entries to /home/gokhan/Side-Projects/momentum-tracker/reports/2025-11-17_report.xlsx
[2025-11-17 01:30:03] Triggering popup at 01:30
[2025-11-17 01:30:18] Saved 207 entries to /home/gokhan/Side-Projects/momentum-tracker/reports/2025-11-17_report.xlsx
[2025-11-17 01:45:03] Triggering popup at 01:45
[2025-11-17 01:46:07] Saved 208 entries to /home/gokhan/Side-Projects/momentum-tracker/reports/2025-11-17_report.xlsx
[2025-11-17 02:00:03] Triggering popup at 02:00
[2025-11-17 02:00:15] Saved 209 entries to /home/gokhan/Side-Projects/momentum-tracker/reports/2025-11-17_report.xlsx
[2025-11-17 02:15:03] Triggering popup at 02:15
[2025-11-17 02:15:13] Saved 210 entries to /home/gokhan/Side-Projects/momentum-tracker/reports/2025-11-17_report.xlsx
[2025-11-17 02:30:03] Triggering popup at 02:30
[2025-11-17 02:45:03] Triggering popup at 02:45
[2025-11-17 03:00:03] Triggering popup at 03:00
[2025-11-17 03:15:03] Triggering popup at 03:15
[2025-11-17 03:30:03] Triggering popup at 03:30
[2025-11-17 03:45:03] Triggering popup at 03:45
[2025-11-17 04:00:03] Triggering popup at 04:00
[2025-11-17 10:59:58] Loaded 210 previous entries from /home/gokhan/Side-Projects/momentum-tracker/reports/2025-11-17_report.xlsx
[2025-11-17 10:59:58] Momentum Tracker started successfully.
[2025-11-17 11:00:03] Triggering popup at 11:00
[2025-11-17 11:00:09] Saved 211 entries to /home/gokhan/Side-Projects/momentum-tracker/reports/2025-11-17_report.xlsx
[2025-11-17 11:15:03] Triggering popup at 11:15
[2025-11-17 11:15:10] Saved 212 entries to /home/gokhan/Side-Projects/momentum-tracker/reports/2025-11-17_report.xlsx
[2025-11-17 11:30:03] Triggering popup at 11:30
[2025-11-17 11:30:11] Saved 213 entries to /home/gokhan/Side-Projects/momentum-tracker/reports/2025-11-17_report.xlsx
[2025-11-17 11:45:03] Triggering popup at 11:45
[2025-11-17 11:45:08] Saved 214 entries to /home/gokhan/Side-Projects/momentum-tracker/reports/2025-11-17_report.xlsx
[2025-11-17 12:00:03] Triggering popup at 12:00
[2025-11-17 12:00:18] Saved 215 entries to /home/gokhan/Side-Projects/momentum-tracker/reports/2025-11-17_report.xlsx
[2025-11-17 12:15:03] Triggering popup at 12:15
[2025-11-17 12:15:49] Saved 216 entries to /home/gokhan/Side-Projects/momentum-tracker/reports/2025-11-17_report.xlsx
[2025-11-17 15:29:58] Loaded 216 previous entries from /home/gokhan/Side-Projects/momentum-tracker/reports/2025-11-17_report.xlsx
[2025-11-17 15:29:58] Momentum Tracker started successfully.
[2025-11-17 15:30:03] Triggering popup at 15:30
[2025-11-17 15:30:08] Saved 217 entries to /home/gokhan/Side-Projects/momentum-tracker/reports/2025-11-17_report.xlsx
[2025-11-17 15:45:03] Triggering popup at 15:45
[2025-11-17 15:46:48] Saved 218 entries to /home/gokhan/Side-Projects/momentum-tracker/reports/2025-11-17_report.xlsx
[2025-11-17 16:00:03] Triggering popup at 16:00
[2025-11-17 16:00:06] Saved 219 entries to /home/gokhan/Side-Projects/momentum-tracker/reports/2025-11-17_report.xlsx
[2025-11-17 16:15:03] Triggering popup at 16:15
[2025-11-17 16:15:11] Saved 220 entries to /home/gokhan/Side-Projects/momentum-tracker/reports/2025-11-17_report.xlsx
[2025-11-17 16:30:03] Triggering popup at 16:30
[2025-11-17 16:30:08] Saved 221 entries to /home/gokhan/Side-Projects/momentum-tracker/reports/2025-11-17_report.xlsx
[2025-11-17 16:45:03] Triggering popup at 16:45
[2025-11-17 16:45:08] Saved 222 entries to /home/gokhan/Side-Projects/momentum-tracker/reports/2025-11-17_report.xlsx
[2025-11-17 17:00:03] Triggering popup at 17:00
[2025-11-17 17:00:08] Saved 223 entries to /home/gokhan/Side-Projects/momentum-tracker/reports/2025-11-17_report.xlsx
[2025-11-17 17:15:03] Triggering popup at 17:15
[2025-11-17 17:15:16] Saved 224 entries to /home/gokhan/Side-Projects/momentum-tracker/reports/2025-11-17_report.xlsx
[2025-11-17 17:30:03] Triggering popup at 17:30
[2025-11-17 17:30:13] Saved 225 entries to /home/gokhan/Side-Projects/momentum-tracker/reports/2025-11-17_report.xlsx
[2025-11-17 17:45:03] Triggering popup at 17:45
[2025-11-17 17:45:09] Saved 226 entries to /home/gokhan/Side-Projects/momentum-tracker/reports/2025-11-17_report.xlsx
[2025-11-17 18:00:03] Triggering popup at 18:00
[2025-11-17 18:00:10] Saved 227 entries to /home/gokhan/Side-Projects/momentum-tracker/reports/2025-11-17_report.xlsx
[2025-11-17 18:15:03] Triggering popup at 18:15
[2025-11-17 18:15:55] Saved 228 entries to /home/gokhan/Side-Projects/momentum-tracker/reports/2025-11-17_report.xlsx
[2025-11-17 18:30:03] Triggering popup at 18:30
[2025-11-17 18:38:58] Saved 229 entries to /home/gokhan/Side-Projects/momentum-tracker/reports/2025-11-17_report.xlsx
[2025-11-17 18:45:04] Triggering popup at 18:45
[2025-11-17 18:53:08] Saved 230 entries to /home/gokhan/Side-Projects/momentum-tracker/reports/2025-11-17_report.xlsx
[2025-11-17 19:00:04] Triggering popup at 19:00
[2025-11-17 19:03:12] Saved 231 entries to /home/gokhan/Side-Projects/momentum-tracker/reports/2025-11-17_report.xlsx
[2025-11-17 19:15:04] Triggering popup at 19:15
[2025-11-17 19:15:10] Saved 232 entries to /home/gokhan/Side-Projects/momentum-tracker/reports/2025-11-17_report.xlsx
[2025-11-17 19:30:04] Triggering popup at 19:30
[2025-11-17 19:36:14] Saved 233 entries to /home/gokhan/Side-Projects/momentum-tracker/reports/2025-11-17_report.xlsx
[2025-11-17 19:45:04] Triggering popup at 19:45
[2025-11-17 19:45:09] Saved 234 entries to /home/gokhan/Side-Projects/momentum-tracker/reports/2025-11-17_report.xlsx
[2025-11-17 20:00:04] Triggering popup at 20:00
[2025-11-17 20:00:11] Saved 235 entries to /home/gokhan/Side-Projects/momentum-tracker/reports/2025-11-17_report.xlsx
[2025-11-17 20:15:04] Triggering popup at 20:15
[2025-11-17 20:15:12] Saved 236 entries to /home/gokhan/Side-Projects/momentum-tracker/reports/2025-11-17_report.xlsx
[2025-11-17 20:30:04] Triggering popup at 20:30
[2025-11-17 20:31:57] Saved 237 entries to /home/gokhan/Side-Projects/momentum-tracker/reports/2025-11-17_report.xlsx
[2025-11-17 20:45:04] Triggering popup at 20:45
[2025-11-17 20:45:07] Saved 238 entries to /home/gokhan/Side-Projects/momentum-tracker/reports/2025-11-17_report.xlsx
[2025-11-17 21:00:04] Triggering popup at 21:00
[2025-11-17 21:00:35] Saved 239 entries to /home/gokhan/Side-Projects/momentum-tracker/reports/2025-11-17_report.xlsx
[2025-11-17 21:15:04] Triggering popup at 21:15
[2025-11-17 21:20:35] Saved 240 entries to /home/gokhan/Side-Projects/momentum-tracker/reports/2025-11-17_report.xlsx
[2025-11-17 21:30:04] Triggering popup at 21:30
[2025-11-17 21:30:07] Saved 241 entries to /home/gokhan/Side-Projects/momentum-tracker/reports/2025-11-17_report.xlsx
[2025-11-17 21:45:04] Triggering popup at 21:45
[2025-11-17 21:46:22] Saved 242 entries to /home/gokhan/Side-Projects/momentum-tracker/reports/2025-11-17_report.xlsx
[2025-11-17 22:00:04] Triggering popup at 22:00
[2025-11-17 22:00:06] Saved 243 entries to /home/gokhan/Side-Projects/momentum-tracker/reports/2025-11-17_report.xlsx
[2025-11-17 22:15:04] Triggering popup at 22:15
[2025-11-17 22:30:04] Triggering popup at 22:30
[2025-11-17 22:31:33] Saved 244 entries to /home/gokhan/Side-Projects/momentum-tracker/reports/2025-11-17_report.xlsx
[2025-11-17 22:31:35] Saved 245 entries to /home/gokhan/Side-Projects/momentum-tracker/reports/2025-11-17_report.xlsx
[2025-11-17 22:45:04] Triggering popup at 22:45
[2025-11-17 22:45:07] Saved 246 entries to /home/gokhan/Side-Projects/momentum-tracker/reports/2025-11-17_report.xlsx
[2025-11-17 23:00:04] Triggering popup at 23:00
[2025-11-17 23:00:06] Saved 247 entries to /home/gokhan/Side-Projects/momentum-tracker/reports/2025-11-17_report.xlsx
[2025-11-17 23:15:04] Triggering popup at 23:15
[2025-11-17 23:15:07] Saved 248 entries to /home/gokhan/Side-Projects/momentum-tracker/reports/2025-11-17_report.xlsx
[2025-11-17 23:30:04] Triggering popup at 23:30
[2025-11-17 23:30:06] Saved 249 entries to /home/gokhan/Side-Projects/momentum-tracker/reports/2025-11-17_report.xlsx
[2025-11-17 23:45:04] Triggering popup at 23:45
[2025-11-17 23:45:15] Saved 250 entries to /home/gokhan/Side-Projects/momentum-tracker/reports/2025-11-17_report.xlsx
[2025-11-18 00:00:04] Triggering popup at 00:00
[2025-11-18 00:00:07] Saved 251 entries to /home/gokhan/Side-Projects/momentum-tracker/reports/2025-11-18_report.xlsx
[2025-11-18 00:15:04] Triggering popup at 00:15
[2025-11-18 00:15:06] Saved 252 entries to /home/gokhan/Side-Projects/momentum-tracker/reports/2025-11-18_report.xlsx
[2025-11-18 00:30:04] Triggering popup at 00:30
[2025-11-18 00:42:58] Saved 253 entries to /home/gokhan/Side-Projects/momentum-tracker/reports/2025-11-18_report.xlsx
[2025-11-18 00:45:04] Triggering popup at 00:45
[2025-11-18 00:45:06] Saved 254 entries to /home/gokhan/Side-Projects/momentum-tracker/reports/2025-11-18_report.xlsx
[2025-11-18 01:00:04] Triggering popup at 01:00
[2025-11-18 01:00:13] Saved 255 entries to /home/gokhan/Side-Projects/momentum-tracker/reports/2025-11-18_report.xlsx
[2025-11-18 01:15:04] Triggering popup at 01:15
[2025-11-18 01:15:07] Saved 256 entries to /home/gokhan/Side-Projects/momentum-tracker/reports/2025-11-18_report.xlsx
[2025-11-18 01:30:04] Triggering popup at 01:30
[2025-11-18 01:30:08] Saved 257 entries to /home/gokhan/Side-Projects/momentum-tracker/reports/2025-11-18_report.xlsx
[2025-11-18 01:45:04] Triggering popup at 01:45
[2025-11-18 02:00:04] Triggering popup at 02:00
[2025-11-18 02:15:04] Triggering popup at 02:15
[2025-11-18 02:22:13] Saved 258 entries to /home/gokhan/Side-Projects/momentum-tracker/reports/2025-11-18_report.xlsx
[2025-11-18 02:22:14] Saved 259 entries to /home/gokhan/Side-Projects/momentum-tracker/reports/2025-11-18_report.xlsx
[2025-11-18 02:22:16] Saved 260 entries to /home/gokhan/Side-Projects/momentum-tracker/reports/2025-11-18_report.xlsx
[2025-11-18 02:30:04] Triggering popup at 02:30
[2025-11-18 02:30:08] Saved 261 entries to /home/gokhan/Side-Projects/momentum-tracker/reports/2025-11-18_report.xlsx
[2025-11-18 02:45:04] Triggering popup at 02:45
[2025-11-18 02:45:16] Saved 262 entries to /home/gokhan/Side-Projects/momentum-tracker/reports/2025-11-18_report.xlsx
[2025-11-18 03:00:04] Triggering popup at 03:00
[2025-11-18 03:00:23] Saved 263 entries to /home/gokhan/Side-Projects/momentum-tracker/reports/2025-11-18_report.xlsx
[2025-11-18 03:15:04] Triggering popup at 03:15
[2025-11-18 03:30:04] Triggering popup at 03:30
[2025-11-18 03:45:04] Triggering popup at 03:45
[2025-11-18 04:00:04] Triggering popup at 04:00
[2025-11-18 04:15:04] Triggering popup at 04:15
[2025-11-18 04:30:04] Triggering popup at 04:30
[2025-11-18 04:45:04] Triggering popup at 04:45
[2025-11-18 05:00:04] Triggering popup at 05:00
[2025-11-18 05:15:04] Triggering popup at 05:15
[2025-11-18 05:30:04] Triggering popup at 05:30
[2025-11-18 05:45:04] Triggering popup at 05:45
[2025-11-18 06:00:00] Triggering popup at 06:00
[2025-11-18 06:15:00] Triggering popup at 06:15
[2025-11-18 06:30:00] Triggering popup at 06:30
[2025-11-18 06:45:00] Triggering popup at 06:45
[2025-11-18 07:00:00] Triggering popup at 07:00
[2025-11-18 07:15:00] Triggering popup at 07:15
[2025-11-18 07:15:16] Saved 264 entries to /home/gokhan/Side-Projects/momentum-tracker/reports/2025-11-18_report.xlsx
[2025-11-18 07:30:00] Triggering popup at 07:30
[2025-11-18 07:30:11] Saved 265 entries to /home/gokhan/Side-Projects/momentum-tracker/reports/2025-11-18_report.xlsx
[2025-11-18 07:45:00] Triggering popup at 07:45
[2025-11-18 07:53:07] Saved 266 entries to /home/gokhan/Side-Projects/momentum-tracker/reports/2025-11-18_report.xlsx
[2025-11-18 08:00:00] Triggering popup at 08:00
[2025-11-18 08:00:08] Saved 267 entries to /home/gokhan/Side-Projects/momentum-tracker/reports/2025-11-18_report.xlsx
[2025-11-18 08:15:00] Triggering popup at 08:15
[2025-11-18 08:30:00] Triggering popup at 08:30
[2025-11-18 08:45:00] Triggering popup at 08:45
[2025-11-18 09:00:00] Triggering popup at 09:00
[2025-11-18 09:15:00] Triggering popup at 09:15
[2025-11-18 09:30:00] Triggering popup at 09:30
[2025-11-18 09:45:00] Triggering popup at 09:45
[2025-11-18 10:00:00] Triggering popup at 10:00
[2025-11-18 10:07:24] Saved 268 entries to /home/gokhan/Side-Projects/momentum-tracker/reports/2025-11-18_report.xlsx
[2025-11-18 10:15:00] Triggering popup at 10:15
[2025-11-18 10:15:24] Saved 269 entries to /home/gokhan/Side-Projects/momentum-tracker/reports/2025-11-18_report.xlsx
[2025-11-18 15:13:10] Loaded 269 previous entries from /home/gokhan/Side-Projects/momentum-tracker/reports/2025-11-18_report.xlsx
[2025-11-18 15:13:10] Momentum Tracker started successfully.
[2025-11-18 15:15:00] Triggering popup at 15:15
[2025-11-18 15:30:00] Triggering popup at 15:30
[2025-11-18 15:45:00] Triggering popup at 15:45
[2025-11-18 15:47:14] Saved 270 entries to /home/gokhan/Side-Projects/momentum-tracker/reports/2025-11-18_report.xlsx
[2025-11-18 15:47:16] Saved 271 entries to /home/gokhan/Side-Projects/momentum-tracker/reports/2025-11-18_report.xlsx
[2025-11-18 15:47:18] Saved 272 entries to /home/gokhan/Side-Projects/momentum-tracker/reports/2025-11-18_report.xlsx
[2025-11-18 16:00:00] Triggering popup at 16:00
[2025-11-18 16:00:05] Saved 273 entries to /home/gokhan/Side-Projects/momentum-tracker/reports/2025-11-18_report.xlsx
[2025-11-18 16:15:00] Triggering popup at 16:15
[2025-11-18 16:15:03] Saved 274 entries to /home/gokhan/Side-Projects/momentum-tracker/reports/2025-11-18_report.xlsx
[2025-11-18 16:30:00] Triggering popup at 16:30
[2025-11-18 16:45:00] Triggering popup at 16:45
[2025-11-18 17:00:00] Triggering popup at 17:00
[2025-11-18 17:15:00] Triggering popup at 17:15
[2025-11-18 17:30:00] Triggering popup at 17:30
[2025-11-18 17:45:00] Triggering popup at 17:45
[2025-11-18 18:00:00] Triggering popup at 18:00
[2025-11-18 18:00:06] Saved 275 entries to /home/gokhan/Side-Projects/momentum-tracker/reports/2025-11-18_report.xlsx
[2025-11-18 18:15:00] Triggering popup at 18:15
[2025-11-18 18:15:02] Saved 276 entries to /home/gokhan/Side-Projects/momentum-tracker/reports/2025-11-18_report.xlsx
[2025-11-18 18:30:00] Triggering popup at 18:30
[2025-11-18 18:30:08] Saved 277 entries to /home/gokhan/Side-Projects/momentum-tracker/reports/2025-11-18_report.xlsx
[2025-11-18 18:45:01] Triggering popup at 18:45
[2025-11-18 18:45:03] Saved 278 entries to /home/gokhan/Side-Projects/momentum-tracker/reports/2025-11-18_report.xlsx
[2025-11-18 19:00:01] Triggering popup at 19:00
[2025-11-18 19:06:13] Saved 279 entries to /home/gokhan/Side-Projects/momentum-tracker/reports/2025-11-18_report.xlsx
[2025-11-18 19:15:01] Triggering popup at 19:15
[2025-11-18 19:29:35] Saved 280 entries to /home/gokhan/Side-Projects/momentum-tracker/reports/2025-11-18_report.xlsx
[2025-11-18 19:30:01] Triggering popup at 19:30
[2025-11-18 19:30:07] Saved 281 entries to /home/gokhan/Side-Projects/momentum-tracker/reports/2025-11-18_report.xlsx
[2025-11-18 19:45:01] Triggering popup at 19:45
[2025-11-18 19:45:03] Saved 282 entries to /home/gokhan/Side-Projects/momentum-tracker/reports/2025-11-18_report.xlsx
[2025-11-18 20:00:01] Triggering popup at 20:00
[2025-11-18 20:00:08] Saved 283 entries to /home/gokhan/Side-Projects/momentum-tracker/reports/2025-11-18_report.xlsx
[2025-11-18 20:15:01] Triggering popup at 20:15
[2025-11-18 20:17:29] Saved 284 entries to /home/gokhan/Side-Projects/momentum-tracker/reports/2025-11-18_report.xlsx
[2025-11-18 20:30:01] Triggering popup at 20:30
[2025-11-18 20:45:01] Triggering popup at 20:45
[2025-11-18 20:54:09] Saved 285 entries to /home/gokhan/Side-Projects/momentum-tracker/reports/2025-11-18_report.xlsx
[2025-11-18 20:54:11] Saved 286 entries to /home/gokhan/Side-Projects/momentum-tracker/reports/2025-11-18_report.xlsx
[2025-11-18 21:00:01] Triggering popup at 21:00
[2025-11-18 21:00:05] Saved 287 entries to /home/gokhan/Side-Projects/momentum-tracker/reports/2025-11-18_report.xlsx
[2025-11-18 21:15:01] Triggering popup at 21:15
[2025-11-18 21:15:10] Saved 288 entries to /home/gokhan/Side-Projects/momentum-tracker/reports/2025-11-18_report.xlsx
[2025-11-18 21:30:01] Triggering popup at 21:30
[2025-11-18 21:34:22] Saved 289 entries to /home/gokhan/Side-Projects/momentum-tracker/reports/2025-11-18_report.xlsx
[2025-11-18 21:45:01] Triggering popup at 21:45
[2025-11-18 21:45:06] Saved 290 entries to /home/gokhan/Side-Projects/momentum-tracker/reports/2025-11-18_report.xlsx
[2025-11-18 22:00:01] Triggering popup at 22:00
[2025-11-18 22:00:06] Saved 291 entries to /home/gokhan/Side-Projects/momentum-tracker/reports/2025-11-18_report.xlsx
[2025-11-18 22:15:01] Triggering popup at 22:15
[2025-11-18 22:15:07] Saved 292 entries to /home/gokhan/Side-Projects/momentum-tracker/reports/2025-11-18_report.xlsx
[2025-11-18 22:30:01] Triggering popup at 22:30
[2025-11-18 22:30:06] Saved 293 entries to /home/gokhan/Side-Projects/momentum-tracker/reports/2025-11-18_report.xlsx
[2025-11-18 22:45:01] Triggering popup at 22:45
[2025-11-18 22:45:12] Saved 294 entries to /home/gokhan/Side-Projects/momentum-tracker/reports/2025-11-18_report.xlsx
[2025-11-18 23:00:01] Triggering popup at 23:00
[2025-11-18 23:00:07] Saved 295 entries to /home/gokhan/Side-Projects/momentum-tracker/reports/2025-11-18_report.xlsx
[2025-11-18 23:15:01] Triggering popup at 23:15
[2025-11-18 23:15:07] Saved 296 entries to /home/gokhan/Side-Projects/momentum-tracker/reports/2025-11-18_report.xlsx
[2025-11-18 23:30:01] Triggering popup at 23:30
[2025-11-18 23:30:06] Saved 297 entries to /home/gokhan/Side-Projects/momentum-tracker/reports/2025-11-18_report.xlsx
[2025-11-18 23:45:01] Triggering popup at 23:45
[2025-11-18 23:45:06] Saved 298 entries to /home/gokhan/Side-Projects/momentum-tracker/reports/2025-11-18_report.xlsx
[2025-11-19 00:00:01] Triggering popup at 00:00
[2025-11-19 00:00:07] Saved 299 entries to /home/gokhan/Side-Projects/momentum-tracker/reports/2025-11-19_report.xlsx
[2025-11-19 00:15:01] Triggering popup at 00:15
[2025-11-19 00:15:26] Saved 300 entries to /home/gokhan/Side-Projects/momentum-tracker/reports/2025-11-19_report.xlsx
[2025-11-19 00:30:01] Triggering popup at 00:30
[2025-11-19 00:30:26] Saved 301 entries to /home/gokhan/Side-Projects/momentum-tracker/reports/2025-11-19_report.xlsx
[2025-11-19 00:45:01] Triggering popup at 00:45
[2025-11-19 00:45:05] Saved 302 entries to /home/gokhan/Side-Projects/momentum-tracker/reports/2025-11-19_report.xlsx
[2025-11-19 01:00:01] Triggering popup at 01:00
[2025-11-19 01:00:07] Saved 303 entries to /home/gokhan/Side-Projects/momentum-tracker/reports/2025-11-19_report.xlsx
[2025-11-19 01:15:01] Triggering popup at 01:15
[2025-11-19 01:15:11] Saved 304 entries to /home/gokhan/Side-Projects/momentum-tracker/reports/2025-11-19_report.xlsx
[2025-11-19 01:30:01] Triggering popup at 01:30
[2025-11-19 01:30:05] Saved 305 entries to /home/gokhan/Side-Projects/momentum-tracker/reports/2025-11-19_report.xlsx
[2025-11-19 01:45:01] Triggering popup at 01:45
[2025-11-19 01:45:12] Saved 306 entries to /home/gokhan/Side-Projects/momentum-tracker/reports/2025-11-19_report.xlsx
[2025-11-19 02:00:01] Triggering popup at 02:00
[2025-11-19 02:00:06] Saved 307 entries to /home/gokhan/Side-Projects/momentum-tracker/reports/2025-11-19_report.xlsx
[2025-11-19 02:15:01] Triggering popup at 02:15
[2025-11-19 02:15:03] Saved 308 entries to /home/gokhan/Side-Projects/momentum-tracker/reports/2025-11-19_report.xlsx
[2025-11-19 02:30:01] Triggering popup at 02:30
[2025-11-19 02:30:06] Saved 309 entries to /home/gokhan/Side-Projects/momentum-tracker/reports/2025-11-19_report.xlsx
[2025-11-19 10:06:12] Loaded 309 previous entries from /home/gokhan/Side-Projects/momentum-tracker/reports/2025-11-19_report.xlsx
[2025-11-19 10:06:12] Momentum Tracker started successfully.
[2025-11-19 10:15:02] Triggering popup at 10:15
[2025-11-19 10:30:02] Triggering popup at 10:30
[2025-11-19 10:43:08] Saved 310 entries to /home/gokhan/Side-Projects/momentum-tracker/reports/2025-11-19_report.xlsx
[2025-11-19 10:43:11] Saved 311 entries to /home/gokhan/Side-Projects/momentum-tracker/reports/2025-11-19_report.xlsx
[2025-11-19 10:45:02] Triggering popup at 10:45
[2025-11-19 10:45:04] Saved 312 entries to /home/gokhan/Side-Projects/momentum-tracker/reports/2025-11-19_report.xlsx
[2025-11-19 11:00:02] Triggering popup at 11:00
[2025-11-19 11:02:32] Saved 313 entries to /home/gokhan/Side-Projects/momentum-tracker/reports/2025-11-19_report.xlsx
[2025-11-19 11:15:02] Triggering popup at 11:15
[2025-11-19 11:17:07] Saved 314 entries to /home/gokhan/Side-Projects/momentum-tracker/reports/2025-11-19_report.xlsx
[2025-11-19 11:30:02] Triggering popup at 11:30
[2025-11-19 11:30:05] Saved 315 entries to /home/gokhan/Side-Projects/momentum-tracker/reports/2025-11-19_report.xlsx
[2025-11-19 11:45:02] Triggering popup at 11:45
[2025-11-19 11:45:11] Saved 316 entries to /home/gokhan/Side-Projects/momentum-tracker/reports/2025-11-19_report.xlsx
[2025-11-19 12:00:02] Triggering popup at 12:00
[2025-11-19 12:00:11] Saved 317 entries to /home/gokhan/Side-Projects/momentum-tracker/reports/2025-11-19_report.xlsx
[2025-11-19 12:15:02] Triggering popup at 12:15
[2025-11-19 12:15:08] Saved 318 entries to /home/gokhan/Side-Projects/momentum-tracker/reports/2025-11-19_report.xlsx
[2025-11-19 12:30:02] Triggering popup at 12:30
[2025-11-19 12:30:08] Saved 319 entries to /home/gokhan/Side-Projects/momentum-tracker/reports/2025-11-19_report.xlsx
[2025-11-19 12:45:02] Triggering popup at 12:45
[2025-11-19 12:45:07] Saved 320 entries to /home/gokhan/Side-Projects/momentum-tracker/reports/2025-11-19_report.xlsx
[2025-11-19 13:00:02] Triggering popup at 13:00
[2025-11-19 13:00:05] Saved 321 entries to /home/gokhan/Side-Projects/momentum-tracker/reports/2025-11-19_report.xlsx
[2025-11-19 13:15:02] Triggering popup at 13:15
[2025-11-19 13:15:07] Saved 322 entries to /home/gokhan/Side-Projects/momentum-tracker/reports/2025-11-19_report.xlsx
[2025-11-19 13:30:02] Triggering popup at 13:30
[2025-11-19 13:30:04] Saved 323 entries to /home/gokhan/Side-Projects/momentum-tracker/reports/2025-11-19_report.xlsx
[2025-11-19 13:45:02] Triggering popup at 13:45
[2025-11-19 13:45:05] Saved 324 entries to /home/gokhan/Side-Projects/momentum-tracker/reports/2025-11-19_report.xlsx
[2025-11-19 14:00:02] Triggering popup at 14:00
[2025-11-19 14:00:06] Saved 325 entries to /home/gokhan/Side-Projects/momentum-tracker/reports/2025-11-19_report.xlsx
[2025-11-19 14:15:02] Triggering popup at 14:15
[2025-11-19 14:28:06] Saved 326 entries to /home/gokhan/Side-Projects/momentum-tracker/reports/2025-11-19_report.xlsx
[2025-11-19 14:30:02] Triggering popup at 14:30
[2025-11-19 14:30:06] Saved 327 entries to /home/gokhan/Side-Projects/momentum-tracker/reports/2025-11-19_report.xlsx
[2025-11-19 14:45:02] Triggering popup at 14:45
[2025-11-19 14:49:53] Saved 328 entries to /home/gokhan/Side-Projects/momentum-tracker/reports/2025-11-19_report.xlsx
[2025-11-19 15:00:02] Triggering popup at 15:00
[2025-11-19 15:00:06] Saved 329 entries to /home/gokhan/Side-Projects/momentum-tracker/reports/2025-11-19_report.xlsx
[2025-11-19 15:15:02] Triggering popup at 15:15
[2025-11-19 15:15:06] Saved 330 entries to /home/gokhan/Side-Projects/momentum-tracker/reports/2025-11-19_report.xlsx
[2025-11-19 15:30:02] Triggering popup at 15:30
[2025-11-19 15:30:09] Saved 331 entries to /home/gokhan/Side-Projects/momentum-tracker/reports/2025-11-19_report.xlsx
[2025-11-19 15:45:02] Triggering popup at 15:45
[2025-11-19 15:45:17] Saved 332 entries to /home/gokhan/Side-Projects/momentum-tracker/reports/2025-11-19_report.xlsx
[2025-11-19 16:00:02] Triggering popup at 16:00
[2025-11-19 16:00:07] Saved 333 entries to /home/gokhan/Side-Projects/momentum-tracker/reports/2025-11-19_report.xlsx
[2025-11-19 16:15:02] Triggering popup at 16:15
[2025-11-19 16:15:08] Saved 334 entries to /home/gokhan/Side-Projects/momentum-tracker/reports/2025-11-19_report.xlsx
[2025-11-19 16:30:02] Triggering popup at 16:30
[2025-11-19 16:30:08] Saved 335 entries to /home/gokhan/Side-Projects/momentum-tracker/reports/2025-11-19_report.xlsx
[2025-11-19 16:45:02] Triggering popup at 16:45
[2025-11-19 16:45:06] Saved 336 entries to /home/gokhan/Side-Projects/momentum-tracker/reports/2025-11-19_report.xlsx
[2025-11-19 17:00:02] Triggering popup at 17:00
[2025-11-19 17:06:05] Saved 337 entries to /home/gokhan/Side-Projects/momentum-tracker/reports/2025-11-19_report.xlsx
[2025-11-19 17:15:02] Triggering popup at 17:15
[2025-11-19 17:15:14] Saved 338 entries to /home/gokhan/Side-Projects/momentum-tracker/reports/2025-11-19_report.xlsx
[2025-11-19 17:30:02] Triggering popup at 17:30
[2025-11-19 17:45:02] Triggering popup at 17:45
[2025-11-19 17:47:50] Saved 339 entries to /home/gokhan/Side-Projects/momentum-tracker/reports/2025-11-19_report.xlsx
[2025-11-19 20:04:22] Loaded 339 previous entries from /home/gokhan/Side-Projects/momentum-tracker/reports/2025-11-19_report.xlsx
[2025-11-19 20:04:22] Momentum Tracker started successfully.
[2025-11-19 20:15:02] Triggering popup at 20:15
[2025-11-19 20:15:07] Saved 340 entries to /home/gokhan/Side-Projects/momentum-tracker/reports/2025-11-19_report.xlsx
[2025-11-19 20:30:02] Triggering popup at 20:30
[2025-11-19 20:45:02] Triggering popup at 20:45
[2025-11-19 21:00:02] Triggering popup at 21:00
[2025-11-19 21:15:02] Triggering popup at 21:15
[2025-11-19 21:15:07] Saved 341 entries to /home/gokhan/Side-Projects/momentum-tracker/reports/2025-11-19_report.xlsx
[2025-11-19 21:28:33] Saved 342 entries to /home/gokhan/Side-Projects/momentum-tracker/reports/2025-11-19_report.xlsx
[2025-11-19 21:28:34] Saved 343 entries to /home/gokhan/Side-Projects/momentum-tracker/reports/2025-11-19_report.xlsx
[2025-11-19 21:28:35] Saved 344 entries to /home/gokhan/Side-Projects/momentum-tracker/reports/2025-11-19_report.xlsx
[2025-11-19 21:30:03] Triggering popup at 21:30
[2025-11-19 21:30:05] Saved 345 entries to /home/gokhan/Side-Projects/momentum-tracker/reports/2025-11-19_report.xlsx
[2025-11-19 21:45:03] Triggering popup at 21:45
[2025-11-19 21:45:57] Saved 346 entries to /home/gokhan/Side-Projects/momentum-tracker/reports/2025-11-19_report.xlsx
[2025-11-19 22:00:03] Triggering popup at 22:00
[2025-11-19 22:00:07] Saved 347 entries to /home/gokhan/Side-Projects/momentum-tracker/reports/2025-11-19_report.xlsx
[2025-11-19 22:15:03] Triggering popup at 22:15
[2025-11-19 22:15:48] Saved 348 entries to /home/gokhan/Side-Projects/momentum-tracker/reports/2025-11-19_report.xlsx
[2025-11-19 22:30:03] Triggering popup at 22:30
[2025-11-19 22:30:05] Saved 349 entries to /home/gokhan/Side-Projects/momentum-tracker/reports/2025-11-19_report.xlsx
[2025-11-19 22:45:03] Triggering popup at 22:45
[2025-11-19 22:45:06] Saved 350 entries to /home/gokhan/Side-Projects/momentum-tracker/reports/2025-11-19_report.xlsx
[2025-11-19 23:00:03] Triggering popup at 23:00
[2025-11-19 23:00:07] Saved 351 entries to /home/gokhan/Side-Projects/momentum-tracker/reports/2025-11-19_report.xlsx
[2025-11-19 23:15:03] Triggering popup at 23:15
[2025-11-19 23:15:06] Saved 352 entries to /home/gokhan/Side-Projects/momentum-tracker/reports/2025-11-19_report.xlsx
[2025-11-19 23:30:03] Triggering popup at 23:30
[2025-11-19 23:30:06] Saved 353 entries to /home/gokhan/Side-Projects/momentum-tracker/reports/2025-11-19_report.xlsx
[2025-11-19 23:45:03] Triggering popup at 23:45
[2025-11-19 23:45:06] Saved 354 entries to /home/gokhan/Side-Projects/momentum-tracker/reports/2025-11-19_report.xlsx
[2025-11-20 00:00:03] Triggering popup at 00:00
[2025-11-20 00:00:07] Saved 355 entries to /home/gokhan/Side-Projects/momentum-tracker/reports/2025-11-20_report.xlsx
[2025-11-20 00:15:03] Triggering popup at 00:15
[2025-11-20 00:15:05] Saved 356 entries to /home/gokhan/Side-Projects/momentum-tracker/reports/2025-11-20_report.xlsx
[2025-11-20 00:30:03] Triggering popup at 00:30
[2025-11-20 00:30:08] Saved 357 entries to /home/gokhan/Side-Projects/momentum-tracker/reports/2025-11-20_report.xlsx
[2025-11-20 00:45:03] Triggering popup at 00:45
[2025-11-20 00:45:07] Saved 358 entries to /home/gokhan/Side-Projects/momentum-tracker/reports/2025-11-20_report.xlsx
[2025-11-20 01:00:03] Triggering popup at 01:00
[2025-11-20 01:00:07] Saved 359 entries to /home/gokhan/Side-Projects/momentum-tracker/reports/2025-11-20_report.xlsx
[2025-11-20 01:15:03] Triggering popup at 01:15
[2025-11-20 01:15:21] Saved 360 entries to /home/gokhan/Side-Projects/momentum-tracker/reports/2025-11-20_report.xlsx
[2025-11-20 01:30:03] Triggering popup at 01:30
[2025-11-20 01:30:06] Saved 361 entries to /home/gokhan/Side-Projects/momentum-tracker/reports/2025-11-20_report.xlsx
[2025-11-20 09:40:58] Loaded 361 previous entries from /home/gokhan/Side-Projects/momentum-tracker/reports/2025-11-20_report.xlsx
[2025-11-20 09:40:58] Momentum Tracker started successfully.
[2025-11-20 09:45:03] Triggering popup at 09:45
[2025-11-20 09:45:28] Saved 362 entries to /home/gokhan/Side-Projects/momentum-tracker/reports/2025-11-20_report.xlsx
[2025-11-20 10:00:03] Triggering popup at 10:00
[2025-11-20 10:15:03] Triggering popup at 10:15
[2025-11-20 10:30:03] Triggering popup at 10:30
[2025-11-20 10:45:03] Triggering popup at 10:45
[2025-11-20 11:00:03] Triggering popup at 11:00
[2025-11-20 11:15:03] Triggering popup at 11:15
[2025-11-20 11:23:49] Saved 363 entries to /home/gokhan/Side-Projects/momentum-tracker/reports/2025-11-20_report.xlsx
[2025-11-20 11:30:03] Triggering popup at 11:30
[2025-11-20 11:30:10] Saved 364 entries to /home/gokhan/Side-Projects/momentum-tracker/reports/2025-11-20_report.xlsx
[2025-11-20 11:45:03] Triggering popup at 11:45
[2025-11-20 11:45:11] Saved 365 entries to /home/gokhan/Side-Projects/momentum-tracker/reports/2025-11-20_report.xlsx
[2025-11-20 12:00:03] Triggering popup at 12:00
[2025-11-20 12:00:06] Saved 366 entries to /home/gokhan/Side-Projects/momentum-tracker/reports/2025-11-20_report.xlsx
[2025-11-20 13:15:56] Loaded 366 previous entries from /home/gokhan/Side-Projects/momentum-tracker/reports/2025-11-20_report.xlsx
[2025-11-20 13:15:57] Triggering popup at 13:15
[2025-11-20 13:15:57] Momentum Tracker started successfully.
[2025-11-20 13:16:00] Saved 367 entries to /home/gokhan/Side-Projects/momentum-tracker/reports/2025-11-20_report.xlsx
[2025-11-20 13:30:02] Triggering popup at 13:30
[2025-11-20 13:30:13] Saved 368 entries to /home/gokhan/Side-Projects/momentum-tracker/reports/2025-11-20_report.xlsx
[2025-11-20 13:45:02] Triggering popup at 13:45
[2025-11-20 13:57:33] Saved 369 entries to /home/gokhan/Side-Projects/momentum-tracker/reports/2025-11-20_report.xlsx
[2025-11-20 14:00:02] Triggering popup at 14:00
[2025-11-20 14:00:04] Saved 370 entries to /home/gokhan/Side-Projects/momentum-tracker/reports/2025-11-20_report.xlsx
[2025-11-20 14:15:02] Triggering popup at 14:15
[2025-11-20 14:15:04] Saved 371 entries to /home/gokhan/Side-Projects/momentum-tracker/reports/2025-11-20_report.xlsx
[2025-11-20 14:30:02] Triggering popup at 14:30
[2025-11-20 14:30:07] Saved 372 entries to /home/gokhan/Side-Projects/momentum-tracker/reports/2025-11-20_report.xlsx
[2025-11-20 14:45:02] Triggering popup at 14:45
[2025-11-20 14:45:06] Saved 373 entries to /home/gokhan/Side-Projects/momentum-tracker/reports/2025-11-20_report.xlsx
[2025-11-20 15:00:02] Triggering popup at 15:00
[2025-11-20 15:00:07] Saved 374 entries to /home/gokhan/Side-Projects/momentum-tracker/reports/2025-11-20_report.xlsx
[2025-11-20 15:15:02] Triggering popup at 15:15
[2025-11-20 15:15:11] Saved 375 entries to /home/gokhan/Side-Projects/momentum-tracker/reports/2025-11-20_report.xlsx
[2025-11-20 15:30:02] Triggering popup at 15:30
[2025-11-20 15:30:11] Saved 376 entries to /home/gokhan/Side-Projects/momentum-tracker/reports/2025-11-20_report.xlsx
[2025-11-20 15:45:02] Triggering popup at 15:45
[2025-11-20 15:45:09] Saved 377 entries to /home/gokhan/Side-Projects/momentum-tracker/reports/2025-11-20_report.xlsx
[2025-11-21 11:06:35] Momentum Tracker started successfully.
[2025-11-21 11:15:04] Triggering popup at 11:15
[2025-11-21 11:15:06] Saved 1 entries to /home/gokhan/Side-Projects/momentum-tracker/reports/2025-11-21_report.xlsx
[2025-11-21 11:15:07] Saved 2 entries to /home/gokhan/Side-Projects/momentum-tracker/reports/2025-11-21_report.xlsx
[2025-11-21 11:30:04] Triggering popup at 11:30
[2025-11-21 11:30:22] Saved 3 entries to /home/gokhan/Side-Projects/momentum-tracker/reports/2025-11-21_report.xlsx
[2025-11-21 11:45:04] Triggering popup at 11:45
[2025-11-21 12:00:04] Triggering popup at 12:00
[2025-11-21 12:12:16] Saved 4 entries to /home/gokhan/Side-Projects/momentum-tracker/reports/2025-11-21_report.xlsx
[2025-11-21 12:12:18] Saved 5 entries to /home/gokhan/Side-Projects/momentum-tracker/reports/2025-11-21_report.xlsx
[2025-11-21 12:15:04] Triggering popup at 12:15
[2025-11-21 12:16:23] Saved 6 entries to /home/gokhan/Side-Projects/momentum-tracker/reports/2025-11-21_report.xlsx
[2025-11-21 12:30:04] Triggering popup at 12:30
[2025-11-21 12:42:27] Saved 7 entries to /home/gokhan/Side-Projects/momentum-tracker/reports/2025-11-21_report.xlsx
[2025-11-21 12:45:04] Triggering popup at 12:45
[2025-11-21 12:45:07] Saved 8 entries to /home/gokhan/Side-Projects/momentum-tracker/reports/2025-11-21_report.xlsx
[2025-11-21 13:00:04] Triggering popup at 13:00
[2025-11-21 13:15:04] Triggering popup at 13:15
[2025-11-21 13:30:04] Triggering popup at 13:30
[2025-11-21 13:43:39] Saved 9 entries to /home/gokhan/Side-Projects/momentum-tracker/reports/2025-11-21_report.xlsx
[2025-11-21 13:43:42] Saved 10 entries to /home/gokhan/Side-Projects/momentum-tracker/reports/2025-11-21_report.xlsx
[2025-11-21 13:43:45] Saved 11 entries to /home/gokhan/Side-Projects/momentum-tracker/reports/2025-11-21_report.xlsx
[2025-11-21 13:45:04] Triggering popup at 13:45
[2025-11-21 13:55:01] Saved 12 entries to /home/gokhan/Side-Projects/momentum-tracker/reports/2025-11-21_report.xlsx
[2025-11-21 14:00:04] Triggering popup at 14:00
[2025-11-21 14:15:04] Triggering popup at 14:15
[2025-11-21 14:30:04] Triggering popup at 14:30
[2025-11-21 14:45:04] Triggering popup at 14:45
[2025-11-21 15:00:04] Triggering popup at 15:00
[2025-11-21 15:15:04] Triggering popup at 15:15
[2025-11-21 15:30:04] Triggering popup at 15:30
[2025-11-21 15:45:04] Triggering popup at 15:45
[2025-11-21 15:52:34] Saved 13 entries to /home/gokhan/Side-Projects/momentum-tracker/reports/2025-11-21_report.xlsx
[2025-11-21 15:52:36] Saved 14 entries to /home/gokhan/Side-Projects/momentum-tracker/reports/2025-11-21_report.xlsx
[2025-11-21 15:52:38] Saved 15 entries to /home/gokhan/Side-Projects/momentum-tracker/reports/2025-11-21_report.xlsx
[2025-11-21 15:52:40] Saved 16 entries to /home/gokhan/Side-Projects/momentum-tracker/reports/2025-11-21_report.xlsx
[2025-11-21 15:52:42] Saved 17 entries to /home/gokhan/Side-Projects/momentum-tracker/reports/2025-11-21_report.xlsx
[2025-11-21 15:52:43] Saved 18 entries to /home/gokhan/Side-Projects/momentum-tracker/reports/2025-11-21_report.xlsx
[2025-11-21 15:52:44] Saved 19 entries to /home/gokhan/Side-Projects/momentum-tracker/reports/2025-11-21_report.xlsx
[2025-11-21 15:52:47] Saved 20 entries to /home/gokhan/Side-Projects/momentum-tracker/reports/2025-11-21_report.xlsx
[2025-11-21 16:00:04] Triggering popup at 16:00
[2025-11-21 16:00:11] Saved 21 entries to /home/gokhan/Side-Projects/momentum-tracker/reports/2025-11-21_report.xlsx
[2025-11-21 16:15:04] Triggering popup at 16:15
[2025-11-21 16:30:04] Triggering popup at 16:30
[2025-11-21 16:36:57] Saved 22 entries to /home/gokhan/Side-Projects/momentum-tracker/reports/2025-11-21_report.xlsx
[2025-11-21 16:37:00] Saved 23 entries to /home/gokhan/Side-Projects/momentum-tracker/reports/2025-11-21_report.xlsx
[2025-11-22 20:01:23] Momentum Tracker started successfully.
[2025-11-22 20:15:03] Triggering popup at 20:15
[2025-11-22 20:15:09] Saved 1 entries to /home/gokhan/Side-Projects/momentum-tracker/reports/2025-11-22_report.xlsx
[2025-11-22 20:30:03] Triggering popup at 20:30
[2025-11-22 20:31:14] Saved 2 entries to /home/gokhan/Side-Projects/momentum-tracker/reports/2025-11-22_report.xlsx
[2025-11-22 21:39:46] Loaded 2 previous entries from /home/gokhan/Side-Projects/momentum-tracker/reports/2025-11-22_report.xlsx
[2025-11-22 21:39:46] Momentum Tracker started successfully.
[2025-11-22 21:45:01] Triggering popup at 21:45
[2025-11-22 21:45:03] Saved 3 entries to /home/gokhan/Side-Projects/momentum-tracker/reports/2025-11-22_report.xlsx
[2025-11-23 01:03:14] Momentum Tracker started successfully.
[2025-11-23 01:15:04] Triggering popup at 01:15
[2025-11-23 01:15:09] Saved 1 entries to /home/gokhan/Side-Projects/momentum-tracker/reports/2025-11-23_report.xlsx
[2025-11-23 01:15:09] Saved 2 entries to /home/gokhan/Side-Projects/momentum-tracker/reports/2025-11-23_report.xlsx
[2025-11-23 01:30:04] Triggering popup at 01:30
[2025-11-23 01:30:09] Saved 3 entries to /home/gokhan/Side-Projects/momentum-tracker/reports/2025-11-23_report.xlsx
[2025-11-23 01:45:04] Triggering popup at 01:45
[2025-11-23 01:45:15] Saved 4 entries to /home/gokhan/Side-Projects/momentum-tracker/reports/2025-11-23_report.xlsx
[2025-11-23 02:00:04] Triggering popup at 02:00
[2025-11-23 02:00:06] Saved 5 entries to /home/gokhan/Side-Projects/momentum-tracker/reports/2025-11-23_report.xlsx
[2025-11-23 02:02:12] Loaded 5 previous entries from /home/gokhan/Side-Projects/momentum-tracker/reports/2025-11-23_report.xlsx
[2025-11-23 02:02:12] Momentum Tracker started successfully.
[2025-11-23 02:15:02] Triggering popup at 02:15
[2025-11-23 02:22:25] Saved 6 entries to /home/gokhan/Side-Projects/momentum-tracker/reports/2025-11-23_report.xlsx
[2025-11-23 03:11:46] Loaded 6 previous entries from /home/gokhan/Side-Projects/momentum-tracker/reports/2025-11-23_report.xlsx
[2025-11-23 03:11:46] Momentum Tracker started successfully.
[2025-11-23 03:15:02] Triggering popup at 03:15
[2025-11-23 03:15:34] Saved 7 entries to /home/gokhan/Side-Projects/momentum-tracker/reports/2025-11-23_report.xlsx
[2025-11-23 12:03:15] Loaded 7 previous entries from /home/gokhan/Side-Projects/momentum-tracker/reports/2025-11-23_report.xlsx
[2025-11-23 12:03:15] Momentum Tracker started successfully.
[2025-11-23 12:15:00] Triggering popup at 12:15
[2025-11-23 12:16:20] Saved 8 entries to /home/gokhan/Side-Projects/momentum-tracker/reports/2025-11-23_report.xlsx
[2025-11-23 12:30:00] Triggering popup at 12:30
[2025-11-23 12:31:04] Saved 9 entries to /home/gokhan/Side-Projects/momentum-tracker/reports/2025-11-23_report.xlsx
[2025-11-23 12:45:00] Triggering popup at 12:45
[2025-11-23 12:45:02] Saved 10 entries to /home/gokhan/Side-Projects/momentum-tracker/reports/2025-11-23_report.xlsx
[2025-11-23 13:00:00] Triggering popup at 13:00
[2025-11-23 13:00:02] Saved 11 entries to /home/gokhan/Side-Projects/momentum-tracker/reports/2025-11-23_report.xlsx
[2025-11-23 13:15:00] Triggering popup at 13:15
[2025-11-23 13:15:04] Saved 12 entries to /home/gokhan/Side-Projects/momentum-tracker/reports/2025-11-23_report.xlsx
[2025-11-23 13:30:00] Triggering popup at 13:30
[2025-11-23 13:30:02] Saved 13 entries to /home/gokhan/Side-Projects/momentum-tracker/reports/2025-11-23_report.xlsx
[2025-11-23 13:45:00] Triggering popup at 13:45
[2025-11-23 13:45:03] Saved 14 entries to /home/gokhan/Side-Projects/momentum-tracker/reports/2025-11-23_report.xlsx
[2025-11-23 14:00:00] Triggering popup at 14:00
[2025-11-23 14:06:17] Saved 15 entries to /home/gokhan/Side-Projects/momentum-tracker/reports/2025-11-23_report.xlsx
[2025-11-23 14:15:00] Triggering popup at 14:15
[2025-11-23 14:20:00] Saved 16 entries to /home/gokhan/Side-Projects/momentum-tracker/reports/2025-11-23_report.xlsx
[2025-11-23 14:30:00] Triggering popup at 14:30
[2025-11-23 14:45:00] Triggering popup at 14:45
[2025-11-23 14:52:04] Saved 17 entries to /home/gokhan/Side-Projects/momentum-tracker/reports/2025-11-23_report.xlsx
[2025-11-23 14:52:07] Saved 18 entries to /home/gokhan/Side-Projects/momentum-tracker/reports/2025-11-23_report.xlsx
[2025-11-23 15:00:00] Triggering popup at 15:00
[2025-11-23 15:04:25] Saved 19 entries to /home/gokhan/Side-Projects/momentum-tracker/reports/2025-11-23_report.xlsx
[2025-11-23 15:15:00] Triggering popup at 15:15
[2025-11-23 15:15:03] Saved 20 entries to /home/gokhan/Side-Projects/momentum-tracker/reports/2025-11-23_report.xlsx
[2025-11-23 15:30:00] Triggering popup at 15:30
[2025-11-23 15:35:18] Saved 21 entries to /home/gokhan/Side-Projects/momentum-tracker/reports/2025-11-23_report.xlsx
[2025-11-23 15:45:00] Triggering popup at 15:45
[2025-11-23 15:46:05] Saved 22 entries to /home/gokhan/Side-Projects/momentum-tracker/reports/2025-11-23_report.xlsx
[2025-11-23 17:34:45] Loaded 22 previous entries from /home/gokhan/Side-Projects/momentum-tracker/reports/2025-11-23_report.xlsx
[2025-11-23 17:34:46] Momentum Tracker started successfully.
[2025-11-23 17:45:01] Triggering popup at 17:45
[2025-11-23 17:45:04] Saved 23 entries to /home/gokhan/Side-Projects/momentum-tracker/reports/2025-11-23_report.xlsx
[2025-11-23 18:00:01] Triggering popup at 18:00
[2025-11-23 18:00:03] Saved 24 entries to /home/gokhan/Side-Projects/momentum-tracker/reports/2025-11-23_report.xlsx
[2025-11-23 18:15:01] Triggering popup at 18:15
[2025-11-23 18:15:09] Saved 25 entries to /home/gokhan/Side-Projects/momentum-tracker/reports/2025-11-23_report.xlsx
[2025-11-23 18:30:01] Triggering popup at 18:30
[2025-11-23 18:30:14] Saved 26 entries to /home/gokhan/Side-Projects/momentum-tracker/reports/2025-11-23_report.xlsx
[2025-11-23 18:45:01] Triggering popup at 18:45
[2025-11-23 18:48:00] Saved 27 entries to /home/gokhan/Side-Projects/momentum-tracker/reports/2025-11-23_report.xlsx
[2025-11-23 19:00:01] Triggering popup at 19:00
[2025-11-23 19:11:12] Saved 28 entries to /home/gokhan/Side-Projects/momentum-tracker/reports/2025-11-23_report.xlsx
[2025-11-23 19:15:01] Triggering popup at 19:15
[2025-11-23 19:15:06] Saved 29 entries to /home/gokhan/Side-Projects/momentum-tracker/reports/2025-11-23_report.xlsx
[2025-11-23 19:30:01] Triggering popup at 19:30
[2025-11-23 19:30:04] Saved 30 entries to /home/gokhan/Side-Projects/momentum-tracker/reports/2025-11-23_report.xlsx
[2025-11-23 19:45:01] Triggering popup at 19:45
[2025-11-23 19:45:03] Saved 31 entries to /home/gokhan/Side-Projects/momentum-tracker/reports/2025-11-23_report.xlsx
[2025-11-23 20:00:01] Triggering popup at 20:00
[2025-11-23 20:00:14] Saved 32 entries to /home/gokhan/Side-Projects/momentum-tracker/reports/2025-11-23_report.xlsx
[2025-11-23 20:15:01] Triggering popup at 20:15
[2025-11-23 20:15:04] Saved 33 entries to /home/gokhan/Side-Projects/momentum-tracker/reports/2025-11-23_report.xlsx
[2025-11-23 20:30:01] Triggering popup at 20:30
[2025-11-23 20:44:52] Saved 34 entries to /home/gokhan/Side-Projects/momentum-tracker/reports/2025-11-23_report.xlsx
[2025-11-23 20:45:01] Triggering popup at 20:45
[2025-11-23 20:45:05] Saved 35 entries to /home/gokhan/Side-Projects/momentum-tracker/reports/2025-11-23_report.xlsx
[2025-11-23 21:00:01] Triggering popup at 21:00
[2025-11-23 21:00:04] Saved 36 entries to /home/gokhan/Side-Projects/momentum-tracker/reports/2025-11-23_report.xlsx
[2025-11-23 21:15:01] Triggering popup at 21:15
[2025-11-23 21:30:01] Triggering popup at 21:30
[2025-11-23 21:37:26] Saved 37 entries to /home/gokhan/Side-Projects/momentum-tracker/reports/2025-11-23_report.xlsx
[2025-11-23 21:37:29] Saved 38 entries to /home/gokhan/Side-Projects/momentum-tracker/reports/2025-11-23_report.xlsx
[2025-11-23 21:45:01] Triggering popup at 21:45
[2025-11-23 21:45:11] Saved 39 entries to /home/gokhan/Side-Projects/momentum-tracker/reports/2025-11-23_report.xlsx
[2025-11-23 22:00:01] Triggering popup at 22:00
[2025-11-23 22:00:04] Saved 40 entries to /home/gokhan/Side-Projects/momentum-tracker/reports/2025-11-23_report.xlsx
[2025-11-23 22:15:01] Triggering popup at 22:15
[2025-11-23 22:15:05] Saved 41 entries to /home/gokhan/Side-Projects/momentum-tracker/reports/2025-11-23_report.xlsx
[2025-11-23 22:30:01] Triggering popup at 22:30
[2025-11-23 22:30:11] Saved 42 entries to /home/gokhan/Side-Projects/momentum-tracker/reports/2025-11-23_report.xlsx
[2025-11-23 22:45:01] Triggering popup at 22:45
[2025-11-23 23:00:01] Triggering popup at 23:00
[2025-11-23 23:07:50] Saved 43 entries to /home/gokhan/Side-Projects/momentum-tracker/reports/2025-11-23_report.xlsx
[2025-11-23 23:07:53] Saved 44 entries to /home/gokhan/Side-Projects/momentum-tracker/reports/2025-11-23_report.xlsx
[2025-11-23 23:15:01] Triggering popup at 23:15
[2025-11-23 23:16:38] Saved 45 entries to /home/gokhan/Side-Projects/momentum-tracker/reports/2025-11-23_report.xlsx
[2025-11-23 23:30:01] Triggering popup at 23:30
[2025-11-23 23:30:04] Saved 46 entries to /home/gokhan/Side-Projects/momentum-tracker/reports/2025-11-23_report.xlsx
[2025-11-23 23:45:01] Triggering popup at 23:45
[2025-11-23 23:45:04] Saved 47 entries to /home/gokhan/Side-Projects/momentum-tracker/reports/2025-11-23_report.xlsx
[2025-11-24 00:00:04] Triggering popup at 00:00
[2025-11-24 00:00:04] Momentum Tracker started successfully.
[2025-11-24 00:00:06] Saved 1 entries to /home/gokhan/Side-Projects/momentum-tracker/reports/2025-11-24_report.xlsx
[2025-11-24 00:15:04] Triggering popup at 00:15
[2025-11-24 00:15:06] Saved 2 entries to /home/gokhan/Side-Projects/momentum-tracker/reports/2025-11-24_report.xlsx
[2025-11-24 00:30:04] Triggering popup at 00:30
[2025-11-24 00:36:46] Saved 3 entries to /home/gokhan/Side-Projects/momentum-tracker/reports/2025-11-24_report.xlsx
[2025-11-24 10:45:35] Loaded 3 previous entries from /home/gokhan/Side-Projects/momentum-tracker/reports/2025-11-24_report.xlsx
[2025-11-24 10:45:35] Triggering popup at 10:45
[2025-11-24 10:45:35] Momentum Tracker started successfully.
[2025-11-24 10:46:44] Saved 4 entries to /home/gokhan/Side-Projects/momentum-tracker/reports/2025-11-24_report.xlsx
[2025-11-24 11:00:00] Triggering popup at 11:00
[2025-11-24 11:00:05] Saved 5 entries to /home/gokhan/Side-Projects/momentum-tracker/reports/2025-11-24_report.xlsx
[2025-11-24 11:15:00] Triggering popup at 11:15
[2025-11-24 11:30:00] Triggering popup at 11:30
[2025-11-24 11:33:39] Saved 6 entries to /home/gokhan/Side-Projects/momentum-tracker/reports/2025-11-24_report.xlsx
[2025-11-24 11:33:40] Saved 7 entries to /home/gokhan/Side-Projects/momentum-tracker/reports/2025-11-24_report.xlsx
[2025-11-24 11:45:00] Triggering popup at 11:45
[2025-11-24 11:45:06] Saved 8 entries to /home/gokhan/Side-Projects/momentum-tracker/reports/2025-11-24_report.xlsx
[2025-11-24 12:00:00] Triggering popup at 12:00
[2025-11-24 15:50:27] Loaded 8 previous entries from /home/gokhan/Side-Projects/momentum-tracker/reports/2025-11-24_report.xlsx
[2025-11-24 15:50:27] Momentum Tracker started successfully.
[2025-11-24 16:00:02] Triggering popup at 16:00
[2025-11-24 16:15:02] Triggering popup at 16:15
[2025-11-24 16:30:02] Triggering popup at 16:30
[2025-11-24 19:12:10] Loaded 8 previous entries from /home/gokhan/Side-Projects/momentum-tracker/reports/2025-11-24_report.xlsx
[2025-11-24 19:12:10] Momentum Tracker started successfully.
[2025-11-24 22:19:22] Loaded 8 previous entries from /home/gokhan/Side-Projects/momentum-tracker/reports/2025-11-24_report.xlsx
[2025-11-24 22:19:23] Momentum Tracker started successfully.
[2025-11-24 22:30:03] Triggering popup at 22:30
[2025-11-24 22:30:26] Saved 9 entries to /home/gokhan/Side-Projects/momentum-tracker/reports/2025-11-24_report.xlsx
[2025-11-24 22:45:03] Triggering popup at 22:45
[2025-11-24 22:54:39] Saved 10 entries to /home/gokhan/Side-Projects/momentum-tracker/reports/2025-11-24_report.xlsx
[2025-11-24 23:00:03] Triggering popup at 23:00
[2025-11-24 23:00:13] Saved 11 entries to /home/gokhan/Side-Projects/momentum-tracker/reports/2025-11-24_report.xlsx
[2025-11-24 23:15:03] Triggering popup at 23:15
[2025-11-24 23:15:05] Saved 12 entries to /home/gokhan/Side-Projects/momentum-tracker/reports/2025-11-24_report.xlsx
[2025-11-24 23:30:03] Triggering popup at 23:30
[2025-11-24 23:30:07] Saved 13 entries to /home/gokhan/Side-Projects/momentum-tracker/reports/2025-11-24_report.xlsx
[2025-11-25 02:01:43] Momentum Tracker started successfully.
[2025-11-25 02:15:03] Triggering popup at 02:15
[2025-11-25 02:19:52] Saved 1 entries to /home/gokhan/Side-Projects/momentum-tracker/reports/2025-11-25_report.xlsx
[2025-11-28 14:51:50] Momentum Tracker started successfully.
[2025-11-28 15:00:04] Triggering popup at 15:00
[2025-11-28 15:00:11] Saved 1 entries to /home/gokhan/Side-Projects/momentum-tracker/reports/2025-11-28_report.xlsx
[2025-11-28 15:00:11] Saved 2 entries to /home/gokhan/Side-Projects/momentum-tracker/reports/2025-11-28_report.xlsx
[2025-11-28 15:15:04] Triggering popup at 15:15
[2025-11-28 15:15:13] Saved 3 entries to /home/gokhan/Side-Projects/momentum-tracker/reports/2025-11-28_report.xlsx
[2025-11-28 16:15:01] Triggering popup at 16:15
[2025-11-28 16:15:26] Saved 4 entries to /home/gokhan/Side-Projects/momentum-tracker/reports/2025-11-28_report.xlsx
[2025-11-28 16:30:01] Triggering popup at 16:30
[2025-11-28 16:31:10] Saved 5 entries to /home/gokhan/Side-Projects/momentum-tracker/reports/2025-11-28_report.xlsx
[2025-11-28 16:45:01] Triggering popup at 16:45
[2025-11-28 16:45:23] Saved 6 entries to /home/gokhan/Side-Projects/momentum-tracker/reports/2025-11-28_report.xlsx
[2025-11-28 17:00:02] Triggering popup at 17:00
[2025-11-28 17:00:18] Saved 7 entries to /home/gokhan/Side-Projects/momentum-tracker/reports/2025-11-28_report.xlsx
[2025-11-29 14:37:12] Momentum Tracker started successfully.
[2025-11-29 14:45:02] Triggering popup at 14:45
[2025-11-29 14:45:04] Saved 1 entries to /home/gokhan/Side-Projects/momentum-tracker/reports/2025-11-29_report.xlsx
[2025-11-29 14:45:04] Saved 2 entries to /home/gokhan/Side-Projects/momentum-tracker/reports/2025-11-29_report.xlsx
[2025-11-29 15:00:02] Triggering popup at 15:00
[2025-11-29 15:00:12] Saved 3 entries to /home/gokhan/Side-Projects/momentum-tracker/reports/2025-11-29_report.xlsx
[2025-11-29 15:15:02] Triggering popup at 15:15
[2025-11-29 15:15:11] Saved 4 entries to /home/gokhan/Side-Projects/momentum-tracker/reports/2025-11-29_report.xlsx
[2025-11-29 15:30:02] Triggering popup at 15:30
[2025-11-29 15:30:04] Saved 5 entries to /home/gokhan/Side-Projects/momentum-tracker/reports/2025-11-29_report.xlsx
[2025-11-29 15:45:02] Triggering popup at 15:45
[2025-11-29 15:45:13] Saved 6 entries to /home/gokhan/Side-Projects/momentum-tracker/reports/2025-11-29_report.xlsx
[2025-11-29 16:00:02] Triggering popup at 16:00
[2025-11-29 16:00:09] Saved 7 entries to /home/gokhan/Side-Projects/momentum-tracker/reports/2025-11-29_report.xlsx
[2025-11-29 16:01:26] Loaded 7 previous entries from /home/gokhan/Side-Projects/momentum-tracker/reports/2025-11-29_report.xlsx
[2025-11-29 16:01:26] Momentum Tracker started successfully.
[2025-11-29 16:03:01] Loaded 7 previous entries from /home/gokhan/Side-Projects/momentum-tracker/reports/2025-11-29_report.xlsx
[2025-11-29 16:03:01] Momentum Tracker started successfully.
[2025-11-29 16:30:00] Triggering popup at 16:30
[2025-11-29 16:32:27] Saved 8 entries to /home/gokhan/Side-Projects/momentum-tracker/reports/2025-11-29_report.xlsx
[2025-11-29 16:45:00] Triggering popup at 16:45
[2025-11-29 16:45:07] Saved 9 entries to /home/gokhan/Side-Projects/momentum-tracker/reports/2025-11-29_report.xlsx
[2025-11-29 17:00:00] Triggering popup at 17:00
[2025-11-29 17:06:07] Saved 10 entries to /home/gokhan/Side-Projects/momentum-tracker/reports/2025-11-29_report.xlsx
[2025-11-29 17:15:00] Triggering popup at 17:15
[2025-11-29 17:15:08] Saved 11 entries to /home/gokhan/Side-Projects/momentum-tracker/reports/2025-11-29_report.xlsx
[2025-11-29 17:30:00] Triggering popup at 17:30
[2025-11-29 17:33:58] Saved 12 entries to /home/gokhan/Side-Projects/momentum-tracker/reports/2025-11-29_report.xlsx
[2025-11-29 19:34:21] Loaded 12 previous entries from /home/gokhan/Side-Projects/momentum-tracker/reports/2025-11-29_report.xlsx
[2025-11-29 19:34:21] Momentum Tracker started successfully.
[2025-11-29 19:45:01] Triggering popup at 19:45
[2025-11-29 20:00:01] Triggering popup at 20:00
[2025-11-29 20:15:01] Triggering popup at 20:15
[2025-11-29 20:30:01] Triggering popup at 20:30
[2025-11-29 20:45:01] Triggering popup at 20:45
[2025-11-29 20:45:06] Saved 13 entries to /home/gokhan/Side-Projects/momentum-tracker/reports/2025-11-29_report.xlsx
[2025-11-29 20:54:19] Loaded 13 previous entries from /home/gokhan/Side-Projects/momentum-tracker/reports/2025-11-29_report.xlsx
[2025-11-29 20:54:20] Momentum Tracker started successfully.
[2025-11-29 21:00:00] Triggering popup at 21:00
[2025-11-29 21:00:02] Saved 14 entries to /home/gokhan/Side-Projects/momentum-tracker/reports/2025-11-29_report.xlsx
[2025-11-29 21:15:00] Triggering popup at 21:15
[2025-11-29 21:30:00] Triggering popup at 21:30
[2025-11-30 13:03:27] Momentum Tracker started successfully.
[2025-11-30 13:15:02] Triggering popup at 13:15
[2025-11-30 13:24:39] Saved 1 entries to /home/gokhan/Side-Projects/momentum-tracker/reports/2025-11-30_report.xlsx
[2025-11-30 13:30:02] Triggering popup at 13:30
[2025-11-30 13:45:03] Triggering popup at 13:45
[2025-11-30 14:00:03] Triggering popup at 14:00
[2025-11-30 14:01:26] Saved 2 entries to /home/gokhan/Side-Projects/momentum-tracker/reports/2025-11-30_report.xlsx
[2025-11-30 14:15:03] Triggering popup at 14:15
[2025-11-30 14:30:03] Triggering popup at 14:30
[2025-11-30 14:45:03] Triggering popup at 14:45
[2025-11-30 15:00:03] Triggering popup at 15:00
[2025-11-30 15:15:03] Triggering popup at 15:15
[2025-11-30 15:30:03] Triggering popup at 15:30
[2025-11-30 15:45:03] Triggering popup at 15:45
[2025-11-30 16:00:03] Triggering popup at 16:00
[2025-11-30 16:15:03] Triggering popup at 16:15
[2025-11-30 16:30:03] Triggering popup at 16:30
[2025-11-30 16:45:03] Triggering popup at 16:45
[2025-11-30 16:45:10] Saved 3 entries to /home/gokhan/Side-Projects/momentum-tracker/reports/2025-11-30_report.xlsx
[2025-11-30 17:00:03] Triggering popup at 17:00
[2025-11-30 17:15:03] Triggering popup at 17:15
[2025-11-30 17:30:03] Triggering popup at 17:30
[2025-11-30 17:45:03] Triggering popup at 17:45
[2025-11-30 18:00:03] Triggering popup at 18:00
[2025-11-30 18:15:03] Triggering popup at 18:15
[2025-11-30 18:30:03] Triggering popup at 18:30
[2025-11-30 18:45:03] Triggering popup at 18:45
[2025-11-30 19:00:03] Triggering popup at 19:00
[2025-11-30 19:15:03] Triggering popup at 19:15
[2025-11-30 19:30:03] Triggering popup at 19:30
[2025-11-30 19:45:03] Triggering popup at 19:45
[2025-11-30 20:00:03] Triggering popup at 20:00
[2025-11-30 20:15:03] Triggering popup at 20:15
[2025-11-30 20:30:03] Triggering popup at 20:30
[2025-11-30 20:45:03] Triggering popup at 20:45
[2025-11-30 21:00:03] Triggering popup at 21:00
[2025-11-30 21:15:03] Triggering popup at 21:15
[2025-12-02 00:50:17] Momentum Tracker started successfully.
[2025-12-02 01:00:02] Triggering popup at 01:00
[2025-12-03 21:36:31] Momentum Tracker started successfully.
[2025-12-03 21:45:01] Triggering popup at 21:45
[2025-12-03 21:45:04] Saved 1 entries to /home/gokhan/Side-Projects/momentum-tracker/reports/2025-12-03_report.xlsx
[2025-12-03 22:00:01] Triggering popup at 22:00
[2025-12-03 22:00:05] Saved 2 entries to /home/gokhan/Side-Projects/momentum-tracker/reports/2025-12-03_report.xlsx
[2025-12-03 22:15:01] Triggering popup at 22:15
[2025-12-03 22:23:16] Saved 3 entries to /home/gokhan/Side-Projects/momentum-tracker/reports/2025-12-03_report.xlsx
[2025-12-03 22:30:01] Triggering popup at 22:30
[2025-12-03 22:30:03] Saved 4 entries to /home/gokhan/Side-Projects/momentum-tracker/reports/2025-12-03_report.xlsx
[2025-12-03 22:45:01] Triggering popup at 22:45
[2025-12-03 22:45:04] Saved 5 entries to /home/gokhan/Side-Projects/momentum-tracker/reports/2025-12-03_report.xlsx
[2025-12-03 23:00:01] Triggering popup at 23:00
[2025-12-03 23:00:04] Saved 6 entries to /home/gokhan/Side-Projects/momentum-tracker/reports/2025-12-03_report.xlsx
[2025-12-03 23:15:01] Triggering popup at 23:15
[2025-12-03 23:22:45] Saved 7 entries to /home/gokhan/Side-Projects/momentum-tracker/reports/2025-12-03_report.xlsx
[2025-12-03 23:30:01] Triggering popup at 23:30
[2025-12-03 23:35:49] Saved 8 entries to /home/gokhan/Side-Projects/momentum-tracker/reports/2025-12-03_report.xlsx
[2025-12-03 23:45:01] Triggering popup at 23:45
[2025-12-03 23:46:24] Saved 9 entries to /home/gokhan/Side-Projects/momentum-tracker/reports/2025-12-03_report.xlsx
[2025-12-04 00:00:01] Triggering popup at 00:00
[2025-12-04 00:00:05] Saved 10 entries to /home/gokhan/Side-Projects/momentum-tracker/reports/2025-12-04_report.xlsx
[2025-12-04 00:15:01] Triggering popup at 00:15
[2025-12-04 00:16:02] Saved 11 entries to /home/gokhan/Side-Projects/momentum-tracker/reports/2025-12-04_report.xlsx
[2025-12-04 00:30:01] Triggering popup at 00:30
[2025-12-04 00:30:06] Saved 12 entries to /home/gokhan/Side-Projects/momentum-tracker/reports/2025-12-04_report.xlsx
[2025-12-04 00:57:16] Loaded 12 previous entries from /home/gokhan/Side-Projects/momentum-tracker/reports/2025-12-04_report.xlsx
[2025-12-04 00:57:16] Momentum Tracker started successfully.
[2025-12-04 01:00:01] Triggering popup at 01:00
[2025-12-04 01:00:11] Saved 13 entries to /home/gokhan/Side-Projects/momentum-tracker/reports/2025-12-04_report.xlsx
[2025-12-04 01:15:01] Triggering popup at 01:15
[2025-12-04 01:30:01] Triggering popup at 01:30
[2025-12-04 01:45:01] Triggering popup at 01:45
[2025-12-04 02:00:01] Triggering popup at 02:00
[2025-12-04 02:15:01] Triggering popup at 02:15
[2025-12-04 02:30:01] Triggering popup at 02:30
[2025-12-04 02:45:01] Triggering popup at 02:45
[2025-12-04 03:00:01] Triggering popup at 03:00
[2025-12-04 03:15:01] Triggering popup at 03:15
[2025-12-04 03:30:01] Triggering popup at 03:30
[2025-12-04 03:45:01] Triggering popup at 03:45
[2025-12-04 04:00:01] Triggering popup at 04:00
[2025-12-04 04:15:01] Triggering popup at 04:15
[2025-12-04 04:30:01] Triggering popup at 04:30
[2025-12-04 04:45:01] Triggering popup at 04:45
[2025-12-04 05:00:01] Triggering popup at 05:00
[2025-12-04 05:15:01] Triggering popup at 05:15
[2025-12-04 05:30:01] Triggering popup at 05:30
[2025-12-04 05:45:01] Triggering popup at 05:45
[2025-12-04 06:00:01] Triggering popup at 06:00
[2025-12-04 06:15:01] Triggering popup at 06:15
[2025-12-04 13:57:08] Loaded 13 previous entries from /home/gokhan/Side-Projects/momentum-tracker/reports/2025-12-04_report.xlsx
[2025-12-04 13:57:08] Momentum Tracker started successfully.
[2025-12-04 14:00:03] Triggering popup at 14:00
[2025-12-04 14:00:06] Saved 14 entries to /home/gokhan/Side-Projects/momentum-tracker/reports/2025-12-04_report.xlsx
[2025-12-04 15:12:24] Loaded 14 previous entries from /home/gokhan/Side-Projects/momentum-tracker/reports/2025-12-04_report.xlsx
[2025-12-04 15:12:24] Momentum Tracker started successfully.
[2025-12-04 15:15:04] Triggering popup at 15:15
[2025-12-04 15:30:04] Triggering popup at 15:30
[2025-12-04 15:42:44] Saved 15 entries to /home/gokhan/Side-Projects/momentum-tracker/reports/2025-12-04_report.xlsx
[2025-12-04 15:42:46] Saved 16 entries to /home/gokhan/Side-Projects/momentum-tracker/reports/2025-12-04_report.xlsx
[2025-12-04 15:45:04] Triggering popup at 15:45
[2025-12-04 15:45:06] Saved 17 entries to /home/gokhan/Side-Projects/momentum-tracker/reports/2025-12-04_report.xlsx
[2025-12-04 15:47:46] Loaded 17 previous entries from /home/gokhan/Side-Projects/momentum-tracker/reports/2025-12-04_report.xlsx
[2025-12-04 15:47:47] Momentum Tracker started successfully.
[2025-12-04 16:00:02] Triggering popup at 16:00
[2025-12-04 16:02:57] Saved 18 entries to /home/gokhan/Side-Projects/momentum-tracker/reports/2025-12-04_report.xlsx
[2025-12-04 16:02:58] Saved 19 entries to /home/gokhan/Side-Projects/momentum-tracker/reports/2025-12-04_report.xlsx
[2025-12-04 16:15:02] Triggering popup at 16:15
[2025-12-04 16:17:39] Saved 20 entries to /home/gokhan/Side-Projects/momentum-tracker/reports/2025-12-04_report.xlsx
[2025-12-04 16:30:02] Triggering popup at 16:30
[2025-12-04 16:30:17] Saved 21 entries to /home/gokhan/Side-Projects/momentum-tracker/reports/2025-12-04_report.xlsx
[2025-12-04 16:45:02] Triggering popup at 16:45
[2025-12-04 16:53:41] Saved 22 entries to /home/gokhan/Side-Projects/momentum-tracker/reports/2025-12-04_report.xlsx
[2025-12-04 17:00:02] Triggering popup at 17:00
[2025-12-04 17:03:29] Saved 23 entries to /home/gokhan/Side-Projects/momentum-tracker/reports/2025-12-04_report.xlsx
[2025-12-04 17:15:02] Triggering popup at 17:15
[2025-12-04 17:30:02] Triggering popup at 17:30
[2025-12-04 17:33:11] Saved 24 entries to /home/gokhan/Side-Projects/momentum-tracker/reports/2025-12-04_report.xlsx
[2025-12-04 17:33:13] Saved 25 entries to /home/gokhan/Side-Projects/momentum-tracker/reports/2025-12-04_report.xlsx
[2025-12-04 17:45:02] Triggering popup at 17:45
[2025-12-04 17:45:19] Saved 26 entries to /home/gokhan/Side-Projects/momentum-tracker/reports/2025-12-04_report.xlsx
[2025-12-04 18:00:02] Triggering popup at 18:00
[2025-12-04 18:00:14] Saved 27 entries to /home/gokhan/Side-Projects/momentum-tracker/reports/2025-12-04_report.xlsx
[2025-12-04 18:15:02] Triggering popup at 18:15
[2025-12-04 18:15:12] Saved 28 entries to /home/gokhan/Side-Projects/momentum-tracker/reports/2025-12-04_report.xlsx
[2025-12-04 18:30:02] Triggering popup at 18:30
[2025-12-04 18:30:05] Saved 29 entries to /home/gokhan/Side-Projects/momentum-tracker/reports/2025-12-04_report.xlsx
[2025-12-04 18:45:02] Triggering popup at 18:45
[2025-12-04 18:58:36] Saved 30 entries to /home/gokhan/Side-Projects/momentum-tracker/reports/2025-12-04_report.xlsx
[2025-12-04 19:00:02] Triggering popup at 19:00
[2025-12-04 19:00:10] Saved 31 entries to /home/gokhan/Side-Projects/momentum-tracker/reports/2025-12-04_report.xlsx
[2025-12-04 19:15:02] Triggering popup at 19:15
[2025-12-04 19:30:02] Triggering popup at 19:30
[2025-12-04 19:33:20] Saved 32 entries to /home/gokhan/Side-Projects/momentum-tracker/reports/2025-12-04_report.xlsx
[2025-12-04 19:33:22] Saved 33 entries to /home/gokhan/Side-Projects/momentum-tracker/reports/2025-12-04_report.xlsx
[2025-12-04 19:45:02] Triggering popup at 19:45
[2025-12-04 19:48:29] Saved 34 entries to /home/gokhan/Side-Projects/momentum-tracker/reports/2025-12-04_report.xlsx
[2025-12-04 20:00:02] Triggering popup at 20:00
[2025-12-04 20:15:02] Triggering popup at 20:15
[2025-12-04 20:15:52] Saved 35 entries to /home/gokhan/Side-Projects/momentum-tracker/reports/2025-12-04_report.xlsx
[2025-12-04 20:15:52] Saved 36 entries to /home/gokhan/Side-Projects/momentum-tracker/reports/2025-12-04_report.xlsx
[2025-12-04 20:30:02] Triggering popup at 20:30
[2025-12-04 20:37:53] Saved 37 entries to /home/gokhan/Side-Projects/momentum-tracker/reports/2025-12-04_report.xlsx
[2025-12-04 20:42:24] Loaded 37 previous entries from /home/gokhan/Side-Projects/momentum-tracker/reports/2025-12-04_report.xlsx
[2025-12-04 20:42:24] Momentum Tracker started successfully.
[2025-12-04 20:45:04] Triggering popup at 20:45
[2025-12-04 20:45:07] Saved 38 entries to /home/gokhan/Side-Projects/momentum-tracker/reports/2025-12-04_report.xlsx
[2025-12-04 21:00:04] Triggering popup at 21:00
[2025-12-04 21:00:07] Saved 39 entries to /home/gokhan/Side-Projects/momentum-tracker/reports/2025-12-04_report.xlsx
[2025-12-04 21:15:04] Triggering popup at 21:15
[2025-12-04 21:15:09] Saved 40 entries to /home/gokhan/Side-Projects/momentum-tracker/reports/2025-12-04_report.xlsx
[2025-12-04 21:30:04] Triggering popup at 21:30
[2025-12-04 21:30:45] Saved 41 entries to /home/gokhan/Side-Projects/momentum-tracker/reports/2025-12-04_report.xlsx
[2025-12-04 21:45:04] Triggering popup at 21:45
[2025-12-04 21:45:07] Saved 42 entries to /home/gokhan/Side-Projects/momentum-tracker/reports/2025-12-04_report.xlsx
[2025-12-04 22:00:04] Triggering popup at 22:00
[2025-12-04 22:00:07] Saved 43 entries to /home/gokhan/Side-Projects/momentum-tracker/reports/2025-12-04_report.xlsx
[2025-12-04 22:15:04] Triggering popup at 22:15
[2025-12-04 22:15:07] Saved 44 entries to /home/gokhan/Side-Projects/momentum-tracker/reports/2025-12-04_report.xlsx
[2025-12-04 22:30:04] Triggering popup at 22:30
[2025-12-04 22:30:07] Saved 45 entries to /home/gokhan/Side-Projects/momentum-tracker/reports/2025-12-04_report.xlsx
[2025-12-04 22:45:04] Triggering popup at 22:45
[2025-12-04 22:45:09] Saved 46 entries to /home/gokhan/Side-Projects/momentum-tracker/reports/2025-12-04_report.xlsx
[2025-12-04 23:00:04] Triggering popup at 23:00
[2025-12-04 23:00:24] Saved 47 entries to /home/gokhan/Side-Projects/momentum-tracker/reports/2025-12-04_report.xlsx
[2025-12-04 23:15:04] Triggering popup at 23:15
[2025-12-04 23:17:45] Saved 48 entries to /home/gokhan/Side-Projects/momentum-tracker/reports/2025-12-04_report.xlsx
[2025-12-04 23:30:04] Triggering popup at 23:30
[2025-12-04 23:36:20] Saved 49 entries to /home/gokhan/Side-Projects/momentum-tracker/reports/2025-12-04_report.xlsx
[2025-12-04 23:45:04] Triggering popup at 23:45
[2025-12-04 23:53:49] Saved 50 entries to /home/gokhan/Side-Projects/momentum-tracker/reports/2025-12-04_report.xlsx
[2025-12-05 00:00:04] Triggering popup at 00:00
[2025-12-05 00:00:06] Saved 51 entries to /home/gokhan/Side-Projects/momentum-tracker/reports/2025-12-05_report.xlsx
[2025-12-05 00:15:04] Triggering popup at 00:15
[2025-12-05 00:15:08] Saved 52 entries to /home/gokhan/Side-Projects/momentum-tracker/reports/2025-12-05_report.xlsx
[2025-12-05 00:30:04] Triggering popup at 00:30
[2025-12-05 00:30:08] Saved 53 entries to /home/gokhan/Side-Projects/momentum-tracker/reports/2025-12-05_report.xlsx
[2025-12-05 00:45:04] Triggering popup at 00:45
[2025-12-05 00:45:07] Saved 54 entries to /home/gokhan/Side-Projects/momentum-tracker/reports/2025-12-05_report.xlsx
[2025-12-05 01:00:04] Triggering popup at 01:00
[2025-12-05 01:15:04] Triggering popup at 01:15
[2025-12-05 01:30:04] Triggering popup at 01:30
[2025-12-05 09:55:50] Loaded 54 previous entries from /home/gokhan/Side-Projects/momentum-tracker/reports/2025-12-05_report.xlsx
[2025-12-05 09:55:50] Momentum Tracker started successfully.
[2025-12-05 10:00:00] Triggering popup at 10:00
[2025-12-05 10:11:30] Saved 55 entries to /home/gokhan/Side-Projects/momentum-tracker/reports/2025-12-05_report.xlsx
[2025-12-05 10:15:00] Triggering popup at 10:15
[2025-12-05 10:15:03] Saved 56 entries to /home/gokhan/Side-Projects/momentum-tracker/reports/2025-12-05_report.xlsx
[2025-12-05 10:30:00] Triggering popup at 10:30
[2025-12-05 10:30:03] Saved 57 entries to /home/gokhan/Side-Projects/momentum-tracker/reports/2025-12-05_report.xlsx
[2025-12-05 10:45:00] Triggering popup at 10:45
[2025-12-05 10:45:01] Saved 58 entries to /home/gokhan/Side-Projects/momentum-tracker/reports/2025-12-05_report.xlsx
[2025-12-05 11:00:00] Triggering popup at 11:00
[2025-12-05 11:15:00] Triggering popup at 11:15
[2025-12-05 11:30:00] Triggering popup at 11:30
[2025-12-05 11:33:43] Saved 59 entries to /home/gokhan/Side-Projects/momentum-tracker/reports/2025-12-05_report.xlsx
[2025-12-05 11:33:47] Saved 60 entries to /home/gokhan/Side-Projects/momentum-tracker/reports/2025-12-05_report.xlsx
[2025-12-05 11:33:50] Saved 61 entries to /home/gokhan/Side-Projects/momentum-tracker/reports/2025-12-05_report.xlsx
[2025-12-05 11:45:00] Triggering popup at 11:45
[2025-12-05 11:45:49] Saved 62 entries to /home/gokhan/Side-Projects/momentum-tracker/reports/2025-12-05_report.xlsx
[2025-12-05 12:00:00] Triggering popup at 12:00
[2025-12-05 12:01:50] Saved 63 entries to /home/gokhan/Side-Projects/momentum-tracker/reports/2025-12-05_report.xlsx
[2025-12-05 12:15:00] Triggering popup at 12:15
[2025-12-05 12:30:00] Triggering popup at 12:30
[2025-12-05 12:35:46] Saved 64 entries to /home/gokhan/Side-Projects/momentum-tracker/reports/2025-12-05_report.xlsx
[2025-12-05 12:35:47] Saved 65 entries to /home/gokhan/Side-Projects/momentum-tracker/reports/2025-12-05_report.xlsx
[2025-12-05 12:45:00] Triggering popup at 12:45
[2025-12-05 12:45:07] Saved 66 entries to /home/gokhan/Side-Projects/momentum-tracker/reports/2025-12-05_report.xlsx
[2025-12-05 13:00:00] Triggering popup at 13:00
[2025-12-05 13:00:02] Saved 67 entries to /home/gokhan/Side-Projects/momentum-tracker/reports/2025-12-05_report.xlsx
[2025-12-05 13:15:00] Triggering popup at 13:15
[2025-12-05 13:15:03] Saved 68 entries to /home/gokhan/Side-Projects/momentum-tracker/reports/2025-12-05_report.xlsx
[2025-12-05 13:30:00] Triggering popup at 13:30
[2025-12-05 13:30:03] Saved 69 entries to /home/gokhan/Side-Projects/momentum-tracker/reports/2025-12-05_report.xlsx
[2025-12-05 13:45:00] Triggering popup at 13:45
[2025-12-05 13:47:59] Saved 70 entries to /home/gokhan/Side-Projects/momentum-tracker/reports/2025-12-05_report.xlsx
[2025-12-05 14:00:00] Triggering popup at 14:00
[2025-12-05 14:00:04] Saved 71 entries to /home/gokhan/Side-Projects/momentum-tracker/reports/2025-12-05_report.xlsx
[2025-12-05 14:15:00] Triggering popup at 14:15
[2025-12-05 14:30:00] Triggering popup at 14:30
[2025-12-05 14:30:03] Saved 72 entries to /home/gokhan/Side-Projects/momentum-tracker/reports/2025-12-05_report.xlsx
[2025-12-05 14:30:05] Saved 73 entries to /home/gokhan/Side-Projects/momentum-tracker/reports/2025-12-05_report.xlsx
[2025-12-05 14:45:00] Triggering popup at 14:45
[2025-12-05 14:56:00] Saved 74 entries to /home/gokhan/Side-Projects/momentum-tracker/reports/2025-12-05_report.xlsx
[2025-12-05 15:00:00] Triggering popup at 15:00
[2025-12-05 15:15:00] Triggering popup at 15:15
[2025-12-05 15:16:29] Saved 75 entries to /home/gokhan/Side-Projects/momentum-tracker/reports/2025-12-05_report.xlsx
[2025-12-05 15:26:51] Saved 76 entries to /home/gokhan/Side-Projects/momentum-tracker/reports/2025-12-05_report.xlsx
[2025-12-05 15:30:00] Triggering popup at 15:30
[2025-12-05 15:30:08] Saved 77 entries to /home/gokhan/Side-Projects/momentum-tracker/reports/2025-12-05_report.xlsx
[2025-12-05 15:45:00] Triggering popup at 15:45
[2025-12-05 16:00:00] Triggering popup at 16:00
[2025-12-05 16:15:00] Triggering popup at 16:15
[2025-12-05 16:29:36] Saved 78 entries to /home/gokhan/Side-Projects/momentum-tracker/reports/2025-12-05_report.xlsx
[2025-12-05 16:29:39] Saved 79 entries to /home/gokhan/Side-Projects/momentum-tracker/reports/2025-12-05_report.xlsx
[2025-12-05 16:29:41] Saved 80 entries to /home/gokhan/Side-Projects/momentum-tracker/reports/2025-12-05_report.xlsx
[2025-12-05 16:30:00] Triggering popup at 16:30
[2025-12-05 16:37:04] Saved 81 entries to /home/gokhan/Side-Projects/momentum-tracker/reports/2025-12-05_report.xlsx
[2025-12-05 16:45:00] Triggering popup at 16:45
[2025-12-05 16:45:03] Saved 82 entries to /home/gokhan/Side-Projects/momentum-tracker/reports/2025-12-05_report.xlsx
[2025-12-05 17:00:01] Triggering popup at 17:00
[2025-12-05 17:00:25] Saved 83 entries to /home/gokhan/Side-Projects/momentum-tracker/reports/2025-12-05_report.xlsx
[2025-12-05 17:15:01] Triggering popup at 17:15
[2025-12-05 17:15:04] Saved 84 entries to /home/gokhan/Side-Projects/momentum-tracker/reports/2025-12-05_report.xlsx
[2025-12-05 17:30:01] Triggering popup at 17:30
[2025-12-05 17:30:09] Saved 85 entries to /home/gokhan/Side-Projects/momentum-tracker/reports/2025-12-05_report.xlsx
[2025-12-05 17:45:01] Triggering popup at 17:45
[2025-12-05 17:45:04] Saved 86 entries to /home/gokhan/Side-Projects/momentum-tracker/reports/2025-12-05_report.xlsx
[2025-12-05 18:00:01] Triggering popup at 18:00
[2025-12-05 18:00:09] Saved 87 entries to /home/gokhan/Side-Projects/momentum-tracker/reports/2025-12-05_report.xlsx
[2025-12-05 18:15:01] Triggering popup at 18:15
[2025-12-05 18:27:28] Saved 88 entries to /home/gokhan/Side-Projects/momentum-tracker/reports/2025-12-05_report.xlsx
[2025-12-05 18:30:01] Triggering popup at 18:30
[2025-12-05 18:31:03] Saved 89 entries to /home/gokhan/Side-Projects/momentum-tracker/reports/2025-12-05_report.xlsx
[2025-12-05 18:45:01] Triggering popup at 18:45
[2025-12-05 18:45:04] Saved 90 entries to /home/gokhan/Side-Projects/momentum-tracker/reports/2025-12-05_report.xlsx
[2025-12-05 19:00:01] Triggering popup at 19:00
[2025-12-05 19:02:09] Saved 91 entries to /home/gokhan/Side-Projects/momentum-tracker/reports/2025-12-05_report.xlsx
[2025-12-05 19:15:01] Triggering popup at 19:15
[2025-12-05 19:15:13] Saved 92 entries to /home/gokhan/Side-Projects/momentum-tracker/reports/2025-12-05_report.xlsx
[2025-12-05 19:30:01] Triggering popup at 19:30
[2025-12-05 19:30:04] Saved 93 entries to /home/gokhan/Side-Projects/momentum-tracker/reports/2025-12-05_report.xlsx
[2025-12-05 19:45:01] Triggering popup at 19:45
[2025-12-05 19:55:19] Saved 94 entries to /home/gokhan/Side-Projects/momentum-tracker/reports/2025-12-05_report.xlsx
[2025-12-05 20:00:01] Triggering popup at 20:00
[2025-12-05 20:02:07] Saved 95 entries to /home/gokhan/Side-Projects/momentum-tracker/reports/2025-12-05_report.xlsx
[2025-12-05 20:15:01] Triggering popup at 20:15
[2025-12-05 20:18:08] Saved 96 entries to /home/gokhan/Side-Projects/momentum-tracker/reports/2025-12-05_report.xlsx
[2025-12-06 02:12:53] Momentum Tracker started successfully.
[2025-12-06 06:38:42] Momentum Tracker started successfully.
[2025-12-06 06:45:02] Triggering popup at 06:45
[2025-12-06 07:00:02] Triggering popup at 07:00
[2025-12-06 07:15:02] Triggering popup at 07:15
[2025-12-06 07:30:02] Triggering popup at 07:30
[2025-12-06 07:45:02] Triggering popup at 07:45
[2025-12-06 08:00:02] Triggering popup at 08:00
[2025-12-06 08:15:02] Triggering popup at 08:15
[2025-12-06 08:15:09] Saved 1 entries to /home/gokhan/Side-Projects/momentum-tracker/reports/2025-12-06_report.xlsx
[2025-12-06 08:30:02] Triggering popup at 08:30
[2025-12-06 08:30:09] Saved 2 entries to /home/gokhan/Side-Projects/momentum-tracker/reports/2025-12-06_report.xlsx
[2025-12-06 08:45:02] Triggering popup at 08:45
[2025-12-06 08:52:57] Saved 3 entries to /home/gokhan/Side-Projects/momentum-tracker/reports/2025-12-06_report.xlsx
[2025-12-06 09:00:02] Triggering popup at 09:00
[2025-12-06 09:15:02] Triggering popup at 09:15
[2025-12-06 09:30:02] Triggering popup at 09:30
[2025-12-06 09:45:02] Triggering popup at 09:45
[2025-12-06 10:00:03] Triggering popup at 10:00
[2025-12-06 10:00:09] Saved 4 entries to /home/gokhan/Side-Projects/momentum-tracker/reports/2025-12-06_report.xlsx
[2025-12-06 10:15:03] Triggering popup at 10:15
[2025-12-06 10:15:09] Saved 5 entries to /home/gokhan/Side-Projects/momentum-tracker/reports/2025-12-06_report.xlsx
[2025-12-06 10:30:03] Triggering popup at 10:30
[2025-12-06 10:45:03] Triggering popup at 10:45
[2025-12-06 11:00:03] Triggering popup at 11:00
[2025-12-06 11:15:03] Triggering popup at 11:15
[2025-12-06 11:15:06] Saved 6 entries to /home/gokhan/Side-Projects/momentum-tracker/reports/2025-12-06_report.xlsx
[2025-12-06 11:30:03] Triggering popup at 11:30
[2025-12-06 11:30:13] Saved 7 entries to /home/gokhan/Side-Projects/momentum-tracker/reports/2025-12-06_report.xlsx
[2025-12-06 14:28:14] Loaded 7 previous entries from /home/gokhan/Side-Projects/momentum-tracker/reports/2025-12-06_report.xlsx
[2025-12-06 14:28:14] Momentum Tracker started successfully.
[2025-12-06 14:30:04] Triggering popup at 14:30
[2025-12-06 14:35:53] Saved 8 entries to /home/gokhan/Side-Projects/momentum-tracker/reports/2025-12-06_report.xlsx
[2025-12-06 14:45:04] Triggering popup at 14:45
[2025-12-06 14:45:07] Saved 9 entries to /home/gokhan/Side-Projects/momentum-tracker/reports/2025-12-06_report.xlsx
[2025-12-06 15:00:04] Triggering popup at 15:00
[2025-12-06 15:15:04] Triggering popup at 15:15
[2025-12-06 15:15:56] Saved 10 entries to /home/gokhan/Side-Projects/momentum-tracker/reports/2025-12-06_report.xlsx
[2025-12-06 15:15:58] Saved 11 entries to /home/gokhan/Side-Projects/momentum-tracker/reports/2025-12-06_report.xlsx
[2025-12-06 15:30:04] Triggering popup at 15:30
[2025-12-06 15:45:04] Triggering popup at 15:45
[2025-12-06 16:00:04] Triggering popup at 16:00
[2025-12-06 16:15:04] Triggering popup at 16:15
[2025-12-06 16:30:04] Triggering popup at 16:30
[2025-12-06 16:45:04] Triggering popup at 16:45
[2025-12-06 17:00:04] Triggering popup at 17:00
[2025-12-06 17:15:04] Triggering popup at 17:15
[2025-12-06 17:30:04] Triggering popup at 17:30
[2025-12-06 17:45:04] Triggering popup at 17:45
[2025-12-06 18:00:04] Triggering popup at 18:00
[2025-12-06 18:00:08] Saved 12 entries to /home/gokhan/Side-Projects/momentum-tracker/reports/2025-12-06_report.xlsx
[2025-12-06 18:15:04] Triggering popup at 18:15
[2025-12-06 18:15:12] Saved 13 entries to /home/gokhan/Side-Projects/momentum-tracker/reports/2025-12-06_report.xlsx
[2025-12-06 18:30:04] Triggering popup at 18:30
[2025-12-06 18:30:13] Saved 14 entries to /home/gokhan/Side-Projects/momentum-tracker/reports/2025-12-06_report.xlsx
[2025-12-06 18:45:04] Triggering popup at 18:45
[2025-12-06 19:00:04] Triggering popup at 19:00
[2025-12-06 19:10:14] Saved 15 entries to /home/gokhan/Side-Projects/momentum-tracker/reports/2025-12-06_report.xlsx
[2025-12-06 19:15:04] Triggering popup at 19:15
[2025-12-06 19:27:45] Saved 16 entries to /home/gokhan/Side-Projects/momentum-tracker/reports/2025-12-06_report.xlsx
[2025-12-06 19:30:04] Triggering popup at 19:30
[2025-12-06 19:30:06] Saved 17 entries to /home/gokhan/Side-Projects/momentum-tracker/reports/2025-12-06_report.xlsx
[2025-12-06 19:45:04] Triggering popup at 19:45
[2025-12-06 19:45:09] Saved 18 entries to /home/gokhan/Side-Projects/momentum-tracker/reports/2025-12-06_report.xlsx
[2025-12-06 20:00:04] Triggering popup at 20:00
[2025-12-06 20:00:28] Saved 19 entries to /home/gokhan/Side-Projects/momentum-tracker/reports/2025-12-06_report.xlsx
[2025-12-06 20:15:04] Triggering popup at 20:15
[2025-12-06 20:15:31] Saved 20 entries to /home/gokhan/Side-Projects/momentum-tracker/reports/2025-12-06_report.xlsx
[2025-12-06 20:30:04] Triggering popup at 20:30
[2025-12-06 20:45:04] Triggering popup at 20:45
[2025-12-06 21:00:04] Triggering popup at 21:00
[2025-12-06 21:15:04] Triggering popup at 21:15
[2025-12-06 21:30:00] Triggering popup at 21:30
[2025-12-06 21:45:00] Triggering popup at 21:45
[2025-12-06 22:00:00] Triggering popup at 22:00
[2025-12-06 22:00:10] Saved 21 entries to /home/gokhan/Side-Projects/momentum-tracker/reports/2025-12-06_report.xlsx
[2025-12-06 22:15:00] Triggering popup at 22:15
[2025-12-06 22:15:04] Saved 22 entries to /home/gokhan/Side-Projects/momentum-tracker/reports/2025-12-06_report.xlsx
[2025-12-06 22:30:00] Triggering popup at 22:30
[2025-12-06 22:30:05] Saved 23 entries to /home/gokhan/Side-Projects/momentum-tracker/reports/2025-12-06_report.xlsx
[2025-12-06 22:45:00] Triggering popup at 22:45
[2025-12-06 22:45:06] Saved 24 entries to /home/gokhan/Side-Projects/momentum-tracker/reports/2025-12-06_report.xlsx
[2025-12-06 23:01:04] Loaded 24 previous entries from /home/gokhan/Side-Projects/momentum-tracker/reports/2025-12-06_report.xlsx
[2025-12-06 23:01:04] Momentum Tracker started successfully.
[2025-12-06 23:15:04] Triggering popup at 23:15
[2025-12-06 23:15:15] Saved 25 entries to /home/gokhan/Side-Projects/momentum-tracker/reports/2025-12-06_report.xlsx
[2025-12-06 23:30:04] Triggering popup at 23:30
[2025-12-06 23:30:09] Saved 26 entries to /home/gokhan/Side-Projects/momentum-tracker/reports/2025-12-06_report.xlsx
[2025-12-06 23:45:04] Triggering popup at 23:45
[2025-12-06 23:46:41] Saved 27 entries to /home/gokhan/Side-Projects/momentum-tracker/reports/2025-12-06_report.xlsx
[2025-12-07 00:00:04] Triggering popup at 00:00
[2025-12-07 00:00:09] Saved 28 entries to /home/gokhan/Side-Projects/momentum-tracker/reports/2025-12-07_report.xlsx
[2025-12-07 00:15:04] Triggering popup at 00:15
[2025-12-07 00:15:25] Saved 29 entries to /home/gokhan/Side-Projects/momentum-tracker/reports/2025-12-07_report.xlsx
[2025-12-07 00:30:04] Triggering popup at 00:30
[2025-12-07 00:30:08] Saved 30 entries to /home/gokhan/Side-Projects/momentum-tracker/reports/2025-12-07_report.xlsx
[2025-12-07 00:45:04] Triggering popup at 00:45
[2025-12-07 00:45:08] Saved 31 entries to /home/gokhan/Side-Projects/momentum-tracker/reports/2025-12-07_report.xlsx
[2025-12-07 01:00:04] Triggering popup at 01:00
[2025-12-07 01:00:14] Saved 32 entries to /home/gokhan/Side-Projects/momentum-tracker/reports/2025-12-07_report.xlsx
[2025-12-07 01:15:04] Triggering popup at 01:15
[2025-12-07 01:15:21] Saved 33 entries to /home/gokhan/Side-Projects/momentum-tracker/reports/2025-12-07_report.xlsx
[2025-12-07 01:30:04] Triggering popup at 01:30
[2025-12-07 01:30:12] Saved 34 entries to /home/gokhan/Side-Projects/momentum-tracker/reports/2025-12-07_report.xlsx
[2025-12-07 01:45:04] Triggering popup at 01:45
[2025-12-07 01:45:08] Saved 35 entries to /home/gokhan/Side-Projects/momentum-tracker/reports/2025-12-07_report.xlsx
[2025-12-07 02:00:04] Triggering popup at 02:00
[2025-12-07 02:07:00] Saved 36 entries to /home/gokhan/Side-Projects/momentum-tracker/reports/2025-12-07_report.xlsx
[2025-12-07 02:15:04] Triggering popup at 02:15
[2025-12-07 02:15:10] Saved 37 entries to /home/gokhan/Side-Projects/momentum-tracker/reports/2025-12-07_report.xlsx
[2025-12-07 02:30:04] Triggering popup at 02:30
[2025-12-07 02:45:04] Triggering popup at 02:45
[2025-12-07 03:00:04] Triggering popup at 03:00
[2025-12-07 03:11:43] Saved 38 entries to /home/gokhan/Side-Projects/momentum-tracker/reports/2025-12-07_report.xlsx
[2025-12-07 03:15:04] Triggering popup at 03:15
[2025-12-07 03:15:10] Saved 39 entries to /home/gokhan/Side-Projects/momentum-tracker/reports/2025-12-07_report.xlsx
[2025-12-07 03:30:04] Triggering popup at 03:30
[2025-12-07 03:30:11] Saved 40 entries to /home/gokhan/Side-Projects/momentum-tracker/reports/2025-12-07_report.xlsx
[2025-12-07 03:45:04] Triggering popup at 03:45
[2025-12-07 03:45:09] Saved 41 entries to /home/gokhan/Side-Projects/momentum-tracker/reports/2025-12-07_report.xlsx
[2025-12-07 04:00:04] Triggering popup at 04:00
[2025-12-07 04:00:13] Saved 42 entries to /home/gokhan/Side-Projects/momentum-tracker/reports/2025-12-07_report.xlsx
[2025-12-07 04:15:04] Triggering popup at 04:15
[2025-12-07 04:15:12] Saved 43 entries to /home/gokhan/Side-Projects/momentum-tracker/reports/2025-12-07_report.xlsx
[2025-12-07 04:30:04] Triggering popup at 04:30
[2025-12-07 04:30:16] Saved 44 entries to /home/gokhan/Side-Projects/momentum-tracker/reports/2025-12-07_report.xlsx
[2025-12-07 04:45:04] Triggering popup at 04:45
[2025-12-07 12:48:03] Loaded 44 previous entries from /home/gokhan/Side-Projects/momentum-tracker/reports/2025-12-07_report.xlsx
[2025-12-07 12:48:03] Momentum Tracker started successfully.
[2025-12-07 13:00:03] Triggering popup at 13:00
[2025-12-07 13:00:10] Saved 45 entries to /home/gokhan/Side-Projects/momentum-tracker/reports/2025-12-07_report.xlsx
[2025-12-07 13:15:03] Triggering popup at 13:15
[2025-12-07 13:30:03] Triggering popup at 13:30
[2025-12-07 13:45:03] Triggering popup at 13:45
[2025-12-07 14:00:04] Triggering popup at 14:00
[2025-12-07 14:15:04] Triggering popup at 14:15
[2025-12-07 14:30:04] Triggering popup at 14:30
[2025-12-07 14:45:04] Triggering popup at 14:45
[2025-12-07 15:00:04] Triggering popup at 15:00
[2025-12-07 15:15:04] Triggering popup at 15:15
[2025-12-07 15:30:04] Triggering popup at 15:30
[2025-12-07 15:45:04] Triggering popup at 15:45
[2025-12-07 16:00:04] Triggering popup at 16:00
[2025-12-07 16:15:04] Triggering popup at 16:15
[2025-12-07 16:30:04] Triggering popup at 16:30
[2025-12-07 16:45:04] Triggering popup at 16:45
[2025-12-07 17:00:04] Triggering popup at 17:00
[2025-12-07 17:00:08] Saved 46 entries to /home/gokhan/Side-Projects/momentum-tracker/reports/2025-12-07_report.xlsx
[2025-12-07 17:15:04] Triggering popup at 17:15
[2025-12-07 17:17:35] Saved 47 entries to /home/gokhan/Side-Projects/momentum-tracker/reports/2025-12-07_report.xlsx
[2025-12-07 17:30:04] Triggering popup at 17:30
[2025-12-07 17:35:02] Saved 48 entries to /home/gokhan/Side-Projects/momentum-tracker/reports/2025-12-07_report.xlsx
[2025-12-07 17:45:04] Triggering popup at 17:45
[2025-12-07 17:45:07] Saved 49 entries to /home/gokhan/Side-Projects/momentum-tracker/reports/2025-12-07_report.xlsx
[2025-12-07 18:00:04] Triggering popup at 18:00
[2025-12-07 18:07:02] Saved 50 entries to /home/gokhan/Side-Projects/momentum-tracker/reports/2025-12-07_report.xlsx
[2025-12-07 18:15:04] Triggering popup at 18:15
[2025-12-07 18:27:42] Saved 51 entries to /home/gokhan/Side-Projects/momentum-tracker/reports/2025-12-07_report.xlsx
[2025-12-07 18:30:04] Triggering popup at 18:30
[2025-12-07 18:30:23] Saved 52 entries to /home/gokhan/Side-Projects/momentum-tracker/reports/2025-12-07_report.xlsx
[2025-12-07 18:41:24] Loaded 52 previous entries from /home/gokhan/Side-Projects/momentum-tracker/reports/2025-12-07_report.xlsx
[2025-12-07 18:41:24] Momentum Tracker started successfully.
[2025-12-07 19:03:13] Loaded 52 previous entries from /home/gokhan/Side-Projects/momentum-tracker/reports/2025-12-07_report.xlsx
[2025-12-07 19:03:13] Momentum Tracker started successfully.
